"tabela","ordem","coluna","tipo","max_length","precision","scale","is_nullable","is_identity","padrao"
"Acabamento","1","CodAcabamento","nvarchar","20","0","0","False","False",""
"Acabamento","2","DescAcabamento","nvarchar","70","0","0","True","False",""
"Acabamento","3","usr_cod_criacao","int","4","10","0","True","False",""
"Acabamento","4","usr_dt_hr_criacao","smalldatetime","4","16","0","True","False",""
"Acabamento","5","usr_cod_alteracao","int","4","10","0","True","False",""
"Acabamento","6","usr_dt_hr_alteracao","smalldatetime","4","16","0","True","False",""
"Acabamento","7","Acab_situacao","char","1","0","0","True","False",""
"Acabamento","8","Emp_codigo","int","4","10","0","True","False",""
"Acabamento","9","DescAcabamento2","varchar","35","0","0","True","False",""
"Acabamento","10","acab_tipo","varchar","1","0","0","True","False",""
"Acabamento","11","acab_tipo2","varchar","1","0","0","True","False",""
"acerto_eletrecistas","1","ael_codigo","float","8","53","0","False","False",""
"acerto_eletrecistas","2","ped_ped_codigo","float","8","53","0","True","False",""
"acerto_eletrecistas","3","ped_desc_por_servico","money","8","19","4","True","False",""
"acerto_eletrecistas","4","ael_total_servicos","money","8","19","4","True","False",""
"acerto_eletrecistas","5","ael_vlr_adto1","money","8","19","4","True","False",""
"acerto_eletrecistas","6","ael_data_adto1","smalldatetime","4","16","0","True","False",""
"acerto_eletrecistas","7","ael_vlr_adto2","money","8","19","4","True","False",""
"acerto_eletrecistas","8","ael_data_adto2","smalldatetime","4","16","0","True","False",""
"acerto_eletrecistas","9","ael_vlr_adto3","money","8","19","4","True","False",""
"acerto_eletrecistas","10","ael_data_adto3","smalldatetime","4","16","0","True","False",""
"acerto_eletrecistas","11","ael_data_acerto_final","smalldatetime","4","16","0","True","False",""
"acerto_eletrecistas","12","ael_total_recebido","money","8","19","4","True","False",""
"acerto_eletrecistas","13","ael_concluido","bit","1","1","0","True","False",""
"acerto_eletrecistas","14","usr_cod_criacao","int","4","10","0","True","False",""
"acerto_eletrecistas","15","usr_dt_hr_criacao","datetime","8","23","3","True","False",""
"acerto_eletrecistas","16","usr_cod_alteracao","int","4","10","0","True","False",""
"acerto_eletrecistas","17","usr_dt_hr_Alteracao","datetime","8","23","3","True","False",""
"acerto_eletrecistas","18","Ael_obs","text","16","0","0","True","False",""
"acerto_eletrecistas","19","ael_total_pago","money","8","19","4","True","False",""
"acerto_eletrecistas","20","ParSV_serie","char","3","0","0","True","False",""
"acerto_eletrecistas_det","1","aes_codigo","float","8","53","0","True","False",""
"acerto_eletrecistas_det","2","ael_codigo","float","8","53","0","False","False",""
"acerto_eletrecistas_det","3","aed_codigo","int","4","10","0","False","False",""
"acerto_eletrecistas_det","4","aed_qtde","int","4","10","0","True","False",""
"acerto_eletrecistas_det","5","aed_valor_acerto","money","8","19","4","True","False",""
"acerto_eletrecistas_det","6","aed_data_acerto","smalldatetime","4","16","0","True","False",""
"acerto_eletrecistas_det","7","usr_cod_criacao","int","4","10","0","True","False",""
"acerto_eletrecistas_det","8","usr_dt_hr_criacao","datetime","8","23","3","True","False",""
"acerto_eletrecistas_det","9","usr_cod_alteracao","int","4","10","0","True","False",""
"acerto_eletrecistas_det","10","usr_dt_hr_Alteracao","datetime","8","23","3","True","False",""
"acerto_eletrecistas_det","11","aed_operacao","varchar","7","0","0","True","False",""
"acerto_eletrecistas_det","12","Edv_codigo","float","8","53","0","True","False",""
"acerto_eletrecistas_det","13","Scp_codigo","float","8","53","0","True","False",""
"acerto_eletrecistas_servicos","1","ael_codigo","float","8","53","0","False","False",""
"acerto_eletrecistas_servicos","2","aes_codigo","float","8","53","0","False","False",""
"acerto_eletrecistas_servicos","3","ped_codigo_pre","float","8","53","0","False","False",""
"acerto_eletrecistas_servicos","4","pse_quantidade","int","4","10","0","True","False",""
"acerto_eletrecistas_servicos","5","pse_descricao","nvarchar","120","0","0","True","False",""
"acerto_eletrecistas_servicos","6","aes_vl_unitario","money","8","19","4","True","False",""
"acerto_eletrecistas_servicos","7","pse_vl_eletrecista","money","8","19","4","True","False",""
"acerto_eletrecistas_servicos","8","aes_diferenca","int","4","10","0","True","False",""
"acerto_eletrecistas_servicos","9","aes_serv_alterado","bit","1","1","0","True","False",""
"acerto_eletrecistas_servicos","10","sev_cod","int","4","10","0","True","False",""
"AltValorTabela","1","AltValTab_codigo","float","8","53","0","False","False",""
"AltValorTabela","2","AltValTab_Produto","varchar","25","0","0","False","False",""
"AltValorTabela","3","AltValTab_Acabamento","varchar","6","0","0","False","False",""
"AltValorTabela","4","For_codigo","int","4","10","0","False","False",""
"AltValorTabela","5","AltValTab_ValorAntigo","float","8","53","0","False","False",""
"AltValorTabela","6","AltValTab_ValorNovo","float","8","53","0","False","False",""
"AltValorTabela","7","AltValTab_Banco","varchar","10","0","0","False","False",""
"AltValorTabela","8","usr_cod_criacao","int","4","10","0","True","False",""
"AltValorTabela","9","usr_dt_hr_criacao","datetime","8","23","3","False","False",""
"AltValorTabela","10","AltValTab_indice","nvarchar","40","0","0","False","False",""
"Ambiente","1","CodAmbiente","int","4","10","0","False","False","(0)"
"Ambiente","2","DescAmbiente","nvarchar","70","0","0","True","False",""
"Ambiente","3","usr_cod_criacao","int","4","10","0","True","False",""
"Ambiente","4","usr_dt_hr_criacao","smalldatetime","4","16","0","True","False",""
"Ambiente","5","usr_cod_alteracao","int","4","10","0","True","False",""
"Ambiente","6","usr_dt_hr_alteracao","smalldatetime","4","16","0","True","False",""
"Ambiente","7","Amb_situacao","char","1","0","0","True","False",""
"Ambiente","8","Emp_codigo","int","4","10","0","True","False",""
"Assistencia_Tecnica","1","ASTEC_Codigo","float","8","53","0","False","False",""
"Assistencia_Tecnica","2","Cli_Codigo","int","4","10","0","True","False",""
"Assistencia_Tecnica","3","For_Codigo","int","4","10","0","True","False",""
"Assistencia_Tecnica","4","ASTEC_Data","datetime","8","23","3","True","False",""
"Assistencia_Tecnica","5","ASTEC_DataConclusao","datetime","8","23","3","True","False",""
"Assistencia_Tecnica","6","Ven_CodigoPre","float","8","53","0","True","False",""
"Assistencia_Tecnica","7","usr_cod_criacao","int","4","10","0","True","False",""
"Assistencia_Tecnica","8","usr_dt_hr_criacao","datetime","8","23","3","True","False",""
"Assistencia_Tecnica","9","usr_cod_alteracao","int","4","10","0","True","False",""
"Assistencia_Tecnica","10","usr_dt_hr_alteracao","datetime","8","23","3","True","False",""
"Assistencia_Tecnica","11","Emp_codigo","int","4","10","0","True","False",""
"Assistencia_Tecnica","12","ASTEC_Situacao","bit","1","1","0","True","False",""
"Assistencia_TecnicaMovimentacao","1","ASTECMov_Codigo","float","8","53","0","False","False",""
"Assistencia_TecnicaMovimentacao","2","ASTEC_Codigo","float","8","53","0","True","False",""
"Assistencia_TecnicaMovimentacao","3","ASTECMov_Data","datetime","8","23","3","True","False",""
"Assistencia_TecnicaMovimentacao","4","ASTECMov_Nota","ntext","16","0","0","True","False",""
"Assistencia_TecnicaMovimentacao","5","ASTECMov_Tipo","nvarchar","200","0","0","True","False",""
"Assistencia_TecnicaMovimentacao","6","usr_cod_criacao","int","4","10","0","True","False",""
"Assistencia_TecnicaMovimentacao","7","usr_dt_hr_criacao","datetime","8","23","3","True","False",""
"Assistencia_TecnicaMovimentacao","8","usr_cod_alteracao","int","4","10","0","True","False",""
"Assistencia_TecnicaMovimentacao","9","usr_dt_hr_alteracao","datetime","8","23","3","True","False",""
"Assistencia_TecnicaMovimentacao","10","Emp_codigo","int","4","10","0","True","False",""
"Assistencia_TecnicaNota","1","ASTECNota_Codigo","float","8","53","0","False","False",""
"Assistencia_TecnicaNota","2","ASTEC_Codigo","float","8","53","0","True","False",""
"Assistencia_TecnicaNota","3","ASTECNota_Numero","float","8","53","0","True","False",""
"Assistencia_TecnicaNota","4","ASTECNota_DataEmissao","datetime","8","23","3","True","False",""
"Assistencia_TecnicaNota","5","ASTECNota_Tipo","nvarchar","200","0","0","True","False",""
"Assistencia_TecnicaNota","6","usr_cod_criacao","int","4","10","0","True","False",""
"Assistencia_TecnicaNota","7","usr_dt_hr_criacao","datetime","8","23","3","True","False",""
"Assistencia_TecnicaNota","8","usr_cod_alteracao","int","4","10","0","True","False",""
"Assistencia_TecnicaNota","9","usr_dt_hr_alteracao","datetime","8","23","3","True","False",""
"Assistencia_TecnicaNota","10","Emp_codigo","int","4","10","0","True","False",""
"Assistencia_TecnicaProdutos","1","ASTECProd_Codigo","float","8","53","0","False","False",""
"Assistencia_TecnicaProdutos","2","ASTEC_Codigo","float","8","53","0","True","False",""
"Assistencia_TecnicaProdutos","3","Pro_codnosso","nvarchar","40","0","0","True","False",""
"Assistencia_TecnicaProdutos","4","CodAcabamento","nvarchar","20","0","0","True","False",""
"Assistencia_TecnicaProdutos","5","ASTECProd_quantidade","float","8","53","0","True","False",""
"Assistencia_TecnicaProdutos","6","ASTECProd_Motivo","ntext","16","0","0","True","False",""
"Assistencia_TecnicaProdutos","7","usr_cod_criacao","int","4","10","0","True","False",""
"Assistencia_TecnicaProdutos","8","usr_dt_hr_criacao","datetime","8","23","3","True","False",""
"Assistencia_TecnicaProdutos","9","usr_cod_alteracao","int","4","10","0","True","False",""
"Assistencia_TecnicaProdutos","10","usr_dt_hr_alteracao","datetime","8","23","3","True","False",""
"Assistencia_TecnicaProdutos","11","Emp_codigo","int","4","10","0","True","False",""
"AutorizaInclusao","1","Ain_codigo","float","8","53","0","False","False",""
"AutorizaInclusao","2","cli_codigo","int","4","10","0","True","False",""
"AutorizaInclusao","3","Ain_arquiteta","float","8","53","0","True","False",""
"AutorizaInclusao","4","Ain_eletricista","float","8","53","0","True","False",""
"AutorizaInclusao","5","Ain_vendedor","float","8","53","0","True","False",""
"AutorizaInclusao","6","Ind_codigo","int","4","10","0","True","False",""
"AutorizaInclusao","7","Ain_dt_emissao","smalldatetime","4","16","0","True","False",""
"AutorizaInclusao","8","Ain_dt_validade","smalldatetime","4","16","0","True","False",""
"AutorizaInclusao","9","Ain_dt_fechamento","smalldatetime","4","16","0","True","False",""
"AutorizaInclusao","10","Ain_Descricao","nvarchar","100","0","0","True","False",""
"AutorizaInclusao","11","Ain_Endereco","nvarchar","100","0","0","True","False",""
"AutorizaInclusao","12","Ain_numero","nvarchar","20","0","0","True","False",""
"AutorizaInclusao","13","Ain_complemento","nvarchar","80","0","0","True","False",""
"AutorizaInclusao","14","Ain_Bairro","nvarchar","50","0","0","True","False",""
"AutorizaInclusao","15","Ain_Cidade","nvarchar","50","0","0","True","False",""
"AutorizaInclusao","16","Ain_UF","nvarchar","4","0","0","True","False",""
"AutorizaInclusao","17","Ain_CEP","nvarchar","28","0","0","True","False",""
"AutorizaInclusao","18","Ain_tl_luminaria","money","8","19","4","True","False",""
"AutorizaInclusao","19","Ain_tl_materiais","money","8","19","4","True","False",""
"AutorizaInclusao","20","Ain_tl_servico","money","8","19","4","True","False",""
"AutorizaInclusao","21","Ain_tl_autorizacao","money","8","19","4","True","False",""
"AutorizaInclusao","22","Ain_status","varchar","1","0","0","True","False",""
"AutorizaInclusao","23","Ain_projeto","float","8","53","0","True","False",""
"AutorizaInclusao","24","Ain_cliente","varchar","45","0","0","True","False",""
"AutorizaInclusao","25","usr_cod_criacao","int","4","10","0","True","False",""
"AutorizaInclusao","26","usr_dt_hr_criacao","smalldatetime","4","16","0","True","False",""
"AutorizaInclusao","27","usr_cod_alteracao","int","4","10","0","True","False",""
"AutorizaInclusao","28","usr_dt_hr_alteracao","smalldatetime","4","16","0","True","False",""
"AutorizaInclusao","29","Obr_Codigo","float","8","53","0","True","False",""
"AutorizaInclusao","30","CatVen_Codigo","int","4","10","0","True","False",""
"AutorizaInclusao_Servicos","1","Ain_codigo","float","8","53","0","False","False",""
"AutorizaInclusao_Servicos","2","Ais_item","int","4","10","0","False","False",""
"AutorizaInclusao_Servicos","3","Sev_cod","int","4","10","0","True","False",""
"AutorizaInclusao_Servicos","4","Ais_descricao","nvarchar","120","0","0","True","False",""
"AutorizaInclusao_Servicos","5","Ais_quantidade","float","8","53","0","True","False",""
"AutorizaInclusao_Servicos","6","Ais_vl_unitario","money","8","19","4","True","False",""
"AutorizaInclusao_Servicos","7","Ais_vl_item","money","8","19","4","True","False",""
"AutorizaInclusao_Servicos","8","Ais_vl_eletrecista","float","8","53","0","True","False",""
"AutorizaInclusao_Servicos","9","usr_cod_criacao","int","4","10","0","True","False",""
"AutorizaInclusao_Servicos","10","usr_dt_hr_criacao","smalldatetime","4","16","0","True","False",""
"AutorizaInclusao_Servicos","11","usr_cod_alteracao","int","4","10","0","True","False",""
"AutorizaInclusao_Servicos","12","usr_dt_hr_alteracao","smalldatetime","4","16","0","True","False",""
"AutorizoInclusao_Luminaria","1","Ain_codigo","float","8","53","0","False","False",""
"AutorizoInclusao_Luminaria","2","Ail_item","int","4","10","0","False","False",""
"AutorizoInclusao_Luminaria","3","Pro_codnosso","nvarchar","40","0","0","True","False",""
"AutorizoInclusao_Luminaria","4","Ail_unidade","nvarchar","10","0","0","True","False",""
"AutorizoInclusao_Luminaria","5","Ail_produto","nvarchar","200","0","0","True","False",""
"AutorizoInclusao_Luminaria","6","Ail_seq","int","4","10","0","True","False",""
"AutorizoInclusao_Luminaria","7","Ail_seq_item","int","4","10","0","True","False",""
"AutorizoInclusao_Luminaria","8","CodAmbiente","int","4","10","0","True","False",""
"AutorizoInclusao_Luminaria","9","Ail_codindice","varchar","20","0","0","True","False",""
"AutorizoInclusao_Luminaria","10","Ail_acabamento","nvarchar","10","0","0","True","False",""
"AutorizoInclusao_Luminaria","11","Ail_quantidade","float","8","53","0","True","False",""
"AutorizoInclusao_Luminaria","12","Ail_vl_unitario","money","8","19","4","True","False",""
"AutorizoInclusao_Luminaria","13","Ail_vl_item","money","8","19","4","True","False",""
"AutorizoInclusao_Luminaria","14","usr_cod_criacao","int","4","10","0","True","False",""
"AutorizoInclusao_Luminaria","15","usr_dt_hr_criacao","smalldatetime","4","16","0","True","False",""
"AutorizoInclusao_Luminaria","16","usr_cod_alteracao","int","4","10","0","True","False",""
"AutorizoInclusao_Luminaria","17","usr_dt_hr_alteracao","smalldatetime","4","16","0","True","False",""
"AutorizoInclusao_Luminaria","18","Ail_VlImposto","float","8","53","0","True","False",""
"AutorizoInclusao_Materiais","1","Ain_codigo","float","8","53","0","False","False",""
"AutorizoInclusao_Materiais","2","Aim_item","int","4","10","0","False","False",""
"AutorizoInclusao_Materiais","3","Pro_codnosso","nvarchar","40","0","0","True","False",""
"AutorizoInclusao_Materiais","4","Aim_unidade","nvarchar","10","0","0","True","False",""
"AutorizoInclusao_Materiais","5","Aim_produto","nvarchar","200","0","0","True","False",""
"AutorizoInclusao_Materiais","6","Aim_seq","int","4","10","0","True","False",""
"AutorizoInclusao_Materiais","7","Aim_seq_item","int","4","10","0","True","False",""
"AutorizoInclusao_Materiais","8","CodAmbiente","int","4","10","0","True","False",""
"AutorizoInclusao_Materiais","9","Aim_codindice","varchar","20","0","0","True","False",""
"AutorizoInclusao_Materiais","10","Aim_acabamento","nvarchar","10","0","0","True","False",""
"AutorizoInclusao_Materiais","11","Aim_quantidade","float","8","53","0","True","False",""
"AutorizoInclusao_Materiais","12","Aim_vl_unitario","money","8","19","4","True","False",""
"AutorizoInclusao_Materiais","13","Aim_vl_item","money","8","19","4","True","False",""
"AutorizoInclusao_Materiais","14","Aim_lum_pai","nvarchar","40","0","0","True","False",""
"AutorizoInclusao_Materiais","15","Aim_item_rel","int","4","10","0","True","False",""
"AutorizoInclusao_Materiais","16","Aim_mat_pai","nvarchar","40","0","0","True","False",""
"AutorizoInclusao_Materiais","17","Aim_item_lum","int","4","10","0","True","False",""
"AutorizoInclusao_Materiais","18","usr_cod_criacao","int","4","10","0","True","False",""
"AutorizoInclusao_Materiais","19","usr_dt_hr_criacao","smalldatetime","4","16","0","True","False",""
"AutorizoInclusao_Materiais","20","usr_cod_alteracao","int","4","10","0","True","False",""
"AutorizoInclusao_Materiais","21","usr_dt_hr_alteracao","smalldatetime","4","16","0","True","False",""
"AutorizoInclusao_Materiais","22","aim_VlImposto","float","8","53","0","True","False",""
"Avulso","1","avu_codigo","float","8","53","0","False","False","(0)"
"Avulso","2","avu_codigo_pre","float","8","53","0","False","False","(0)"
"Avulso","3","cli_codigo","int","4","10","0","True","False","(0)"
"Avulso","4","avu_arquiteta","float","8","53","0","True","False","(0)"
"Avulso","5","avu_eletricista","float","8","53","0","True","False","(0)"
"Avulso","6","avu_vendedor","float","8","53","0","True","False","(0)"
"Avulso","7","avu_indicacao","float","8","53","0","True","False","(0)"
"Avulso","8","avu_dt_emissao","smalldatetime","4","16","0","True","False",""
"Avulso","9","avu_dt_validade","smalldatetime","4","16","0","True","False",""
"Avulso","10","avu_dt_fechamento","smalldatetime","4","16","0","True","False",""
"Avulso","11","avu_cliente","nvarchar","90","0","0","True","False",""
"Avulso","12","avu_Descricao","nvarchar","100","0","0","True","False",""
"Avulso","13","avu_Endereco","nvarchar","100","0","0","True","False",""
"Avulso","14","avu_numero","nvarchar","20","0","0","True","False",""
"Avulso","15","avu_complemento","nvarchar","80","0","0","True","False",""
"Avulso","16","avu_Bairro","nvarchar","50","0","0","True","False",""
"Avulso","17","avu_Cidade","nvarchar","50","0","0","True","False",""
"Avulso","18","avu_UF","nvarchar","4","0","0","True","False",""
"Avulso","19","avu_CEP","nvarchar","28","0","0","True","False",""
"Avulso","20","avu_tl_luminaria","money","8","19","4","True","False","(0)"
"Avulso","21","avu_desc_luminaria","money","8","19","4","True","False","(0)"
"Avulso","22","avu_desc_por_luminaria","money","8","19","4","True","False","(0)"
"Avulso","23","avu_tl_geral_luminaria","money","8","19","4","True","False","(0)"
"Avulso","24","avu_tl_materiais","money","8","19","4","True","False","(0)"
"Avulso","25","avu_desc_materiais","money","8","19","4","True","False","(0)"
"Avulso","26","avu_desc_por_materiais","money","8","19","4","True","False","(0)"
"Avulso","27","avu_tl_geral_materiais","money","8","19","4","True","False","(0)"
"Avulso","28","avu_tl_avulso","money","8","19","4","True","False","(0)"
"Avulso","29","avu_desc_avulso","money","8","19","4","True","False","(0)"
"Avulso","30","avu_desc_por_avulso","money","8","19","4","True","False","(0)"
"Avulso","31","avu_tl_geral_avulso","money","8","19","4","True","False","(0)"
"Avulso","32","avu_forma_pag","int","4","10","0","True","False","(0)"
"Avulso","33","avu_obs","ntext","16","0","0","True","False",""
"Avulso","34","avu_tipo","int","4","10","0","True","False","(0)"
"Avulso","35","avu_status","int","4","10","0","True","False","(0)"
"Avulso","36","cen_codigo","int","4","10","0","True","False","(0)"
"Avulso","37","usr_cod_criacao","int","4","10","0","True","False",""
"Avulso","38","usr_dt_hr_criacao","smalldatetime","4","16","0","True","False",""
"Avulso","39","usr_cod_alteracao","int","4","10","0","True","False",""
"Avulso","40","usr_dt_hr_alteracao","smalldatetime","4","16","0","True","False",""
"Avulso","41","Obr_Codigo","float","8","53","0","True","False",""
"Avulso","42","Avu_ValorCredito","float","8","53","0","True","False",""
"Avulso","43","CatVen_Codigo","int","4","10","0","True","False",""
"Avulso","44","Par_ComissaoVincParc","char","1","0","0","True","False",""
"Avulso","45","Avu_DescComMat","float","8","53","0","True","False",""
"Avulso","46","Avu_DescComLum","float","8","53","0","True","False",""
"Avulso","47","Avu_RTAutomaticoTipo","char","1","0","0","True","False",""
"Avulso","48","Avu_CalcularRT","char","1","0","0","True","False",""
"Avulso","49","avu_LimiteDesconto","float","8","53","0","True","False",""
"Avulso","50","avu_requisicao","bit","1","1","0","True","False",""
"Avulso","51","avu_TipoDesc","char","1","0","0","True","False",""
"Avulso","52","par_ParcelarVlAcima","float","8","53","0","True","False",""
"Avulso","53","Par_VlMinParcela","float","8","53","0","True","False",""
"Avulso","54","Par_QuantMaxParcela","int","4","10","0","True","False",""
"Avulso","55","avu_financeiro","bit","1","1","0","True","False",""
"Avulso","56","avu_compra","bit","1","1","0","True","False",""
"Avulso","57","avu_estoque","bit","1","1","0","True","False",""
"Avulso_luminaria_det","1","avu_codigo_pre","float","8","53","0","True","False","(0)"
"Avulso_luminaria_det","2","ald_item","int","4","10","0","True","False","(0)"
"Avulso_luminaria_det","3","Pro_codnosso","nvarchar","40","0","0","True","False",""
"Avulso_luminaria_det","4","ald_seq","int","4","10","0","True","False","(0)"
"Avulso_luminaria_det","5","ald_seq_item","int","4","10","0","True","False","(0)"
"Avulso_luminaria_det","6","ald_produto","nvarchar","200","0","0","True","False",""
"Avulso_luminaria_det","7","ald_unidade","nvarchar","10","0","0","True","False",""
"Avulso_luminaria_det","8","ald_ambiente","int","4","10","0","True","False","(0)"
"Avulso_luminaria_det","9","ald_acabamento","nvarchar","10","0","0","True","False",""
"Avulso_luminaria_det","10","ald_quantidade","float","8","53","0","True","False","(0)"
"Avulso_luminaria_det","11","ald_vl_unitario","money","8","19","4","True","False","(0)"
"Avulso_luminaria_det","12","ald_vl_item","money","8","19","4","True","False","(0)"
"Avulso_luminaria_det","13","ald_tp_entrada","nvarchar","2","0","0","True","False",""
"Avulso_luminaria_det","14","ald_entrega","bit","1","1","0","True","False",""
"Avulso_luminaria_det","15","ald_devolucao","float","8","53","0","True","False","(0)"
"Avulso_luminaria_det","16","ald_motivo_dev","int","4","10","0","True","False","(0)"
"Avulso_luminaria_det","17","usr_cod_criacao","int","4","10","0","True","False",""
"Avulso_luminaria_det","18","usr_dt_hr_criacao","smalldatetime","4","16","0","True","False",""
"Avulso_luminaria_det","19","usr_cod_alteracao","int","4","10","0","True","False",""
"Avulso_luminaria_det","20","usr_dt_hr_alteracao","smalldatetime","4","16","0","True","False",""
"Avulso_luminaria_det","21","ald_codindice","varchar","20","0","0","True","False",""
"Avulso_luminaria_det","22","ald_VlImposto","float","8","53","0","True","False",""
"Avulso_luminaria_det","23","ald_Desconto","float","8","53","0","True","False",""
"Avulso_materiais_det","1","avu_codigo_pre","float","8","53","0","True","False","(0)"
"Avulso_materiais_det","2","ama_item","int","4","10","0","True","False","(0)"
"Avulso_materiais_det","3","Pro_codnosso","nvarchar","40","0","0","True","False",""
"Avulso_materiais_det","4","ama_seq","int","4","10","0","True","False","(0)"
"Avulso_materiais_det","5","ama_seq_item","int","4","10","0","True","False","(0)"
"Avulso_materiais_det","6","ama_produto","nvarchar","200","0","0","True","False",""
"Avulso_materiais_det","7","ama_unidade","nvarchar","10","0","0","True","False",""
"Avulso_materiais_det","8","ama_ambiente","int","4","10","0","True","False","(0)"
"Avulso_materiais_det","9","ama_acabamento","nvarchar","10","0","0","True","False",""
"Avulso_materiais_det","10","ama_quantidade","float","8","53","0","True","False","(0)"
"Avulso_materiais_det","11","ama_vl_unitario","money","8","19","4","True","False","(0)"
"Avulso_materiais_det","12","ama_vl_item","money","8","19","4","True","False","(0)"
"Avulso_materiais_det","13","ama_tp_entrada","nvarchar","2","0","0","True","False",""
"Avulso_materiais_det","14","ama_entrega","bit","1","1","0","True","False",""
"Avulso_materiais_det","15","ama_devolucao","float","8","53","0","True","False","(0)"
"Avulso_materiais_det","16","ama_motivo_dev","int","4","10","0","True","False",""
"Avulso_materiais_det","17","ama_lum_pai","nvarchar","40","0","0","True","False",""
"Avulso_materiais_det","18","ama_item_rel","int","4","10","0","True","False","(0)"
"Avulso_materiais_det","19","ama_mat_pai","nvarchar","40","0","0","True","False",""
"Avulso_materiais_det","20","ama_item_lum","int","4","10","0","True","False","(0)"
"Avulso_materiais_det","21","usr_cod_criacao","int","4","10","0","True","False",""
"Avulso_materiais_det","22","usr_dt_hr_criacao","smalldatetime","4","16","0","True","False",""
"Avulso_materiais_det","23","usr_cod_alteracao","int","4","10","0","True","False",""
"Avulso_materiais_det","24","usr_dt_hr_alteracao","smalldatetime","4","16","0","True","False",""
"Avulso_materiais_det","25","ama_codindice","varchar","20","0","0","True","False",""
"Avulso_materiais_det","26","ama_VlImposto","float","8","53","0","True","False",""
"Avulso_materiais_det","27","ama_Desconto","float","8","53","0","True","False",""
"BalancoEstoque","1","BalEst_Codigo","float","8","53","0","False","False",""
"BalancoEstoque","2","BalEst_Descricao","nvarchar","200","0","0","True","False",""
"BalancoEstoque","3","BalEst_Data","datetime","8","23","3","True","False",""
"BalancoEstoque","4","BalEst_Processado","bit","1","1","0","True","False",""
"BalancoEstoque","5","BalEst_DataProc","datetime","8","23","3","True","False",""
"BalancoEstoque","6","BalEst_UsuarioProc","int","4","10","0","True","False",""
"BalancoEstoque","7","Emp_Codigo","int","4","10","0","True","False",""
"BalancoEstoque","8","usr_cod_criacao","int","4","10","0","True","False",""
"BalancoEstoque","9","usr_dt_hr_criacao","datetime","8","23","3","True","False",""
"BalancoEstoque","10","usr_cod_alteracao","int","4","10","0","True","False",""
"BalancoEstoque","11","usr_dt_hr_alteracao","datetime","8","23","3","True","False",""
"BalancoEstoqueProdutos","1","BalEstProd_Codigo","float","8","53","0","False","False",""
"BalancoEstoqueProdutos","2","BalEst_Codigo","float","8","53","0","True","False",""
"BalancoEstoqueProdutos","3","Pro_Codnosso","nvarchar","40","0","0","True","False",""
"BalancoEstoqueProdutos","4","CodAcabamento","nvarchar","20","0","0","True","False",""
"BalancoEstoqueProdutos","5","BalEstProd_Quantidade","float","8","53","0","True","False",""
"BalancoEstoqueProdutos","6","Emp_Codigo","int","4","10","0","True","False",""
"BalancoEstoqueProdutos","7","usr_cod_criacao","int","4","10","0","True","False",""
"BalancoEstoqueProdutos","8","usr_dt_hr_criacao","datetime","8","23","3","True","False",""
"BalancoEstoqueProdutos","9","usr_cod_alteracao","int","4","10","0","True","False",""
"BalancoEstoqueProdutos","10","usr_dt_hr_alteracao","datetime","8","23","3","True","False",""
"BalancoEstoqueProdutos","11","BalEstProd_QuantNaoSeparada","float","8","53","0","True","False",""
"Bancos","1","Ban_Codigo","char","4","0","0","False","False",""
"Bancos","2","Ban_Nome","varchar","50","0","0","True","False",""
"Bancos","3","Ban_Site","varchar","50","0","0","True","False",""
"Bancos","4","Ban_Fone","varchar","20","0","0","True","False",""
"Bancos","5","usr_cod_criacao","int","4","10","0","True","False",""
"Bancos","6","usr_dt_hr_criacao","datetime","8","23","3","True","False",""
"Bancos","7","usr_cod_alteracao","int","4","10","0","True","False",""
"Bancos","8","usr_dt_hr_alteracao","datetime","8","23","3","True","False",""
"Bancos","9","Ban_situacao","char","1","0","0","True","False",""
"Bancos","10","Emp_codigo","int","4","10","0","True","False",""
"Bancos_Caixas","1","Bcx_codigo","int","4","10","0","False","False",""
"Bancos_Caixas","2","Emp_codigo","int","4","10","0","False","False",""
"Bancos_Caixas","3","Bcx_tipo","varchar","1","0","0","True","False",""
"Bancos_Caixas","4","Bcx_Nome","varchar","35","0","0","True","False",""
"Bancos_Caixas","5","Bcx_agencia","varchar","10","0","0","True","False",""
"Bancos_Caixas","6","Bcx_endereco","varchar","45","0","0","True","False",""
"Bancos_Caixas","7","Bcx_numero","varchar","10","0","0","True","False",""
"Bancos_Caixas","8","Bcx_bairro","varchar","30","0","0","True","False",""
"Bancos_Caixas","9","Bcx_cidade","varchar","30","0","0","True","False",""
"Bancos_Caixas","10","Bcx_uf","varchar","2","0","0","True","False",""
"Bancos_Caixas","11","Bcx_cep","varchar","10","0","0","True","False",""
"Bancos_Caixas","12","Bcx_telefone","varchar","15","0","0","True","False",""
"Bancos_Caixas","13","Bcx_fax","varchar","15","0","0","True","False",""
"Bancos_Caixas","14","Bcx_Pagina","varchar","100","0","0","True","False",""
"Bancos_Caixas","15","Bcx_Contato","varchar","25","0","0","True","False",""
"Bancos_Caixas","16","Bcx_CodigoBanco","varchar","4","0","0","True","False",""
"Bancos_Caixas","17","Ban_codigo","char","4","0","0","True","False",""
"Bancos_Caixas","18","usr_cod_criacao","int","4","10","0","True","False",""
"Bancos_Caixas","19","usr_cod_alteracao","int","4","10","0","True","False",""
"Bancos_Caixas","20","usr_dt_hr_criacao","datetime","8","23","3","True","False",""
"Bancos_Caixas","21","usr_dt_hr_alteracao","datetime","8","23","3","True","False",""
"Bancos_Caixas","22","mun_codigo","int","4","10","0","True","False",""
"Bancos_Caixas","23","Bcx_situacao","char","1","0","0","True","False",""
"Bancos_Caixas","24","Bcx_DigitoAgencia","varchar","5","0","0","True","False",""
"Beneficio","1","Benf_Codigo","varchar","10","0","0","False","False",""
"Beneficio","2","Benf_UF","char","2","0","0","False","False",""
"Beneficio","3","Benf_Descricao","ntext","16","0","0","True","False",""
"Beneficio","4","Benf_Lei","ntext","16","0","0","True","False",""
"Beneficio_CST","1","Benf_Codigo","varchar","10","0","0","False","False",""
"Beneficio_CST","2","Benf_UF","char","2","0","0","False","False",""
"Beneficio_CST","3","BenfCST_Codigo","char","3","0","0","False","False",""
"Caracteristicas","1","Caract_Codigo","float","8","53","0","False","False",""
"Caracteristicas","2","Caract_Descricao","nvarchar","200","0","0","True","False",""
"Caracteristicas","3","Caract_Valor","float","8","53","0","True","False",""
"Caracteristicas","4","Caract_Situacao","bit","1","1","0","True","False",""
"Caracteristicas","5","usr_cod_criacao","int","4","10","0","True","False",""
"Caracteristicas","6","usr_dt_hr_criacao","datetime","8","23","3","True","False",""
"Caracteristicas","7","usr_cod_alteracao","int","4","10","0","True","False",""
"Caracteristicas","8","usr_dt_hr_alteracao","datetime","8","23","3","True","False",""
"Caracteristicas","9","Emp_codigo","int","4","10","0","True","False",""
"Caracteristicas","10","Caract_CodFor","varchar","30","0","0","True","False",""
"Caracteristicas","11","for_codigo","int","4","10","0","True","False",""
"Caracteristicas","12","GrupoProduto_Codigo","int","4","10","0","True","False",""
"Cargo","1","Cargo_codigo","int","4","10","0","False","False",""
"Cargo","2","Cargo_Nome","varchar","35","0","0","True","False",""
"Cargo","3","usr_cod_criacao","int","4","10","0","True","False",""
"Cargo","4","usr_dt_hr_criacao","datetime","8","23","3","True","False",""
"Cargo","5","usr_cod_alteracao","int","4","10","0","True","False",""
"Cargo","6","usr_dt_hr_alteracao","datetime","8","23","3","True","False",""
"Cargo","7","Cargo_situacao","char","1","0","0","True","False",""
"Cargo","8","Emp_codigo","int","4","10","0","True","False",""
"Cartoes","1","Cart_Codigo","int","4","10","0","False","False",""
"Cartoes","2","CartBan_Codigo","int","4","10","0","True","False",""
"Cartoes","3","Cart_Taxa","float","8","53","0","True","False",""
"Cartoes","4","Cart_Tipo","char","1","0","0","True","False",""
"Cartoes","5","Cart_QuantParcelas","int","4","10","0","True","False",""
"Cartoes","6","Cart_situacao","bit","1","1","0","True","False",""
"Cartoes","7","Emp_codigo","int","4","10","0","True","False",""
"Cartoes","8","usr_cod_criacao","int","4","10","0","True","False",""
"Cartoes","9","usr_dt_hr_criacao","datetime","8","23","3","True","False",""
"Cartoes","10","usr_cod_alteracao","int","4","10","0","True","False",""
"Cartoes","11","usr_dt_hr_alteracao","datetime","8","23","3","True","False",""
"CartoesBandeiras","1","CartBan_Codigo","int","4","10","0","False","False",""
"CartoesBandeiras","2","CartBan_descricao","nvarchar","100","0","0","True","False",""
"CartoesBandeiras","3","CartBan_situacao","bit","1","1","0","True","False",""
"CartoesBandeiras","4","Emp_codigo","int","4","10","0","True","False",""
"CartoesBandeiras","5","usr_cod_criacao","int","4","10","0","True","False",""
"CartoesBandeiras","6","usr_dt_hr_criacao","datetime","8","23","3","True","False",""
"CartoesBandeiras","7","usr_cod_alteracao","int","4","10","0","True","False",""
"CartoesBandeiras","8","usr_dt_hr_alteracao","datetime","8","23","3","True","False",""
"CategoriaCliente","1","CatCli_Codigo","int","4","10","0","False","False",""
"CategoriaCliente","2","CatCli_Descricao","varchar","50","0","0","True","False",""
"CategoriaCliente","3","CatCli_Situacao","bit","1","1","0","True","False",""
"CategoriaCliente","4","usr_cod_criacao","int","4","10","0","True","False",""
"CategoriaCliente","5","usr_dt_hr_criacao","datetime","8","23","3","True","False",""
"CategoriaCliente","6","usr_cod_alteracao","int","4","10","0","True","False",""
"CategoriaCliente","7","usr_dt_hr_alteracao","datetime","8","23","3","True","False",""
"CategoriaCliente","8","Emp_codigo","int","4","10","0","True","False",""
"CategoriaProfissionaisExterno","1","CatProfExt_Codigo","float","8","53","0","False","False",""
"CategoriaProfissionaisExterno","2","CatProfExt_Descricao","varchar","100","0","0","True","False",""
"CategoriaProfissionaisExterno","3","CatProfExt_Situacao","bit","1","1","0","True","False",""
"CategoriaProfissionaisExterno","4","usr_cod_criacao","int","4","10","0","True","False",""
"CategoriaProfissionaisExterno","5","usr_dt_hr_criacao","datetime","8","23","3","True","False",""
"CategoriaProfissionaisExterno","6","usr_cod_alteracao","int","4","10","0","True","False",""
"CategoriaProfissionaisExterno","7","usr_dt_hr_alteracao","datetime","8","23","3","True","False",""
"CategoriaProfissionaisExterno","8","Em_Codigo","int","4","10","0","True","False",""
"CategoriaRemuneracao","1","CatRem_Codigo","int","4","10","0","False","False",""
"CategoriaRemuneracao","2","CatRem_Descricao","varchar","50","0","0","True","False",""
"CategoriaRemuneracao","3","CatRem_Tipo","varchar","1","0","0","True","False",""
"CategoriaRemuneracao","4","CatRem_Ativo","char","1","0","0","True","False",""
"CategoriaRemuneracao","5","usr_cod_criacao","int","4","10","0","True","False",""
"CategoriaRemuneracao","6","usr_dt_hr_criacao","datetime","8","23","3","True","False",""
"CategoriaRemuneracao","7","usr_cod_alteracao","int","4","10","0","True","False",""
"CategoriaRemuneracao","8","usr_dt_hr_alteracao","datetime","8","23","3","True","False",""
"CategoriaRemuneracao","9","Emp_codigo","int","4","10","0","True","False",""
"CategoriaVenda","1","CatVen_Codigo","int","4","10","0","False","False",""
"CategoriaVenda","2","CatVen_Descricao","varchar","50","0","0","True","False",""
"CategoriaVenda","3","CatVen_Tipo","varchar","1","0","0","True","False",""
"CategoriaVenda","4","CatVen_Ativo","char","1","0","0","True","False",""
"CategoriaVenda","5","usr_cod_criacao","int","4","10","0","True","False",""
"CategoriaVenda","6","usr_dt_hr_criacao","datetime","8","23","3","True","False",""
"CategoriaVenda","7","usr_cod_alteracao","int","4","10","0","True","False",""
"CategoriaVenda","8","usr_dt_hr_alteracao","datetime","8","23","3","True","False",""
"CategoriaVenda","9","CatVen_Financeiro","bit","1","1","0","True","False",""
"CategoriaVenda","10","CatVen_Compras","bit","1","1","0","True","False",""
"CategoriaVenda","11","CatVen_Estoque","bit","1","1","0","True","False",""
"CategoriaVenda","12","Emp_codigo","int","4","10","0","True","False",""
"CategoriaVenda","13","TpCatVenda_codigo","int","4","10","0","True","False",""
"Centro_de_custo","1","Cdc_codigo","int","4","10","0","False","False",""
"Centro_de_custo","2","Cdc_descricao","varchar","50","0","0","True","False",""
"Centro_de_custo","3","Cdc_obs","text","16","0","0","True","False",""
"Centro_de_custo","4","Cdc_apelido","varchar","15","0","0","True","False",""
"Centro_de_custo","5","Cdc_situacao","char","1","0","0","True","False",""
"Centro_de_custo","6","Emp_codigo","int","4","10","0","True","False",""
"Centro_de_custo","7","usr_cod_criacao","int","4","10","0","True","False",""
"Centro_de_custo","8","usr_dt_hr_criacao","datetime","8","23","3","True","False",""
"Centro_de_custo","9","usr_dt_hr_alteracao","datetime","8","23","3","True","False",""
"Centro_de_custo","10","usr_cod_alteracao","int","4","10","0","True","False",""
"CFOP","1","CFOP_codigo","varchar","5","0","0","False","False",""
"CFOP","2","CFOP_Descricao","varchar","200","0","0","True","False",""
"CFOP","3","CFOP_DescricaoCurta","varchar","30","0","0","True","False",""
"CFOP","4","CFOP_Aplicacao","ntext","16","0","0","True","False",""
"CFOP","5","CFOP_Tipo","char","1","0","0","True","False",""
"CFOP","6","CFOP_Situacao","char","1","0","0","True","False",""
"CFOP","7","usr_cod_criacao","int","4","10","0","True","False",""
"CFOP","8","usr_dt_hr_criacao","datetime","8","23","3","True","False",""
"CFOP","9","usr_cod_alteracao","int","4","10","0","True","False",""
"CFOP","10","usr_dt_hr_alteracao","datetime","8","23","3","True","False",""
"CFOP","11","CFOP_ISS","bit","1","1","0","True","False",""
"CFOP","12","CFOP_ICMS","bit","1","1","0","True","False",""
"CFOP","13","CFOP_IPI","bit","1","1","0","True","False",""
"CFOP","14","CFOP_PIS","bit","1","1","0","True","False",""
"CFOP","15","CFOP_COFINS","bit","1","1","0","True","False",""
"CFOP","16","CFOP_IR","bit","1","1","0","True","False",""
"CFOP","17","CFOP_CSLL","bit","1","1","0","True","False",""
"CFOP","18","NFeObs_Codigo","int","4","10","0","True","False",""
"CFOP","19","Emp_codigo","int","4","10","0","True","False",""
"ClassificacaoProduto","1","ClasProd_codigo","int","4","10","0","False","False",""
"ClassificacaoProduto","2","ClasProd_Descricao","nvarchar","100","0","0","True","False",""
"ClassificacaoProduto","3","ClasProd_Situacao","bit","1","1","0","True","False",""
"ClassificacaoProduto","4","usr_cod_criacao","int","4","10","0","True","False",""
"ClassificacaoProduto","5","usr_dt_hr_criacao","datetime","8","23","3","True","False",""
"ClassificacaoProduto","6","usr_cod_alteracao","int","4","10","0","True","False",""
"ClassificacaoProduto","7","usr_dt_hr_alteracao","datetime","8","23","3","True","False",""
"Clientes","1","Cli_Codigo","int","4","10","0","False","False","(0)"
"Clientes","2","Cli_cnpj_cpf","nvarchar","28","0","0","True","False",""
"Clientes","3","Cli_IE_RG","nvarchar","30","0","0","True","False",""
"Clientes","4","Cli_tp_pessoa","nvarchar","20","0","0","True","False",""
"Clientes","5","Cli_rg_org","nvarchar","6","0","0","True","False",""
"Clientes","6","Cli_rg_org_uf","nvarchar","4","0","0","True","False",""
"Clientes","7","Cli_Nome","nvarchar","120","0","0","True","False",""
"Clientes","8","Cli_Endereco","nvarchar","100","0","0","True","False",""
"Clientes","9","Cli_numero","nvarchar","20","0","0","True","False",""
"Clientes","10","Cli_complemento","nvarchar","80","0","0","True","False",""
"Clientes","11","Cli_Bairro","nvarchar","50","0","0","True","False",""
"Clientes","12","Cli_codcidade","int","4","10","0","True","False",""
"Clientes","13","Cli_Cidade","nvarchar","50","0","0","True","False",""
"Clientes","14","Cli_UF","nvarchar","4","0","0","True","False",""
"Clientes","15","Cli_CEP","nvarchar","28","0","0","True","False",""
"Clientes","16","Cli_Endereco_cob","nvarchar","100","0","0","True","False",""
"Clientes","17","Cli_numero_cob","nvarchar","20","0","0","True","False",""
"Clientes","18","Cli_complemento_cob","nvarchar","80","0","0","True","False",""
"Clientes","19","Cli_Bairro_cob","nvarchar","50","0","0","True","False",""
"Clientes","20","Cli_Cidade_cob","nvarchar","50","0","0","True","False",""
"Clientes","21","Cli_codcidade_cob","int","4","10","0","True","False",""
"Clientes","22","Cli_UF_cob","nvarchar","4","0","0","True","False",""
"Clientes","23","Cli_CEP_cob","nvarchar","28","0","0","True","False",""
"Clientes","24","Cli_Construcao","bit","1","1","0","True","False",""
"Clientes","25","Cli_OBS","ntext","16","0","0","True","False",""
"Clientes","26","Cli_Fcomercial","nvarchar","44","0","0","True","False",""
"Clientes","27","Cli_Fresidencial","nvarchar","44","0","0","True","False",""
"Clientes","28","Cli_fax","nvarchar","24","0","0","True","False",""
"Clientes","29","Cli_celular","nvarchar","44","0","0","True","False",""
"Clientes","30","Ind_codigo","int","4","10","0","True","False","(0)"
"Clientes","31","Cli_dataNasc","nvarchar","20","0","0","True","False",""
"Clientes","32","Cli_estadocivil","nvarchar","30","0","0","True","False",""
"Clientes","33","Cli_conjuge","nvarchar","80","0","0","True","False",""
"Clientes","34","Cli_dtnasc_conjuge","nvarchar","20","0","0","True","False",""
"Clientes","35","Cli_conj_Fcomercial","nvarchar","44","0","0","True","False",""
"Clientes","36","Cli_conj_Fresidencial","nvarchar","44","0","0","True","False",""
"Clientes","37","Cli_conj_celular","nvarchar","24","0","0","True","False",""
"Clientes","38","Cli_email","nvarchar","100","0","0","True","False",""
"Clientes","39","usr_cod_criacao","int","4","10","0","True","False",""
"Clientes","40","usr_dt_hr_criacao","smalldatetime","4","16","0","True","False",""
"Clientes","41","usr_cod_alteracao","int","4","10","0","True","False",""
"Clientes","42","usr_dt_hr_alteracao","smalldatetime","4","16","0","True","False",""
"Clientes","43","cli_situacao","char","1","0","0","True","False",""
"Clientes","44","Cli_LimitCredVend","float","8","53","0","True","False",""
"Clientes","45","Cli_LimitCredTotal","float","8","53","0","True","False",""
"Clientes","46","cli_LimiteDesconto","float","8","53","0","True","False",""
"Clientes","47","Cli_TipoConsumidor","char","1","0","0","True","False",""
"Clientes","48","Cli_Endereco_cor","varchar","50","0","0","True","False",""
"Clientes","49","Cli_numero_cor","varchar","10","0","0","True","False",""
"Clientes","50","Cli_complemento_cor","varchar","40","0","0","True","False",""
"Clientes","51","Cli_Bairro_cor","varchar","25","0","0","True","False",""
"Clientes","52","Cli_codcidade_cor","int","4","10","0","True","False",""
"Clientes","53","Cli_UF_cor","varchar","2","0","0","True","False",""
"Clientes","54","Cli_CEP_cor","varchar","14","0","0","True","False",""
"Clientes","55","Cli_empresa_cor","varchar","60","0","0","True","False",""
"Clientes","56","Cli_cargo_cor","varchar","60","0","0","True","False",""
"Clientes","57","Cli_banco","varchar","5","0","0","True","False",""
"Clientes","58","Cli_agencia","varchar","25","0","0","True","False",""
"Clientes","59","Cli_conta","varchar","25","0","0","True","False",""
"Clientes","60","Cli_EnderecoBanco","varchar","150","0","0","True","False",""
"Clientes","61","Cli_SWIFT_BIC","varchar","25","0","0","True","False",""
"Clientes","62","Cli_ABA","varchar","25","0","0","True","False",""
"Clientes","63","Cli_IBAN","varchar","25","0","0","True","False",""
"Clientes","64","cli_naturalidade","int","4","10","0","True","False",""
"Clientes","65","cli_nacionalidade","int","4","10","0","True","False",""
"Clientes","66","cli_CNPJComercial","varchar","14","0","0","True","False",""
"Clientes","67","cli_TempoCtbancaria","varchar","10","0","0","True","False",""
"Clientes","68","cli_pai","varchar","60","0","0","True","False",""
"Clientes","69","cli_mae","varchar","60","0","0","True","False",""
"Clientes","70","cli_PropCFP","varchar","14","0","0","True","False",""
"Clientes","71","cli_PropRG","varchar","14","0","0","True","False",""
"Clientes","72","cli_PropRgOrg","varchar","3","0","0","True","False",""
"Clientes","73","cli_PropRgOrgUF","varchar","2","0","0","True","False",""
"Clientes","74","cli_PropNome","varchar","60","0","0","True","False",""
"Clientes","75","cli_PropEndereco","varchar","50","0","0","True","False",""
"Clientes","76","cli_PropNumero","varchar","10","0","0","True","False",""
"Clientes","77","cli_PropComplemento","varchar","25","0","0","True","False",""
"Clientes","78","cli_PropCodCidade","int","4","10","0","True","False",""
"Clientes","79","cli_PropCEP","varchar","14","0","0","True","False",""
"Clientes","80","cli_PropBairro","varchar","25","0","0","True","False",""
"Clientes","81","Emp_CodClienteFornec","float","8","53","0","True","False",""
"Clientes","82","Cli_Suframa","varchar","12","0","0","True","False",""
"Clientes","83","COD_ATIVID","int","4","10","0","True","False",""
"Clientes","84","Cli_DataFundacao_cor","datetime","8","23","3","True","False",""
"Clientes","85","CatCli_Codigo","int","4","10","0","True","False",""
"Clientes","86","cli_sexo","varchar","10","0","0","True","False",""
"Clientes","87","cli_NomeFantasia","varchar","100","0","0","True","False",""
"Clientes","88","cli_isento","bit","1","1","0","True","False",""
"Clientes","89","Cli_CaminhoFoto","varchar","300","0","0","True","False",""
"Clientes","90","Cli_EnderecoCompl","nvarchar","100","0","0","True","False",""
"Clientes","91","Cli_NumCompl","nvarchar","100","0","0","True","False",""
"Clientes","92","Cli_ComplEndereco","nvarchar","80","0","0","True","False",""
"Clientes","93","Emp_codigo","int","4","10","0","True","False",""
"Clientes","94","Cli_Facebook","varchar","200","0","0","True","False",""
"Clientes","95","Cli_Instagram","varchar","200","0","0","True","False",""
"Clientes","96","Cli_IEProdRural","varchar","30","0","0","True","False",""
"Clientes","97","Cli_Contribuinte","bit","1","1","0","True","False",""
"Cob_projetos","1","CPR_area_inicial","float","8","53","0","True","False","(0)"
"Cob_projetos","2","CPR_area_final","float","8","53","0","True","False","(0)"
"Cob_projetos","3","CPR_lumi_comerc","float","8","53","0","True","False","(0)"
"Cob_projetos","4","CPR_elet_comerc","float","8","53","0","True","False","(0)"
"Cob_projetos","5","CPR_elet_resid","float","8","53","0","True","False","(0)"
"Cob_projetos","6","CPR_lumi_resid","float","8","53","0","True","False","(0)"
"Cob_projetos","7","CPR_prazo_entrega","int","4","10","0","True","False","(0)"
"Cob_projetos","8","Cpr_situacao","char","1","0","0","True","False",""
"Cob_projetos","9","Emp_codigo","int","4","10","0","True","False",""
"Cob_projetos","10","usr_cod_criacao","int","4","10","0","True","False",""
"Cob_projetos","11","usr_dt_hr_criacao","datetime","8","23","3","True","False",""
"Cob_projetos","12","usr_dt_hr_alteracao","datetime","8","23","3","True","False",""
"Cob_projetos","13","usr_cod_alteracao","int","4","10","0","True","False",""
"Cob_projetos","14","CPR_codigo","int","4","10","0","False","True",""
"Cod_tabelas","1","cliente","int","4","10","0","True","False",""
"Cod_tabelas","2","indicacao","int","4","10","0","True","False",""
"Cod_tabelas","3","fornecedor","int","4","10","0","True","False",""
"Cod_tabelas","4","transportadora","int","4","10","0","True","False",""
"Cod_tabelas","5","pre_orcamento","int","4","10","0","True","False",""
"Cod_tabelas","6","orcamento","int","4","10","0","True","False",""
"Cod_tabelas","7","pre_servico","int","4","10","0","True","False",""
"Cod_tabelas","8","servico","int","4","10","0","True","False",""
"Cod_tabelas","9","forma_pagamento","int","4","10","0","True","False",""
"Cod_tabelas","10","devolucao","int","4","10","0","True","False",""
"Cod_tabelas","11","saida_complementacao","int","4","10","0","True","False",""
"Cod_tabelas","12","pre_pedido","int","4","10","0","True","False",""
"Cod_tabelas","13","pedido","int","4","10","0","True","False",""
"Cod_tabelas","14","contas_areceber","int","4","10","0","True","False",""
"Cod_tabelas","15","pedido_compra","int","4","10","0","True","False",""
"Cod_tabelas","16","contas_apagar","int","4","10","0","True","False",""
"Cod_tabelas","17","pre_avulso","int","4","10","0","True","False",""
"Cod_tabelas","18","avulso","int","4","10","0","True","False",""
"Cod_tabelas","19","saida_comp","int","4","10","0","True","False",""
"Cod_tabelas","20","saida_comp_pre","int","4","10","0","True","False",""
"Cod_tabelas","21","ent_devolucao_pre","int","4","10","0","True","False",""
"Cod_tabelas","22","ent_devolucao","int","4","10","0","True","False",""
"Cod_tabelas","23","ordem_compra","int","4","10","0","True","False",""
"Cod_tabelas","24","Nota_entrada","int","4","10","0","True","False",""
"Cod_tabelas","25","pre_controle","int","4","10","0","True","False",""
"Cod_tabelas","26","controle","int","4","10","0","True","False",""
"Cod_tabelas","27","ambiente","int","4","10","0","True","False",""
"Cod_tabelas","28","profissao","int","4","10","0","True","False",""
"Cod_tabelas","29","custo","int","4","10","0","True","False",""
"Cod_tabelas","30","usuario","int","4","10","0","True","False",""
"Cod_tabelas","31","grupo","int","4","10","0","True","False",""
"Cod_tabelas","32","lanc_estoque","int","4","10","0","True","False",""
"Cod_tabelas","33","acerto","float","8","53","0","True","False",""
"Cod_tabelas","34","acerto_servicos","float","8","53","0","True","False",""
"Cod_tabelas","35","Codt_codigo","int","4","10","0","False","False",""
"Coletas","1","col_transportador","int","4","10","0","True","False","(0)"
"Coletas","2","col_cidade","nvarchar","50","0","0","True","False",""
"Coletas","3","col_uf","nvarchar","4","0","0","True","False",""
"Coletas","4","col_fone","nvarchar","24","0","0","True","False",""
"Coletas","5","col_celular","nvarchar","24","0","0","True","False",""
"Coletas","6","col_fax","nvarchar","24","0","0","True","False",""
"Coletas","7","col_email","nvarchar","70","0","0","True","False",""
"Coletas","8","col_codigo","int","4","10","0","False","True",""
"Coletas","9","Emp_codigo","int","4","10","0","True","False",""
"Coletas","10","usr_cod_criacao","int","4","10","0","True","False",""
"Coletas","11","usr_dt_hr_criacao","datetime","8","23","3","True","False",""
"Coletas","12","usr_dt_hr_alteracao","datetime","8","23","3","True","False",""
"Coletas","13","usr_cod_alteracao","int","4","10","0","True","False",""
"ComissaoPremiacao","1","ComPre_codigo","float","8","53","0","False","False",""
"ComissaoPremiacao","2","ComPre_Descricao","varchar","50","0","0","True","False",""
"ComissaoPremiacao","3","ComPre_Tipo","char","1","0","0","True","False",""
"ComissaoPremiacao","4","ComPre_TipoMeta","char","1","0","0","True","False",""
"ComissaoPremiacao","5","ComPre_Modo","char","1","0","0","True","False",""
"ComissaoPremiacao","6","CatRem_Codigo","int","4","10","0","True","False",""
"ComissaoPremiacao","7","ComPre_RecVlCalc","char","1","0","0","True","False",""
"ComissaoPremiacao","8","ComPre_RecValor","char","1","0","0","True","False",""
"ComissaoPremiacao","9","ComPre_CondMontante","float","8","53","0","True","False",""
"ComissaoPremiacao","10","ComPre_CondPorcent","float","8","53","0","True","False",""
"ComissaoPremiacao","11","MetaVenda_Codigo","float","8","53","0","True","False",""
"ComissaoPremiacao","12","GrupoProduto_Codigo","int","4","10","0","True","False",""
"ComissaoPremiacao","13","Rateio_Codigo","float","8","53","0","True","False",""
"ComissaoPremiacao","14","ComPre_CondPagProporc","char","1","0","0","True","False",""
"ComissaoPremiacao","15","ComPre_CondModo","char","1","0","0","True","False",""
"ComissaoPremiacao","16","ComPre_Situacao","char","1","0","0","True","False",""
"ComissaoPremiacao","17","Emp_Codigo","int","4","10","0","True","False",""
"ComissaoPremiacao","18","usr_cod_criacao","int","4","10","0","True","False",""
"ComissaoPremiacao","19","usr_dt_hr_criacao","datetime","8","23","3","True","False",""
"ComissaoPremiacao","20","usr_cod_alteracao","int","4","10","0","True","False",""
"ComissaoPremiacao","21","usr_dt_hr_alteracao","datetime","8","23","3","True","False",""
"ComissaoPremiacao","22","ComPre_DtVigInicial","datetime","8","23","3","True","False",""
"ComissaoPremiacao","23","ComPre_DtVigFinal","datetime","8","23","3","True","False",""
"ComissaoPremiacao","24","ComPre_servicos","bit","1","1","0","True","False",""
"ComissaoPremiacao","25","ComPre_servicosTipo","char","1","0","0","True","False",""
"ComissaoPremiacao","26","ComPre_NaoRatiaAlcanMeta","bit","1","1","0","True","False",""
"ComissaoPremiacaoCond","1","ComPreCond_codigo","float","8","53","0","False","False",""
"ComissaoPremiacaoCond","2","ComPre_codigo","float","8","53","0","True","False",""
"ComissaoPremiacaoCond","3","ComPreCond_PorcCom","float","8","53","0","True","False",""
"ComissaoPremiacaoCond","4","ComPreCond_PorcRat","float","8","53","0","True","False",""
"ComissaoPremiacaoCond","5","Rateio_Codigo","float","8","53","0","True","False",""
"ComissaoPremiacaoCond","6","MetaVenda_Codigo","float","8","53","0","True","False",""
"ComissaoPremiacaoCond","7","ComPreCond_FormaPag","int","4","10","0","True","False",""
"ComissaoPremiacaoCond","8","ComPreCond_Desconto","float","8","53","0","True","False",""
"ComissaoPremiacaoCond","9","ComPreCond_SimbDesc","char","2","0","0","True","False",""
"ComissaoPremiacaoCond","10","Emp_Codigo","int","4","10","0","True","False",""
"ComissaoPremiacaoCond","11","usr_cod_criacao","int","4","10","0","True","False",""
"ComissaoPremiacaoCond","12","usr_dt_hr_criacao","datetime","8","23","3","True","False",""
"ComissaoPremiacaoCond","13","usr_cod_alteracao","int","4","10","0","True","False",""
"ComissaoPremiacaoCond","14","usr_dt_hr_alteracao","datetime","8","23","3","True","False",""
"ComissaoPremiacaoGrup","1","ComPre_codigo","float","8","53","0","False","False",""
"ComissaoPremiacaoGrup","2","GrupoProduto_Codigo","int","4","10","0","False","False",""
"ComissaoPremiacaoGrup","3","ComPreGrup_Porcentegem","float","8","53","0","True","False",""
"ComissaoPremiacaoGrup","4","Emp_Codigo","int","4","10","0","True","False",""
"ComissaoPremiacaoGrup","5","usr_cod_criacao","int","4","10","0","True","False",""
"ComissaoPremiacaoGrup","6","usr_dt_hr_criacao","datetime","8","23","3","True","False",""
"ComissaoPremiacaoGrup","7","usr_cod_alteracao","int","4","10","0","True","False",""
"ComissaoPremiacaoGrup","8","usr_dt_hr_alteracao","datetime","8","23","3","True","False",""
"ComissaoPremiacaoTpVenda","1","ComPre_codigo","float","8","53","0","False","False",""
"ComissaoPremiacaoTpVenda","2","CatVen_Codigo","int","4","10","0","False","False",""
"ComissaoPremiacaoTpVenda","3","Emp_Codigo","int","4","10","0","True","False",""
"ComissaoPremiacaoTpVenda","4","usr_cod_criacao","int","4","10","0","True","False",""
"ComissaoPremiacaoTpVenda","5","usr_dt_hr_criacao","datetime","8","23","3","True","False",""
"ComissaoPremiacaoTpVenda","6","usr_cod_alteracao","int","4","10","0","True","False",""
"ComissaoPremiacaoTpVenda","7","usr_dt_hr_alteracao","datetime","8","23","3","True","False",""
"ComissaoPremiacaoVlGruPro","1","ComPre_codigo","float","8","53","0","False","False",""
"ComissaoPremiacaoVlGruPro","2","GrupoProduto_Codigo","int","4","10","0","False","False",""
"ComissaoPremiacaoVlGruPro","3","Emp_Codigo","int","4","10","0","True","False",""
"ComissaoPremiacaoVlGruPro","4","usr_cod_criacao","int","4","10","0","True","False",""
"ComissaoPremiacaoVlGruPro","5","usr_dt_hr_criacao","datetime","8","23","3","True","False",""
"ComissaoPremiacaoVlGruPro","6","usr_cod_alteracao","int","4","10","0","True","False",""
"ComissaoPremiacaoVlGruPro","7","usr_dt_hr_alteracao","datetime","8","23","3","True","False",""
"ComissaoPremiacaoVlVCatRem","1","ComPre_codigo","float","8","53","0","False","False",""
"ComissaoPremiacaoVlVCatRem","2","CatRem_Codigo","int","4","10","0","False","False",""
"ComissaoPremiacaoVlVCatRem","3","Emp_Codigo","int","4","10","0","True","False",""
"ComissaoPremiacaoVlVCatRem","4","usr_cod_criacao","int","4","10","0","True","False",""
"ComissaoPremiacaoVlVCatRem","5","usr_dt_hr_criacao","datetime","8","23","3","True","False",""
"ComissaoPremiacaoVlVCatRem","6","usr_cod_alteracao","int","4","10","0","True","False",""
"ComissaoPremiacaoVlVCatRem","7","usr_dt_hr_alteracao","datetime","8","23","3","True","False",""
"ComissaoPremiacaoVlVenda","1","ComPreVlV_Codigo","float","8","53","0","False","False",""
"ComissaoPremiacaoVlVenda","2","ComPre_codigo","float","8","53","0","True","False",""
"ComissaoPremiacaoVlVenda","3","ComPreVlV_VlInicial","float","8","53","0","True","False",""
"ComissaoPremiacaoVlVenda","4","ComPreVlV_VlFinal","float","8","53","0","True","False",""
"ComissaoPremiacaoVlVenda","5","ComPreVlV_Porcentagem","float","8","53","0","True","False",""
"ComissaoPremiacaoVlVenda","6","Emp_Codigo","int","4","10","0","True","False",""
"ComissaoPremiacaoVlVenda","7","usr_cod_criacao","int","4","10","0","True","False",""
"ComissaoPremiacaoVlVenda","8","usr_dt_hr_criacao","datetime","8","23","3","True","False",""
"ComissaoPremiacaoVlVenda","9","usr_cod_alteracao","int","4","10","0","True","False",""
"ComissaoPremiacaoVlVenda","10","usr_dt_hr_alteracao","datetime","8","23","3","True","False",""
"ContaAlteracaoData","1","ControlAltDt_Codigo","float","8","53","0","False","False",""
"ContaAlteracaoData","2","ControlAltDt_tipo","char","1","0","0","True","False",""
"ContaAlteracaoData","3","ControlAltDt_CodConta","float","8","53","0","True","False",""
"ContaAlteracaoData","4","ControlAltDt_CodParcela","float","8","53","0","True","False",""
"ContaAlteracaoData","5","ControlAltDt_CodPagamento","float","8","53","0","True","False",""
"ContaAlteracaoData","6","ControlAltDt_Data","datetime","8","23","3","True","False",""
"ContaAlteracaoData","7","usr_cod_criacao","int","4","10","0","True","False",""
"ContaAlteracaoData","8","usr_dt_hr_criacao","datetime","8","23","3","True","False",""
"ContaAlteracaoData","9","usr_cod_alteracao","int","4","10","0","True","False",""
"ContaAlteracaoData","10","usr_dt_hr_alteracao","datetime","8","23","3","True","False",""
"contabilista","1","Cntbt_codigo","int","4","10","0","False","False",""
"contabilista","2","Cntbt_Nome","varchar","100","0","0","True","False",""
"contabilista","3","Cntbt_CPF","varchar","11","0","0","True","False",""
"contabilista","4","Cntbt_CRC","varchar","15","0","0","True","False",""
"contabilista","5","Cntbt_CNPJ","varchar","15","0","0","True","False",""
"contabilista","6","Cntbt_CEP","varchar","8","0","0","True","False",""
"contabilista","7","Cntbt_endereco","varchar","60","0","0","True","False",""
"contabilista","8","Cntbt_numero","varchar","10","0","0","True","False",""
"contabilista","9","Cntbt_complemento","varchar","60","0","0","True","False",""
"contabilista","10","Cntbt_bairro","varchar","60","0","0","True","False",""
"contabilista","11","Cntbt_fone","varchar","10","0","0","True","False",""
"contabilista","12","Cntbt_fax","varchar","10","0","0","True","False",""
"contabilista","13","Cntbt_email","varchar","50","0","0","True","False",""
"contabilista","14","mun_codigo","int","4","10","0","True","False",""
"contabilista","15","usr_cod_criacao","int","4","10","0","True","False",""
"contabilista","16","usr_dt_hr_criacao","datetime","8","23","3","True","False",""
"contabilista","17","usr_cod_alteracao","int","4","10","0","True","False",""
"contabilista","18","usr_dt_hr_alteracao","datetime","8","23","3","True","False",""
"contabilista","19","Cntbt_situacao","bit","1","1","0","True","False",""
"contas_apagar","1","Ctp_codigo","float","8","53","0","False","False","(0)"
"contas_apagar","3","Ctp_cod_documento","nvarchar","40","0","0","True","False",""
"contas_apagar","4","Ctp_forma_pag","int","4","10","0","True","False","(0)"
"contas_apagar","5","Ctp_valor_total_original","money","8","19","4","True","False",""
"contas_apagar","6","Ctp_fornecedor_cod","int","4","10","0","True","False","(0)"
"contas_apagar","7","Ctp_fornecedor","nvarchar","90","0","0","True","False",""
"contas_apagar","8","Ctp_status","nvarchar","2","0","0","True","False",""
"contas_apagar","9","usr_cod_criacao","int","4","10","0","True","False",""
"contas_apagar","10","usr_dt_hr_criacao","datetime","8","23","3","True","False",""
"contas_apagar","11","usr_cod_alteracao","int","4","10","0","True","False",""
"contas_apagar","12","usr_dt_hr_alteracao","datetime","8","23","3","True","False",""
"contas_apagar","13","Emp_codigo","int","4","10","0","True","False",""
"contas_apagar","14","Tpd_codigo","int","4","10","0","True","False",""
"contas_apagar","15","Ctp_juros_vl","float","8","53","0","True","False",""
"contas_apagar","16","Ctp_juros_por","float","8","53","0","True","False",""
"contas_apagar","17","Ctp_multa_vl","float","8","53","0","True","False",""
"contas_apagar","18","Ctp_multa_por","float","8","53","0","True","False",""
"contas_apagar","19","Ctp_Desconto_vl","float","8","53","0","True","False",""
"contas_apagar","20","Ctp_Desconto_por","float","8","53","0","True","False",""
"contas_apagar","21","Pco_codigo","int","4","10","0","True","False",""
"contas_apagar","22","Cdc_codigo","int","4","10","0","True","False",""
"contas_apagar","23","Ctp_obs","text","16","0","0","True","False",""
"contas_apagar","24","Ctp_historico","nvarchar","160","0","0","True","False",""
"contas_apagar","25","Ctp_cod_externo","float","8","53","0","True","False",""
"contas_apagar","26","Ctp_vinculo","nvarchar","100","0","0","True","False",""
"contas_apagar","27","Ctp_codigo_vinculo","float","8","53","0","True","False",""
"contas_apagar","28","Ctp_nome","nvarchar","200","0","0","True","False",""
"contas_apagar","29","CTP_ControlReferencia","char","2","0","0","True","False",""
"contas_apagar","30","Tcf_codigo","int","4","10","0","True","False",""
"contas_apagar","31","ParSV_serie","char","3","0","0","True","False",""
"contas_apagar","32","Ctp_MesAnoRef","varchar","10","0","0","True","False",""
"contas_apagar_det","1","Ctp_codigo","float","8","53","0","True","False","(0)"
"contas_apagar_det","3","Ctp_parcela","int","4","10","0","True","False","(0)"
"contas_apagar_det","4","Ctp_documento","nvarchar","40","0","0","True","False",""
"contas_apagar_det","5","Ctp_dt_vencimento","smalldatetime","4","16","0","True","False",""
"contas_apagar_det","6","Ctp_valor_vencimento","money","8","19","4","True","False","(0)"
"contas_apagar_det","7","Ctp_dt_pagamento","smalldatetime","4","16","0","True","False",""
"contas_apagar_det","8","Ctp_valor_pagamento","money","8","19","4","True","False","(0)"
"contas_apagar_det","9","usr_cod_criacao","int","4","10","0","True","False",""
"contas_apagar_det","10","usr_dt_hr_criacao","datetime","8","23","3","True","False",""
"contas_apagar_det","11","usr_cod_alteracao","int","4","10","0","True","False",""
"contas_apagar_det","12","usr_dt_hr_alteracao","datetime","8","23","3","True","False",""
"contas_apagar_det","13","Emp_codigo","int","4","10","0","True","False",""
"contas_apagar_det","14","Mdo_codigo","int","4","10","0","True","False",""
"contas_apagar_det","15","Ctp_juros_vl","float","8","53","0","True","False",""
"contas_apagar_det","16","Ctp_juros_por","float","8","53","0","True","False",""
"contas_apagar_det","17","Ctp_multa_vl","float","8","53","0","True","False",""
"contas_apagar_det","18","Ctp_multa_por","float","8","53","0","True","False",""
"contas_apagar_det","19","Ctp_Desconto_vl","float","8","53","0","True","False",""
"contas_apagar_det","20","Ctp_Desconto_por","float","8","53","0","True","False",""
"contas_apagar_det","21","Ctp_situacao","varchar","1","0","0","True","False",""
"contas_apagar_det","22","ctp_codigo_det","float","8","53","0","True","False",""
"contas_apagar_det","23","Ctp_Duplicatatemplate","varchar","250","0","0","True","False",""
"contas_apagar_det","24","Ctp_recibo","varchar","15","0","0","True","False",""
"contas_apagar_det","25","Ctp_reciboImp","bit","1","1","0","True","False",""
"contas_apagar_det","26","Ctp_reciboImpData","datetime","8","23","3","True","False",""
"contas_apagar_det","27","Ctp_recibotemplate","varchar","250","0","0","True","False",""
"contas_apagar_det","28","Ctp_CodigoBarra","varchar","100","0","0","True","False",""
"contas_apagar_det","29","Ctp_Sequencia","int","4","10","0","False","True",""
"Contas_apagar_pag","1","Cpp_cod_pag","float","8","53","0","True","False",""
"Contas_apagar_pag","2","Ctp_codigo","int","4","10","0","True","False",""
"Contas_apagar_pag","3","Emp_codigo","int","4","10","0","True","False",""
"Contas_apagar_pag","4","Ctp_parcelas","int","4","10","0","True","False",""
"Contas_apagar_pag","5","Cpp_numero","varchar","25","0","0","True","False",""
"Contas_apagar_pag","6","mdo_codigo","int","4","10","0","True","False",""
"Contas_apagar_pag","7","cba_codigo","int","4","10","0","True","False",""
"Contas_apagar_pag","8","Cpp_numero_banco","int","4","10","0","True","False",""
"Contas_apagar_pag","9","Cpp_nome_banco","varchar","35","0","0","True","False",""
"Contas_apagar_pag","10","Cpp_cpf_cnpj_emitente","varchar","20","0","0","True","False",""
"Contas_apagar_pag","11","Cpp_agencia","varchar","10","0","0","True","False",""
"Contas_apagar_pag","12","Cpp_conta_corrente","varchar","15","0","0","True","False",""
"Contas_apagar_pag","13","Cpp_numero_cheque","varchar","15","0","0","True","False",""
"Contas_apagar_pag","14","Cpp_emitente","varchar","35","0","0","True","False",""
"Contas_apagar_pag","15","Cpp_numero_cartao","varchar","25","0","0","True","False",""
"Contas_apagar_pag","16","Cpp_liberacao_cartao","varchar","15","0","0","True","False",""
"Contas_apagar_pag","17","Cpp_valor_pago","float","8","53","0","True","False",""
"Contas_apagar_pag","18","Cpp_data_pagamento","datetime","8","23","3","True","False",""
"Contas_apagar_pag","19","Cpp_juros_vl","float","8","53","0","True","False",""
"Contas_apagar_pag","20","Cpp_juros_por","float","8","53","0","True","False",""
"Contas_apagar_pag","21","Cpp_multa_vl","float","8","53","0","True","False",""
"Contas_apagar_pag","22","Cpp_multa_por","float","8","53","0","True","False",""
"Contas_apagar_pag","23","Cpp_Desconto_vl","float","8","53","0","True","False",""
"Contas_apagar_pag","24","Cpp_Desconto_por","float","8","53","0","True","False",""
"Contas_apagar_pag","25","usr_cod_criacao","int","4","10","0","True","False",""
"Contas_apagar_pag","26","usr_dt_hr_criacao","datetime","8","23","3","True","False",""
"Contas_apagar_pag","27","usr_cod_alteracao","int","4","10","0","True","False",""
"Contas_apagar_pag","28","usr_dt_hr_alteracao","datetime","8","23","3","True","False",""
"Contas_apagar_pag","29","ctp_codigo_det","float","8","53","0","True","False",""
"Contas_apagar_pag","30","Cpp_recibo","varchar","15","0","0","True","False",""
"Contas_apagar_pag","31","Cpp_reciboImp","bit","1","1","0","True","False",""
"Contas_apagar_pag","32","Cpp_reciboImpData","datetime","8","23","3","True","False",""
"Contas_apagar_pag","33","Cpp_recibotemplate","varchar","250","0","0","True","False",""
"Contas_apagar_pag","34","Cpp_TipoLancamento","varchar","30","0","0","True","False",""
"Contas_apagar_pag","35","Cpp_Obs","ntext","16","0","0","True","False",""
"Contas_apagar_pag","36","LotePagCtPag","float","8","53","0","True","False",""
"Contas_apagar_pag","37","Mod_codigo","int","4","10","0","True","False",""
"Contas_apagar_pag","38","Cpp_Acrescimo_vl","float","8","53","0","True","False",""
"Contas_apagar_pag","39","Cpp_Acrescimo_por","float","8","53","0","True","False",""
"Contas_apagar_pag","40","Cpp_CodigoAgrupada","float","8","53","0","True","False",""
"Contas_apagar_pag","41","Ctp_Sequencia","int","4","10","0","False","True",""
"Contas_apagar_pag","42","Cpp_IDConcBancaria","varchar","150","0","0","True","False",""
"Contas_Bancarias","1","Cba_codigo","int","4","10","0","False","False",""
"Contas_Bancarias","2","Bcx_codigo","int","4","10","0","False","False",""
"Contas_Bancarias","3","Emp_codigo","int","4","10","0","False","False",""
"Contas_Bancarias","4","Cba_numero","varchar","25","0","0","False","False",""
"Contas_Bancarias","5","Cba_dt_abertura","datetime","8","23","3","True","False",""
"Contas_Bancarias","6","Cba_gerente","varchar","35","0","0","True","False",""
"Contas_Bancarias","7","Cba_Saldo_inicial","float","8","53","0","True","False",""
"Contas_Bancarias","8","Cba_tipo_conta","char","1","0","0","True","False",""
"Contas_Bancarias","9","Cba_valor_tarifa","float","8","53","0","True","False",""
"Contas_Bancarias","10","Cba_situacao","char","1","0","0","True","False",""
"Contas_Bancarias","11","Cba_Limite","float","8","53","0","True","False",""
"Contas_Bancarias","12","Cba_NIB","varchar","30","0","0","True","False",""
"Contas_Bancarias","13","Cba_CodigoCedente","varchar","10","0","0","True","False",""
"Contas_Bancarias","14","Cba_DigitoConta","varchar","5","0","0","True","False",""
"Contas_Bancarias","15","Cba_PDV","bit","1","1","0","True","False",""
"Contas_Bancarias","16","Cba_CodigoTransmissao","varchar","30","0","0","True","False",""
"Contas_Bancarias","17","Cba_CodigoModalidade","varchar","10","0","0","True","False",""
"Contas_Bancarias","18","CbaLayoutremessa","varchar","10","0","0","True","False",""
"Contas_Bancarias","19","Cba_LayoutVersaoAquivo","varchar","10","0","0","True","False",""
"Contas_Bancarias","20","Cba_LayoutVersaoLote","varchar","10","0","0","True","False",""
"Contas_BancariasCobranca","1","CbaCob_codigo","int","4","10","0","False","False",""
"Contas_BancariasCobranca","2","Cba_codigo","int","4","10","0","True","False",""
"Contas_BancariasCobranca","3","Bcx_codigo","int","4","10","0","True","False",""
"Contas_BancariasCobranca","4","Emp_codigo","int","4","10","0","True","False",""
"Contas_BancariasCobranca","5","CbaCob_carteira","varchar","10","0","0","True","False",""
"Contas_BancariasCobranca","6","CbaCob_variacao","varchar","10","0","0","True","False",""
"Contas_BancariasCobranca","7","CbaCob_especie","varchar","10","0","0","True","False",""
"Contas_BancariasCobranca","8","CbaCob_Aceite","nchar","2","0","0","True","False",""
"Contas_BancariasCobranca","9","CbaCob_convenio","varchar","15","0","0","True","False",""
"Contas_BancariasCobranca","10","CbaCob_EspecieDocumento","varchar","20","0","0","True","False",""
"Contas_BancariasCobranca","11","CbaCob_MensagemLocalPag","varchar","250","0","0","True","False",""
"Contas_BancariasCobranca","12","CbaCob_Mensagem","varchar","250","0","0","True","False",""
"Contas_BancariasCobranca","13","CbaCob_SistemaCobranca","varchar","30","0","0","True","False",""
"Contas_BancariasCobranca","14","usr_cod_criacao","int","4","10","0","True","False",""
"Contas_BancariasCobranca","15","usr_dt_hr_criacao","datetime","8","23","3","True","False",""
"Contas_BancariasCobranca","16","usr_cod_alteracao","int","4","10","0","True","False",""
"Contas_BancariasCobranca","17","usr_dt_hr_alteracao","datetime","8","23","3","True","False",""
"Contas_BancariasCobranca","18","CbaCob_CodigoInstrucao1","varchar","100","0","0","True","False",""
"Contas_BancariasCobranca","19","CbaCob_CodigoInstrucao2","varchar","100","0","0","True","False",""
"Contas_BancariasCobranca","20","CbaCob_Instrucao","text","16","0","0","True","False",""
"Contas_BancariasCobranca","21","CbaCob_ValorMulta","float","8","53","0","True","False",""
"Contas_BancariasCobranca","22","CbaCob_DataMulta","datetime","8","23","3","True","False",""
"Contas_BancariasCobranca","23","CbaCob_ValorDesconto","float","8","53","0","True","False",""
"Contas_BancariasCobranca","24","CbaCob_DataDesconto","datetime","8","23","3","True","False",""
"Contas_BancariasCobranca","25","CbaCob_ValorAbatimento","float","8","53","0","True","False",""
"Contas_BancariasCobranca","26","CbaCob_DataAbatimento","datetime","8","23","3","True","False",""
"Contas_BancariasCobranca","27","CbaCob_PorcentagemMulta","float","8","53","0","True","False",""
"Contas_BancariasCobranca","28","CbaCob_DataProtesto","datetime","8","23","3","True","False",""
"Contas_BancariasCobranca","29","CbaCob_DiasMulta","int","4","10","0","True","False",""
"Contas_BancariasCobranca","30","CbaCob_DiasDesconto","int","4","10","0","True","False",""
"Contas_BancariasCobranca","31","CbaCob_DiasAbatimento","int","4","10","0","True","False",""
"Contas_BancariasCobranca","32","CbaCob_DiasProtesto","int","4","10","0","True","False",""
"contas_receber","1","Ctr_codigo","float","8","53","0","False","False","(0)"
"contas_receber","3","Ctr_cod_documento","nvarchar","40","0","0","True","False",""
"contas_receber","4","Ctr_forma_pag","int","4","10","0","True","False","(0)"
"contas_receber","5","Ctr_valor_total_original","money","8","19","4","True","False",""
"contas_receber","6","Ctr_cliente_cod","int","4","10","0","True","False","(0)"
"contas_receber","7","Ctr_cliente","nvarchar","90","0","0","True","False",""
"contas_receber","8","Ctr_status","nvarchar","2","0","0","True","False",""
"contas_receber","9","usr_cod_criacao","int","4","10","0","True","False",""
"contas_receber","10","usr_dt_hr_criacao","datetime","8","23","3","True","False",""
"contas_receber","11","usr_cod_alteracao","int","4","10","0","True","False",""
"contas_receber","12","usr_dt_hr_alteracao","datetime","8","23","3","True","False",""
"contas_receber","13","Emp_codigo","int","4","10","0","True","False",""
"contas_receber","14","Tpd_codigo","int","4","10","0","True","False",""
"contas_receber","15","Ctr_juros_vl","float","8","53","0","True","False",""
"contas_receber","16","Ctr_juros_por","float","8","53","0","True","False",""
"contas_receber","17","Ctr_multa_vl","float","8","53","0","True","False",""
"contas_receber","18","Ctr_multa_por","float","8","53","0","True","False",""
"contas_receber","19","Ctr_Desconto_vl","float","8","53","0","True","False",""
"contas_receber","20","Ctr_Desconto_por","float","8","53","0","True","False",""
"contas_receber","21","Pco_codigo","int","4","10","0","True","False",""
"contas_receber","22","Cdc_codigo","int","4","10","0","True","False",""
"contas_receber","23","Ctr_obs","text","16","0","0","True","False",""
"contas_receber","24","Ctr_historico","nvarchar","160","0","0","True","False",""
"contas_receber","25","Ctr_vinculo","nvarchar","100","0","0","True","False",""
"contas_receber","26","Ctr_codigo_vinculo","float","8","53","0","True","False",""
"contas_receber","27","Ctr_nome","nvarchar","200","0","0","True","False",""
"contas_receber","28","CTR_ControlReferencia","char","2","0","0","True","False",""
"contas_receber","29","Ctr_cod_externo","float","8","53","0","True","False",""
"contas_receber","30","Tcf_codigo","int","4","10","0","True","False",""
"contas_receber","31","Ctr_recibo","varchar","15","0","0","True","False",""
"contas_receber","32","Ctr_reciboImp","bit","1","1","0","True","False",""
"contas_receber","33","Ctr_reciboImpData","datetime","8","23","3","True","False",""
"contas_receber","34","Ctr_recibotemplate","varchar","250","0","0","True","False",""
"contas_receber","35","ParSV_serie","char","3","0","0","True","False",""
"contas_receber","36","Ctr_MesAnoRef","varchar","10","0","0","True","False",""
"contas_receber","37","PdvCaixa_codigo","float","8","53","0","True","False",""
"contas_Receber_det","1","Ctr_codigo","float","8","53","0","True","False","(0)"
"contas_Receber_det","3","Ctr_parcela","int","4","10","0","True","False","(0)"
"contas_Receber_det","4","Ctr_documento","nvarchar","40","0","0","True","False",""
"contas_Receber_det","5","Ctr_dt_vencimento","smalldatetime","4","16","0","True","False",""
"contas_Receber_det","6","Ctr_valor_vencimento","money","8","19","4","True","False","(0)"
"contas_Receber_det","7","Ctr_dt_pagamento","smalldatetime","4","16","0","True","False",""
"contas_Receber_det","8","Ctr_valor_pagamento","money","8","19","4","True","False","(0)"
"contas_Receber_det","9","usr_cod_criacao","int","4","10","0","True","False",""
"contas_Receber_det","10","usr_dt_hr_criacao","datetime","8","23","3","True","False",""
"contas_Receber_det","11","usr_cod_alteracao","int","4","10","0","True","False",""
"contas_Receber_det","12","usr_dt_hr_alteracao","datetime","8","23","3","True","False",""
"contas_Receber_det","13","Emp_codigo","int","4","10","0","True","False",""
"contas_Receber_det","14","Mdo_codigo","int","4","10","0","True","False",""
"contas_Receber_det","15","Ctr_juros_vl","float","8","53","0","True","False",""
"contas_Receber_det","16","Ctr_juros_por","float","8","53","0","True","False",""
"contas_Receber_det","17","Ctr_multa_vl","float","8","53","0","True","False",""
"contas_Receber_det","18","Ctr_multa_por","float","8","53","0","True","False",""
"contas_Receber_det","19","Ctr_Desconto_vl","float","8","53","0","True","False",""
"contas_Receber_det","20","Ctr_Desconto_por","float","8","53","0","True","False",""
"contas_Receber_det","21","Ctr_situacao","varchar","1","0","0","True","False",""
"contas_Receber_det","22","ctr_codigo_det","float","8","53","0","True","False",""
"contas_Receber_det","23","Ctr_duplicata","varchar","15","0","0","True","False",""
"contas_Receber_det","24","Ctr_duplicataImp","bit","1","1","0","True","False",""
"contas_Receber_det","25","Ctr_duplicataImpData","datetime","8","23","3","True","False",""
"contas_Receber_det","26","Ctr_Duplicatatemplate","varchar","250","0","0","True","False",""
"contas_Receber_det","27","Ctr_recibo","varchar","15","0","0","True","False",""
"contas_Receber_det","28","Ctr_reciboImp","bit","1","1","0","True","False",""
"contas_Receber_det","29","Ctr_reciboImpData","datetime","8","23","3","True","False",""
"contas_Receber_det","30","Ctr_recibotemplate","varchar","250","0","0","True","False",""
"contas_Receber_det","31","Ctr_CodigoBarra","varchar","100","0","0","True","False",""
"contas_Receber_det","32","ctr_remessa","bit","1","1","0","True","False",""
"contas_Receber_det","33","Crt_Sequencia","int","4","10","0","False","True",""
"Contas_receber_pag","1","Crp_cod_pag","float","8","53","0","True","False",""
"Contas_receber_pag","2","Ctr_codigo","float","8","53","0","True","False",""
"Contas_receber_pag","3","Emp_codigo","int","4","10","0","True","False",""
"Contas_receber_pag","4","Ctr_parcelas","int","4","10","0","True","False",""
"Contas_receber_pag","5","Crp_numero","varchar","25","0","0","True","False",""
"Contas_receber_pag","6","Mdo_codigo","int","4","10","0","True","False",""
"Contas_receber_pag","7","cba_codigo","int","4","10","0","True","False",""
"Contas_receber_pag","8","Crp_numero_banco","int","4","10","0","True","False",""
"Contas_receber_pag","9","Crp_nome_banco","varchar","35","0","0","True","False",""
"Contas_receber_pag","10","Crp_cpf_cnpj_emitente","varchar","20","0","0","True","False",""
"Contas_receber_pag","11","Crp_agencia","varchar","10","0","0","True","False",""
"Contas_receber_pag","12","Crp_conta_corrente","varchar","15","0","0","True","False",""
"Contas_receber_pag","13","Crp_numero_cheque","varchar","15","0","0","True","False",""
"Contas_receber_pag","14","Crp_emitente","varchar","35","0","0","True","False",""
"Contas_receber_pag","15","Crp_numero_cartao","varchar","25","0","0","True","False",""
"Contas_receber_pag","16","Crp_liberacao_cartao","varchar","15","0","0","True","False",""
"Contas_receber_pag","17","Crp_valor_pago","float","8","53","0","True","False",""
"Contas_receber_pag","18","Crp_data_pagamento","datetime","8","23","3","True","False",""
"Contas_receber_pag","19","Crp_juros_vl","float","8","53","0","True","False",""
"Contas_receber_pag","20","Crp_juros_por","float","8","53","0","True","False",""
"Contas_receber_pag","21","Crp_multa_vl","float","8","53","0","True","False",""
"Contas_receber_pag","22","Crp_multa_por","float","8","53","0","True","False",""
"Contas_receber_pag","23","Crp_Desconto_vl","float","8","53","0","True","False",""
"Contas_receber_pag","24","Crp_Desconto_por","float","8","53","0","True","False",""
"Contas_receber_pag","25","usr_cod_criacao","int","4","10","0","True","False",""
"Contas_receber_pag","26","usr_dt_hr_criacao","datetime","8","23","3","True","False",""
"Contas_receber_pag","27","usr_cod_alteracao","int","4","10","0","True","False",""
"Contas_receber_pag","28","usr_dt_hr_alteracao","datetime","8","23","3","True","False",""
"Contas_receber_pag","29","ctr_codigo_det","float","8","53","0","True","False",""
"Contas_receber_pag","30","Crp_recibo","varchar","15","0","0","True","False",""
"Contas_receber_pag","31","Crp_reciboImp","bit","1","1","0","True","False",""
"Contas_receber_pag","32","Crp_reciboImpData","datetime","8","23","3","True","False",""
"Contas_receber_pag","33","Crp_recibotemplate","varchar","250","0","0","True","False",""
"Contas_receber_pag","34","Crp_TipoLancamento","varchar","30","0","0","True","False",""
"Contas_receber_pag","35","Crp_Obs","ntext","16","0","0","True","False",""
"Contas_receber_pag","36","LotePagCtRec","float","8","53","0","True","False",""
"Contas_receber_pag","37","Mod_codigo","int","4","10","0","True","False",""
"Contas_receber_pag","38","Crp_Acrescimo_vl","float","8","53","0","True","False",""
"Contas_receber_pag","39","Crp_Acrescimo_por","float","8","53","0","True","False",""
"Contas_receber_pag","40","Cpr_CodigoAgrupada","float","8","53","0","True","False",""
"Contas_receber_pag","41","Crt_Sequencia","int","4","10","0","False","True",""
"Contas_receber_pag","42","Crp_IDConcBancaria","varchar","150","0","0","True","False",""
"Contato_grupo_email","1","Cgr_codigo","float","8","53","0","False","False",""
"Contato_grupo_email","2","Gru_codigo","int","4","10","0","True","False",""
"Contato_grupo_email","3","Cgr_nome","nvarchar","100","0","0","True","False",""
"Contato_grupo_email","4","Cgr_email","nvarchar","100","0","0","True","False",""
"Contato_grupo_email","5","Cgr_origem","nvarchar","100","0","0","True","False",""
"Contato_grupo_email","6","usr_cod_criacao","int","4","10","0","True","False",""
"Contato_grupo_email","7","usr_dt_hr_criacao","smalldatetime","4","16","0","True","False",""
"Contato_grupo_email","8","usr_cod_alteracao","int","4","10","0","True","False",""
"Contato_grupo_email","9","usr_dt_hr_alteracao","smalldatetime","4","16","0","True","False",""
"Contatos","1","Con_tpcadastro","nvarchar","6","0","0","True","False",""
"Contatos","2","Con_codigo","float","8","53","0","True","False","(0)"
"Contatos","3","Con_nome","nvarchar","120","0","0","True","False",""
"Contatos","4","Con_vinculo","nvarchar","30","0","0","True","False",""
"Contatos","5","Con_fone","nvarchar","44","0","0","True","False",""
"Contatos","6","Con_fax","nvarchar","44","0","0","True","False",""
"Contatos","7","Con_celular","nvarchar","24","0","0","True","False",""
"Contatos","8","Con_email","nvarchar","70","0","0","True","False",""
"Contatos","9","Con_seq","int","4","10","0","False","True",""
"ContatosPrincipais","1","ContPrinc_codigo","float","8","53","0","False","False",""
"ContatosPrincipais","2","ContPrinc_tipo","nchar","6","0","0","True","False",""
"ContatosPrincipais","3","TpCont_codigo","int","4","10","0","True","False",""
"ContatosPrincipais","4","ContPrinc_valor","nvarchar","200","0","0","True","False",""
"ContatosPrincipais","5","ContPrinc_Obs","nvarchar","200","0","0","True","False",""
"ContatosPrincipais","6","Emp_codigo","int","4","10","0","True","False",""
"ContatosPrincipais","7","usr_cod_criacao","int","4","10","0","True","False",""
"ContatosPrincipais","8","usr_dt_hr_criacao","datetime","8","23","3","True","False",""
"ContatosPrincipais","9","usr_cod_alteracao","int","4","10","0","True","False",""
"ContatosPrincipais","10","usr_dt_hr_alteracao","datetime","8","23","3","True","False",""
"ContatosPrincipais","11","ContPrinc_CodCadastro","int","4","10","0","True","False",""
"ContatosPrincipais","12","ContPrinc_nome","nvarchar","100","0","0","True","False",""
"ContatosPrincipais","13","ContPrinc_vinculo","nvarchar","100","0","0","True","False",""
"Controle_entrega","1","cen_codigo_pre","int","4","10","0","False","False","(0)"
"Controle_entrega","2","cen_codigo","int","4","10","0","True","False","(0)"
"Controle_entrega","3","cen_pedido_avulso","int","4","10","0","True","False","(0)"
"Controle_entrega","4","cen_tipo","nvarchar","100","0","0","True","False",""
"Controle_entrega","5","cen_data_conclusao","smalldatetime","4","16","0","True","False",""
"Controle_entrega","6","cen_cliente","nvarchar","90","0","0","True","False",""
"Controle_entrega","7","cli_codigo","int","4","10","0","True","False","(0)"
"Controle_entrega","8","usr_cod_criacao","int","4","10","0","True","False",""
"Controle_entrega","9","usr_dt_hr_criacao","smalldatetime","4","16","0","True","False",""
"Controle_entrega","10","usr_cod_alteracao","int","4","10","0","True","False",""
"Controle_entrega","11","usr_dt_hr_alteracao","smalldatetime","4","16","0","True","False",""
"Controle_entrega","12","cen_modo","char","1","0","0","True","False",""
"Controle_entrega","13","ParSV_serie","char","3","0","0","True","False",""
"Controle_entrega","14","Cen_TipoEntrega","varchar","1","0","0","True","False",""
"Controle_entrega_Assinaturas","1","CenAs_codigo","float","8","53","0","False","False",""
"Controle_entrega_Assinaturas","2","cen_codigo_pre","float","8","53","0","True","False",""
"Controle_entrega_Assinaturas","3","CenAs_Entregou","varchar","60","0","0","True","False",""
"Controle_entrega_Assinaturas","4","CenAs_Recebeu","varchar","60","0","0","True","False",""
"Controle_entrega_Assinaturas","5","CenAs_Recebeu_RG_CPF","varchar","20","0","0","True","False",""
"Controle_entrega_Assinaturas","6","CenAs_EntregouCodigo","int","4","10","0","True","False",""
"Controle_entrega_Assinaturas","7","CenAs_Separou","varchar","60","0","0","True","False",""
"Controle_entrega_Assinaturas","8","CenAs_SeparouCodigo","int","4","10","0","True","False",""
"Controle_entrega_Assinaturas","9","Ced_ordem","int","4","10","0","True","False",""
"Controle_entrega_Assinaturas","10","CedAs_Data","datetime","8","23","3","True","False",""
"Controle_entrega_Assinaturas","11","CedAs_Hora","varchar","5","0","0","True","False",""
"Controle_entrega_Assinaturas","12","usr_cod_criacao","int","4","10","0","True","False",""
"Controle_entrega_Assinaturas","13","usr_dt_hr_criacao","datetime","8","23","3","True","False",""
"Controle_entrega_Assinaturas","14","usr_cod_alteracao","int","4","10","0","True","False",""
"Controle_entrega_Assinaturas","15","usr_dt_hr_alteracao","datetime","8","23","3","True","False",""
"Controle_entrega_Assinaturas","16","Emp_codigo","int","4","10","0","True","False",""
"controle_entrega_data","1","cen_codigo_pre","int","4","10","0","True","False","(0)"
"controle_entrega_data","2","Pro_codnosso","nvarchar","40","0","0","True","False",""
"controle_entrega_data","3","cep_acabamento","nvarchar","20","0","0","True","False",""
"controle_entrega_data","4","ced_data","smalldatetime","4","16","0","True","False",""
"controle_entrega_data","5","ced_quantidade","float","8","53","0","True","False","(0)"
"controle_entrega_data","6","cep_tipo","char","1","0","0","True","False",""
"controle_entrega_data","7","cep_operacao","char","1","0","0","True","False",""
"controle_entrega_data","8","Mod_codigo","int","4","10","0","True","False",""
"controle_entrega_data","9","usr_dt_hr_criacao","datetime","8","23","3","True","False",""
"controle_entrega_data","10","usr_cod_criacao","int","4","10","0","True","False",""
"controle_entrega_data","11","CodAmbiente","int","4","10","0","True","False",""
"controle_entrega_data","12","Ced_CodMovAlt","float","8","53","0","True","False",""
"controle_entrega_data","13","Ced_CodEntrega","int","4","10","0","False","False",""
"controle_entrega_data","14","Ced_ordem","int","4","10","0","True","False",""
"controle_entrega_data","15","Ced_VendSequencia","int","4","10","0","True","False",""
"controle_entrega_data","16","Ced_VendSequenciaItem","int","4","10","0","True","False",""
"controle_entrega_data","17","Ced_VendItem","int","4","10","0","True","False",""
"controle_entrega_data","18","Ced_ordemSeparacao","int","4","10","0","True","False",""
"controle_entrega_data","19","Ced_DataConferenciaInicial","datetime","8","23","3","True","False",""
"controle_entrega_data","20","Ced_DataConferenciaFinal","datetime","8","23","3","True","False",""
"controle_entrega_data","21","CED_Volume","nvarchar","20","0","0","True","False",""
"controle_entrega_prod","1","cen_codigo_pre","int","4","10","0","True","False","(0)"
"controle_entrega_prod","2","Pro_codnosso","nvarchar","40","0","0","True","False",""
"controle_entrega_prod","3","cep_acabamento","nvarchar","20","0","0","True","False",""
"controle_entrega_prod","4","cep_tipo","nvarchar","2","0","0","True","False",""
"controle_entrega_prod","5","cep_quantidade_entregue","float","8","53","0","True","False","(0)"
"controle_entrega_prod","6","cep_quantidade","float","8","53","0","True","False","(0)"
"controle_entrega_prod","7","cep_quantidade_separadaRet","float","8","53","0","True","False",""
"controle_entrega_prod","8","cep_quantidade_entregueRET","float","8","53","0","True","False",""
"controle_entrega_prod","9","usr_dt_hr_criacao","datetime","8","23","3","True","False",""
"controle_entrega_prod","10","usr_cod_criacao","int","4","10","0","True","False",""
"controle_entrega_prod","11","CodAmbiente","int","4","10","0","True","False",""
"controle_entrega_prod","12","cep_quantidade_separada","float","8","53","0","True","False",""
"controle_entrega_prod","13","CEP_QuantidadeDevolvida","float","8","53","0","True","False",""
"controle_entrega_prod","14","CEP_QuantidadeDevolvidaEst","float","8","53","0","True","False",""
"controle_entrega_prod","15","Cep_VendSequencia","int","4","10","0","True","False",""
"controle_entrega_prod","16","Cep_VendSequenciaItem","int","4","10","0","True","False",""
"controle_entrega_prod","17","Cep_VendItem","int","4","10","0","True","False",""
"controle_entrega_prod","18","Cep_TipoEntrega","varchar","20","0","0","True","False",""
"controle_entrega_prod","19","CEP_Obs","ntext","16","0","0","True","False",""
"controle_entrega_prod","20","cep_codigo","int","4","10","0","False","False",""
"controle_entrega_prod","21","Cep_Servico","bit","1","1","0","True","False",""
"ControleCheque","1","ControlCheque_codigo","float","8","53","0","False","False",""
"ControleCheque","2","ControlCheque_tipo","char","1","0","0","True","False",""
"ControleCheque","3","ControlCheque_CodPagamento","float","8","53","0","True","False",""
"ControleCheque","4","usr_cod_criacao","int","4","10","0","True","False",""
"ControleCheque","5","usr_dt_hr_criacao","datetime","8","23","3","True","False",""
"ControleCheque","6","usr_cod_alteracao","int","4","10","0","True","False",""
"ControleCheque","7","usr_dt_hr_alteracao","datetime","8","23","3","True","False",""
"ControleCheque","8","ControlCheque_LotePag","float","8","53","0","True","False",""
"ControleChequeDet","1","ControlChequeDet_Codigo","float","8","53","0","False","False",""
"ControleChequeDet","2","ControlCheque_Codigo","float","8","53","0","True","False",""
"ControleChequeDet","3","ControlChequeDet_Tipo","varchar","20","0","0","True","False",""
"ControleChequeDet","4","Ban_Codigo","char","4","0","0","True","False",""
"ControleChequeDet","5","ControlChequeDet_Agencia","varchar","10","0","0","True","False",""
"ControleChequeDet","6","ControlChequeDet_Conta","varchar","15","0","0","True","False",""
"ControleChequeDet","7","ControlChequeDet_Vinculo","varchar","20","0","0","True","False",""
"ControleChequeDet","8","ControlChequeDet_VinculoCodigo","float","8","53","0","True","False",""
"ControleChequeDet","9","ControlChequeDet_Emitente","varchar","50","0","0","True","False",""
"ControleChequeDet","10","ControlChequeDet_NumCheque","varchar","10","0","0","True","False",""
"ControleChequeDet","11","ControlChequeDet_EmitCNPJCPF","varchar","21","0","0","True","False",""
"ControleChequeDet","12","ControlChequeDet_Situacao","varchar","50","0","0","True","False",""
"ControleChequeDet","13","ControlChequeDet_Factoring","bit","1","1","0","True","False",""
"ControleChequeDet","14","EmpFact_Codigo","int","4","10","0","True","False",""
"ControleChequeDet","15","ControlChequeDet_RepasCodigo","float","8","53","0","True","False",""
"ControleChequeDet","16","ControlChequeDet_FactVlOrig","float","8","53","0","True","False",""
"ControleChequeDet","17","ControlChequeDet_FactDesc","float","8","53","0","True","False",""
"ControleChequeDet","18","ControlChequeDet_FactDtEnvio","datetime","8","23","3","True","False",""
"ControleChequeDet","19","ControlChequeDet_FactDtComp","datetime","8","23","3","True","False",""
"ControleChequeDet","20","ControlChequeDet_Compensado","bit","1","1","0","True","False",""
"ControleChequeDet","21","usr_cod_criacao","int","4","10","0","True","False",""
"ControleChequeDet","22","usr_dt_hr_criacao","datetime","8","23","3","True","False",""
"ControleChequeDet","23","usr_cod_alteracao","int","4","10","0","True","False",""
"ControleChequeDet","24","usr_dt_hr_alteracao","datetime","8","23","3","True","False",""
"ControleChequeDet","25","ControlChequeDet_FactVlDesc","float","8","53","0","True","False",""
"ControleChequeDet","26","ControlChequeDet_FactVldoDesc","float","8","53","0","True","False",""
"ControleChequeDet","27","ControlChequeDet_ContaJurosPag","float","8","53","0","True","False",""
"ControleChequeDet","28","ControlChequeDet_ContaJuros","float","8","53","0","True","False",""
"ControleChequeDet","29","ControlChequeDet_FactTAC","float","8","53","0","True","False",""
"ControleChequeDet","30","ControlChequeDet_FactIOF","float","8","53","0","True","False",""
"ControleChequeDet","31","ControlChequeDet_Fact2dias","bit","1","1","0","True","False",""
"ControleChequeDet","32","ControlChequeDet_FactTarifTit","float","8","53","0","True","False",""
"ControleChequeDet","33","ControlChequeDet_FactQtDias","int","4","10","0","True","False",""
"ControleChequeDev","1","ControlChequeDet_Codigo","float","8","53","0","False","False",""
"ControleChequeDev","2","ControlChequeDev_data","datetime","8","23","3","False","False",""
"ControleChequeDev","3","ControlChequeDev_obs","varchar","100","0","0","True","False",""
"ControleNSU","1","ContrNSU_Codigo","float","8","53","0","False","False",""
"ControleNSU","2","ContrNSU_Ultimo","float","8","53","0","True","False",""
"ControleNSU","3","ContrNSU_Maximo","float","8","53","0","True","False",""
"ControleNSU","4","ContrNSU_start","int","4","10","0","True","False",""
"ControleNSU","5","ContrNSU_Data","datetime","8","23","3","True","False",""
"ControleNSU","6","Emp_codigo","int","4","10","0","True","False",""
"ControleNSU","7","usr_cod_criacao","int","4","10","0","True","False",""
"ControleNSU","8","usr_dt_hr_criacao","datetime","8","23","3","True","False",""
"ControleNSU","9","usr_cod_alteracao","int","4","10","0","True","False",""
"ControleNSU","10","usr_dt_hr_alteracao","datetime","8","23","3","True","False",""
"ControleRH","1","CtrlRH_Codigo","float","8","53","0","False","False",""
"ControleRH","2","Fun_Codigo","float","8","53","0","True","False",""
"ControleRH","3","CtrlRH_DtProcessar","datetime","8","23","3","True","False",""
"ControleRH","4","CtrlRH_DtInclusao","datetime","8","23","3","True","False",""
"ControleRH","5","CtrlRH_Modo","char","1","0","0","True","False",""
"ControleRH","6","CtrlRH_Operacao","char","1","0","0","True","False",""
"ControleRH","7","CtrlRH_Valor","float","8","53","0","True","False",""
"ControleRH","8","CtrlRH_ValorReferencia","float","8","53","0","True","False",""
"ControleRH","9","Tpd_codigo","int","4","10","0","True","False",""
"ControleRH","10","CtrlRH_CodDoc","varchar","20","0","0","True","False",""
"ControleRH","11","CtrlRH_Historico","varchar","80","0","0","True","False",""
"ControleRH","12","Pco_codigo","int","4","10","0","True","False",""
"ControleRH","13","Cdc_codigo","int","4","10","0","True","False",""
"ControleRH","14","CtrlRH_FormaPag","int","4","10","0","True","False",""
"ControleRH","15","CtrlRH_Obs","text","16","0","0","True","False",""
"ControleRH","16","CtrlRH_CodDocOri","varchar","20","0","0","True","False",""
"ControleRH","17","CtrlRH_TpDocOri","int","4","10","0","True","False",""
"ControleRH","18","Emp_codigo","int","4","10","0","True","False",""
"ControleRH","19","CtrlRH_ContaRefPag","float","8","53","0","True","False",""
"ControleRH","20","CtrlRH_ContaRefVinc","float","8","53","0","True","False",""
"ControleRH","21","CtrlRH_ContaRefVincDet","float","8","53","0","True","False",""
"ControleRH","22","CtrlRH_Pendente","char","1","0","0","True","False",""
"ControleRH","23","ComPre_codigo","float","8","53","0","True","False",""
"ControleRH","24","Rateio_Codigo","float","8","53","0","True","False",""
"ControleRH","25","ComPreCond_codigo","float","8","53","0","True","False",""
"ControleRH","26","CtrlRH_ComPreCondTP","varchar","2","0","0","True","False",""
"ControleRH","27","CtrlRH_VendaExcluida","char","1","0","0","True","False",""
"ControleRH","28","FechComis_Codigo","float","8","53","0","True","False",""
"ControleRH","29","usr_cod_criacao","int","4","10","0","True","False",""
"ControleRH","30","usr_dt_hr_criacao","datetime","8","23","3","True","False",""
"ControleRH","31","usr_cod_alteracao","int","4","10","0","True","False",""
"ControleRH","32","usr_dt_hr_alteracao","datetime","8","23","3","True","False",""
"ControleRH","33","ParSV_serie","char","3","0","0","True","False",""
"Credito","1","Credito_Codigo","float","8","53","0","False","False",""
"Credito","2","Credito_TipoVinculo","char","1","0","0","True","False",""
"Credito","3","Credito_CodigoVinculo","int","4","10","0","True","False",""
"Credito","4","Credito_Operacao","char","1","0","0","True","False",""
"Credito","5","Credito_Valor","float","8","53","0","True","False",""
"Credito","6","Credito_Data","datetime","8","23","3","True","False",""
"Credito","7","Tpd_Codigo","int","4","10","0","True","False",""
"Credito","8","Credito_TpdcodigoOrigem","int","4","10","0","True","False",""
"Credito","9","Credito_CodigoDoc","varchar","15","0","0","True","False",""
"Credito","10","Credito_Obs","varchar","500","0","0","True","False",""
"Credito","11","Credito_Situacao","char","1","0","0","True","False",""
"Credito","12","usr_cod_criacao","int","4","10","0","True","False",""
"Credito","13","usr_dt_hr_criacao","datetime","8","23","3","True","False",""
"Credito","14","usr_cod_alteracao","int","4","10","0","True","False",""
"Credito","15","usr_dt_hr_alteracao","datetime","8","23","3","True","False",""
"Credito","16","Credito_Antecipado","char","2","0","0","True","False",""
"Credito","17","Credito_Docvenda","bit","1","1","0","True","False",""
"Credito","18","ParSV_serie","char","3","0","0","True","False",""
"Credito","19","Emp_codigo","int","4","10","0","True","False",""
"CreditoIndicacao","1","CredInd_Codigo","float","8","53","0","False","False",""
"CreditoIndicacao","2","Ind_Codigo","int","4","10","0","True","False",""
"CreditoIndicacao","3","CredInd_DtProcessar","datetime","8","23","3","True","False",""
"CreditoIndicacao","4","CredInd_DtInclusao","datetime","8","23","3","True","False",""
"CreditoIndicacao","5","CredInd_Operacao","char","1","0","0","True","False",""
"CreditoIndicacao","6","CredInd_Valor","float","8","53","0","True","False",""
"CreditoIndicacao","7","Tpd_codigo","int","4","10","0","True","False",""
"CreditoIndicacao","8","CredInd_CodDoc","varchar","20","0","0","True","False",""
"CreditoIndicacao","9","Pco_codigo","int","4","10","0","True","False",""
"CreditoIndicacao","10","Cdc_codigo","int","4","10","0","True","False",""
"CreditoIndicacao","11","CredInd_Obs","text","16","0","0","True","False",""
"CreditoIndicacao","12","Ret_codigo","float","8","53","0","True","False",""
"CreditoIndicacao","13","CredInd_ContaRefPag","float","8","53","0","True","False",""
"CreditoIndicacao","14","CredInd_parcela","int","4","10","0","True","False",""
"CreditoIndicacao","15","CredInd_situacao","char","1","0","0","True","False",""
"CreditoIndicacao","16","usr_cod_criacao","int","4","10","0","True","False",""
"CreditoIndicacao","17","usr_dt_hr_criacao","datetime","8","23","3","True","False",""
"CreditoIndicacao","18","usr_cod_alteracao","int","4","10","0","True","False",""
"CreditoIndicacao","19","usr_dt_hr_alteracao","datetime","8","23","3","True","False",""
"Custo","1","Cus_codigo","int","4","10","0","False","False","(0)"
"Custo","2","for_codigo","int","4","10","0","False","False",""
"Custo","3","Cus_Nome","nvarchar","70","0","0","False","False",""
"Custo","4","Cus_desconto1","money","8","19","4","True","False",""
"Custo","5","Cus_desconto2","money","8","19","4","True","False",""
"Custo","6","Cus_desconto3","money","8","19","4","True","False",""
"Custo","7","Cus_desconto4","money","8","19","4","True","False",""
"Custo","8","Cus_IPI","money","8","19","4","True","False",""
"Custo","9","Cus_Frete","money","8","19","4","True","False",""
"Custo","10","Cus_Icms","money","8","19","4","True","False",""
"Custo","11","Cus_Embalagens","money","8","19","4","True","False",""
"Custo","12","Cus_Financeira","money","8","19","4","True","False",""
"Custo","13","Cus_Simples","money","8","19","4","True","False",""
"Custo","14","Cus_outros","money","8","19","4","True","False",""
"Custo","15","Cus_obs","ntext","16","0","0","True","False",""
"Custo","16","Cus_MargValAgreg","float","8","53","0","True","False",""
"Custo","17","Cus_IcmsDestino","float","8","53","0","True","False",""
"Custo","18","Cus_TributacaoICMS","varchar","30","0","0","True","False",""
"Custo","19","Cus_situacao","char","1","0","0","True","False",""
"Custo","20","Cus_Importacao","float","8","53","0","True","False",""
"Custo","21","Cus_Cambio","float","8","53","0","True","False",""
"Custo","22","Cus_TpVlNFo","char","1","0","0","True","False",""
"Custo","23","Cus_NFoICMS","bit","1","1","0","True","False",""
"Custo","24","Cus_NFoOutros","bit","1","1","0","True","False",""
"Custo","25","Cus_NFoIPI","bit","1","1","0","True","False",""
"Custo","26","Cus_NFoSimples","bit","1","1","0","True","False",""
"Custo","27","Cus_NFoEmbalagem","bit","1","1","0","True","False",""
"Custo","28","Cus_NFoFinanceiro","bit","1","1","0","True","False",""
"Custo","29","Cus_NFoFrete","bit","1","1","0","True","False",""
"Custo","30","Cus_NFoDesconto","bit","1","1","0","True","False",""
"Custo","31","Cus_ICMSDifAlqIPI","bit","1","1","0","True","False",""
"Custo","32","Cus_PorcCartao","float","8","53","0","True","False",""
"Custo","33","Cus_STEmbalagem","bit","1","1","0","True","False",""
"Custo","34","Cus_CreditoICMS","float","8","53","0","True","False",""
"Custo","35","Cus_CreditoPIS","float","8","53","0","True","False",""
"Custo","36","Cus_CreditoCOFINS","float","8","53","0","True","False",""
"Custo","37","Cus_CustoFixo","float","8","53","0","True","False",""
"Custo","38","Cus_Desconto","float","8","53","0","True","False",""
"Custo","39","Cus_FreteemCompra","bit","1","1","0","True","False",""
"Custo","40","Cus_ICMSValorCompra","bit","1","1","0","True","False",""
"custo_log","1","Csl_codigo","float","8","53","0","False","False",""
"custo_log","2","Cus_codigo","int","4","10","0","False","False",""
"custo_log","3","for_codigo","int","4","10","0","False","False",""
"custo_log","4","Csl_Nome","nvarchar","70","0","0","False","False",""
"custo_log","5","Csl_desconto1","money","8","19","4","True","False",""
"custo_log","6","Csl_desconto2","money","8","19","4","True","False",""
"custo_log","7","Csl_desconto3","money","8","19","4","True","False",""
"custo_log","8","Csl_desconto4","money","8","19","4","True","False",""
"custo_log","9","Csl_IPI","money","8","19","4","True","False",""
"custo_log","10","Csl_Frete","money","8","19","4","True","False",""
"custo_log","11","Csl_Icms","money","8","19","4","True","False",""
"custo_log","12","Csl_Embalagens","money","8","19","4","True","False",""
"custo_log","13","Csl_Financeira","money","8","19","4","True","False",""
"custo_log","14","Csl_Simples","money","8","19","4","True","False",""
"custo_log","15","Csl_outros","money","8","19","4","True","False",""
"custo_log","16","Csl_obs","ntext","16","0","0","True","False",""
"custo_log","17","usr_cod_criacao","int","4","10","0","True","False",""
"custo_log","18","usr_dt_hr_criacao","datetime","8","23","3","True","False",""
"custo_log","19","Csl_MargValAgreg","float","8","53","0","True","False",""
"custo_log","20","Csl_IcmsDestino","float","8","53","0","True","False",""
"custo_log","21","Csl_TributacaoICMS","varchar","30","0","0","True","False",""
"custo_log","22","Csl_Importacao","float","8","53","0","True","False",""
"custo_log","23","Csl_Cambio","float","8","53","0","True","False",""
"custo_log","24","Csl_PorcCartao","float","8","53","0","True","False",""
"custo_log","25","Csl_STEmbalagem","bit","1","1","0","True","False",""
"custo_log","26","Csl_CreditoICMS","float","8","53","0","True","False",""
"custo_log","27","Csl_CreditoPIS","float","8","53","0","True","False",""
"custo_log","28","Csl_CreditoCOFINS","float","8","53","0","True","False",""
"custo_log","29","Csl_CustoFixo","float","8","53","0","True","False",""
"custo_log","30","Csl_Desconto","float","8","53","0","True","False",""
"custo_log","31","Csl_FreteemCompra","bit","1","1","0","True","False",""
"DadosBancarios","1","DadBan_codigo","float","8","53","0","False","False",""
"DadosBancarios","2","DadBan_tipo","nchar","6","0","0","True","False",""
"DadosBancarios","3","DadBan_CodCadastro","int","4","10","0","True","False",""
"DadosBancarios","4","Ban_Codigo","char","4","0","0","True","False",""
"DadosBancarios","5","DadBan_agencia","nvarchar","50","0","0","True","False",""
"DadosBancarios","6","DadBan_conta","nvarchar","50","0","0","True","False",""
"DadosBancarios","7","DadBan_EnderecoBanco","nvarchar","300","0","0","True","False",""
"DadosBancarios","8","DadBan_SWIFT_BIC","nvarchar","50","0","0","True","False",""
"DadosBancarios","9","DadBan_ABA","nvarchar","50","0","0","True","False",""
"DadosBancarios","10","DadBan_IBAN","nvarchar","50","0","0","True","False",""
"DadosBancarios","11","DadBan_situacao","bit","1","1","0","True","False",""
"DadosBancarios","12","Emp_codigo","int","4","10","0","True","False",""
"DadosBancarios","13","usr_cod_criacao","int","4","10","0","True","False",""
"DadosBancarios","14","usr_dt_hr_criacao","datetime","8","23","3","True","False",""
"DadosBancarios","15","usr_cod_alteracao","int","4","10","0","True","False",""
"DadosBancarios","16","usr_dt_hr_alteracao","datetime","8","23","3","True","False",""
"DadosBancarios","17","DadBan_ClienteData","datetime","8","23","3","True","False",""
"DataGanhoVend","1","DtGV_Data","datetime","8","23","3","True","False",""
"DataGanhoVend","2","DtGV_MesAno","varchar","7","0","0","True","False",""
"DESIGNER","1","Desig_Codigo","numeric","9","18","0","False","True",""
"DESIGNER","2","Desig_Descricao","nvarchar","100","0","0","True","False",""
"DESIGNER","3","Desig_Situacao","char","1","0","0","True","False",""
"DESIGNER","4","usr_cod_criacao","int","4","10","0","True","False",""
"DESIGNER","5","usr_dt_hr_criacao","datetime","8","23","3","True","False",""
"DESIGNER","6","usr_cod_alteracao","int","4","10","0","True","False",""
"DESIGNER","7","usr_dt_hr_alteracao","datetime","8","23","3","True","False",""
"DESIGNER","8","Emp_codigo","int","4","10","0","True","False",""
"Devolucao","1","Dev_codigo","float","8","53","0","False","False",""
"Devolucao","2","Dev_CodigoPre","float","8","53","0","False","False",""
"Devolucao","3","ven_codigopre","float","8","53","0","True","False",""
"Devolucao","4","Dev_Dtemissao","datetime","8","23","3","True","False",""
"Devolucao","5","Emp_codigo","int","4","10","0","True","False",""
"Devolucao","6","Dev_SubTotal","float","8","53","0","True","False",""
"Devolucao","7","Dev_AcrescimoPorc","float","8","53","0","True","False",""
"Devolucao","8","Dev_Acrescimo","float","8","53","0","True","False",""
"Devolucao","9","Dev_DescontoPorc","float","8","53","0","True","False",""
"Devolucao","10","Dev_Desconto","float","8","53","0","True","False",""
"Devolucao","11","Dev_Total","float","8","53","0","True","False",""
"Devolucao","12","Obr_codigo","float","8","53","0","True","False",""
"Devolucao","13","Dev_SubTotalProd","float","8","53","0","True","False",""
"Devolucao","14","Dev_AcrescimoPorcProd","float","8","53","0","True","False",""
"Devolucao","15","Dev_AcrescimoProd","float","8","53","0","True","False",""
"Devolucao","16","Dev_DescontoPorcProd","float","8","53","0","True","False",""
"Devolucao","17","Dev_DescontoProd","float","8","53","0","True","False",""
"Devolucao","18","Dev_TotalProd","float","8","53","0","True","False",""
"Devolucao","19","Dev_SubTotalServ","float","8","53","0","True","False",""
"Devolucao","20","Dev_AcrescimoPorcServ","float","8","53","0","True","False",""
"Devolucao","21","Dev_AcrescimoServ","float","8","53","0","True","False",""
"Devolucao","22","Dev_DescontoPorcServ","float","8","53","0","True","False",""
"Devolucao","23","Dev_DescontoServ","float","8","53","0","True","False",""
"Devolucao","24","Dev_TotalServ","float","8","53","0","True","False",""
"Devolucao","25","Dev_CriarFinCred","char","1","0","0","True","False",""
"Devolucao","26","Dev_obs","varchar","5000","0","0","True","False",""
"Devolucao","27","Dev_situacao","bit","1","1","0","True","False",""
"Devolucao","28","Dev_Desagio","bit","1","1","0","True","False",""
"Devolucao","29","Dev_ValorDesagio","float","8","53","0","True","False",""
"Devolucao","30","Dev_TipoDesc","char","1","0","0","True","False",""
"Devolucao","31","Dev_migrado","bit","1","1","0","True","False",""
"Devolucao","32","usr_dt_hr_criacao","datetime","8","23","3","True","False",""
"Devolucao","33","usr_cod_alteracao","int","4","10","0","True","False",""
"Devolucao","34","usr_dt_hr_alteracao","datetime","8","23","3","True","False",""
"Devolucao","35","usr_cod_criacao","int","4","10","0","True","False",""
"Devolucao","36","Dev_descricao","varchar","100","0","0","True","False",""
"Devolucao","37","Dev_DesagioTipo","varchar","1","0","0","True","False",""
"DevolucaoDesagio","1","Dev_codigopre","float","8","53","0","True","False",""
"DevolucaoDesagio","2","DevDes_porcentagem","float","8","53","0","True","False",""
"DevolucaoDesagio","3","DevDes_valor","float","8","53","0","True","False",""
"DevolucaoDesagio","4","GrupoProduto_Codigo","int","4","10","0","True","False",""
"DevolucaoDesagio","5","DevDes_valorComDesc","money","8","19","4","True","False",""
"DevolucaoDesagio","6","DevDes_Sequencia","int","4","10","0","False","True",""
"DevolucaoDesagio","7","DevDes_ValorGrupo","float","8","53","0","True","False",""
"DevolucaoProduto","1","Dev_CodigoPre","float","8","53","0","False","False",""
"DevolucaoProduto","2","DevPro_item","int","4","10","0","False","False",""
"DevolucaoProduto","3","Pro_codnosso","nvarchar","40","0","0","False","False",""
"DevolucaoProduto","4","CodAcabamento","nvarchar","20","0","0","False","False",""
"DevolucaoProduto","5","CodAmbiente","int","4","10","0","True","False",""
"DevolucaoProduto","6","DevPro_Seq","int","4","10","0","True","False",""
"DevolucaoProduto","7","DevPro_SeqItem","int","4","10","0","True","False",""
"DevolucaoProduto","8","DevPro_Quantidade","float","8","53","0","True","False",""
"DevolucaoProduto","9","DevPro_QuantidadeOriginal","float","8","53","0","True","False",""
"DevolucaoProduto","10","DevPro_VlUnitario","float","8","53","0","True","False",""
"DevolucaoProduto","11","DevPro_VlItem","float","8","53","0","True","False",""
"DevolucaoProduto","12","DevPro_Vldesconto","float","8","53","0","True","False",""
"DevolucaoProduto","13","DevPro_VlDescontoProc","float","8","53","0","True","False",""
"DevolucaoProduto","14","DevPro_Vlimposto","float","8","53","0","True","False",""
"DevolucaoProduto","15","DevPro_ProdutoPai","nvarchar","40","0","0","True","False",""
"DevolucaoProduto","16","DevPro_ProdutoSubPai","nvarchar","40","0","0","True","False",""
"DevolucaoProduto","17","DevPro_ItemPai","int","4","10","0","True","False",""
"DevolucaoProduto","18","DevPro_ItemSubPai","int","4","10","0","True","False",""
"DevolucaoProduto","19","DevPro_ValorCredito","float","8","53","0","True","False",""
"DevolucaoProduto","20","pld_codindice","varchar","20","0","0","True","False",""
"DevolucaoProduto","21","DevPro_usuarioestoque","int","4","10","0","True","False",""
"DevolucaoProduto","22","DevPro_DtHrUsuarioEstoque","datetime","8","23","3","True","False",""
"DevolucaoProduto","23","DevPro_motivodev","int","4","10","0","True","False",""
"DevolucaoProduto","24","usr_dt_hr_criacao","datetime","8","23","3","True","False",""
"DevolucaoProduto","25","usr_cod_alteracao","int","4","10","0","True","False",""
"DevolucaoProduto","26","usr_dt_hr_alteracao","datetime","8","23","3","True","False",""
"DevolucaoProduto","27","usr_cod_criacao","int","4","10","0","True","False",""
"DevolucaoProduto","28","Tam_codigo","float","8","53","0","True","False",""
"DevolucaoProduto","29","DevPro_Simbolo","varchar","30","0","0","True","False",""
"DevolucaoProduto","30","DevPro_aplicacao","varchar","200","0","0","True","False",""
"DevolucaoServico","1","Dev_codigopre","float","8","53","0","False","False","((0))"
"DevolucaoServico","2","DevSer_item","int","4","10","0","False","False","((0))"
"DevolucaoServico","3","Sev_cod","int","4","10","0","True","False","((0))"
"DevolucaoServico","4","CodAmbiente","int","4","10","0","True","False","((0))"
"DevolucaoServico","5","DevSer_quantidade","float","8","53","0","True","False","((0))"
"DevolucaoServico","6","DevSer_vlunitario","money","8","19","4","True","False","((0))"
"DevolucaoServico","7","DevSer_vlitem","money","8","19","4","True","False","((0))"
"DevolucaoServico","8","DevSer_DescVl","float","8","53","0","True","False",""
"DevolucaoServico","9","DevSer_DescPorc","float","8","53","0","True","False",""
"DevolucaoServico","10","usr_cod_criacao","int","4","10","0","True","False",""
"DevolucaoServico","11","usr_dt_hr_criacao","datetime","8","23","3","True","False",""
"DevolucaoServico","12","usr_cod_alteracao","int","4","10","0","True","False",""
"DevolucaoServico","13","usr_dt_hr_alteracao","datetime","8","23","3","True","False",""
"DevolucaoServico","14","DevSer_VlEletricista","float","8","53","0","True","False",""
"DevolucaoServico","15","ain_codigo","float","8","53","0","True","False",""
"DevolucaoServico","16","Emp_codigo","int","4","10","0","True","False",""
"DFeResumoNFe","1","DFeResNFe_Codigo","float","8","53","0","False","False",""
"DFeResumoNFe","2","DFeResNFe_Versao","varchar","10","0","0","True","False",""
"DFeResumoNFe","3","DFeResNFe_Chave","varchar","50","0","0","True","False",""
"DFeResumoNFe","4","DFeResNFe_CNPJ","varchar","14","0","0","True","False",""
"DFeResumoNFe","5","DFeResNFe_CPF","varchar","11","0","0","True","False",""
"DFeResumoNFe","6","DFeResNFe_Nome","varchar","100","0","0","True","False",""
"DFeResumoNFe","7","DFeResNFe_IE","varchar","14","0","0","True","False",""
"DFeResumoNFe","8","DFeResNFe_DataEmissao","datetime","8","23","3","True","False",""
"DFeResumoNFe","9","DFeResNFe_TipoOperacao","varchar","10","0","0","True","False",""
"DFeResumoNFe","10","DFeResNFe_ValorTotal","float","8","53","0","True","False",""
"DFeResumoNFe","11","DFeResNFe_Digito","varchar","30","0","0","True","False",""
"DFeResumoNFe","12","DFeResNFe_DataRecebimento","datetime","8","23","3","True","False",""
"DFeResumoNFe","13","DFeResNFe_Protocolo","varchar","20","0","0","True","False",""
"DFeResumoNFe","14","DFeResNFe_SituacaoNFe","varchar","1","0","0","True","False",""
"DFeResumoNFe","15","Emp_codigo","int","4","10","0","True","False",""
"DFeResumoNFe","16","usr_cod_criacao","int","4","10","0","True","False",""
"DFeResumoNFe","17","usr_dt_hr_criacao","datetime","8","23","3","True","False",""
"DFeResumoNFe","18","usr_cod_alteracao","int","4","10","0","True","False",""
"DFeResumoNFe","19","usr_dt_hr_alteracao","datetime","8","23","3","True","False",""
"DFeResumoNFe","20","DFeResNFe_ConfiroOper","bit","1","1","0","True","False",""
"DFeResumoNFe","21","DFeResNFe_CienciaOperacao","bit","1","1","0","True","False",""
"DFeResumoNFe","22","DFeResNFe_DesOperacao","bit","1","1","0","True","False",""
"DFeResumoNFe","23","DFeResNFe_OperNaoRealiz","bit","1","1","0","True","False",""
"DFeResumoNFe","24","DFeResNFe_Justificativa","varchar","200","0","0","True","False",""
"DFeResumoNFe","25","DFeResNFe_ConfOperProt","varchar","20","0","0","True","False",""
"DFeResumoNFe","26","DFeResNFe_CienOperProt","varchar","20","0","0","True","False",""
"DFeResumoNFe","27","DFeResNFe_DescOperProt","varchar","20","0","0","True","False",""
"DFeResumoNFe","28","DFeResNFe_OperoNaoRealizProt","varchar","20","0","0","True","False",""
"DFeResumoNFe","29","DFeResNFe_ConfOperacaoData","datetime","8","23","3","True","False",""
"DFeResumoNFe","30","DFeResNFe_CienOpeData","datetime","8","23","3","True","False",""
"DFeResumoNFe","31","DFeResNFe_DescOperData","datetime","8","23","3","True","False",""
"DFeResumoNFe","32","DFeResNFe_OperNaoRealizData","datetime","8","23","3","True","False",""
"DFeResumoNFe","33","DFeResNFe_NSU","float","8","53","0","True","False",""
"dtproperties","1","id","int","4","10","0","False","True",""
"dtproperties","2","objectid","int","4","10","0","True","False",""
"dtproperties","3","property","varchar","64","0","0","False","False",""
"dtproperties","4","value","varchar","255","0","0","True","False",""
"dtproperties","5","uvalue","nvarchar","510","0","0","True","False",""
"dtproperties","6","lvalue","image","16","0","0","True","False",""
"dtproperties","7","version","int","4","10","0","False","False","(0)"
"ECFCheque","1","ECFC_chavecupom","varchar","10","0","0","False","False",""
"ECFCheque","2","ECFC_NumeroECF","int","4","10","0","True","False",""
"ECFCheque","3","ECFC_Parcela","int","4","10","0","True","False",""
"ECFCheque","4","ECFC_Banco","varchar","4","0","0","True","False",""
"ECFCheque","5","ECFC_Agencia","varchar","10","0","0","True","False",""
"ECFCheque","6","ECFC_Conta","varchar","12","0","0","True","False",""
"ECFCheque","7","ECFC_NumCheque","varchar","10","0","0","True","False",""
"ECFCheque","8","ECFC_Valor","float","8","53","0","True","False",""
"ECFCheque","9","ECFC_DataEmissao","datetime","8","23","3","True","False",""
"ECFCheque","10","ECFC_Databoa","datetime","8","23","3","True","False",""
"ECFCheque","11","ECFC_CPF_CNPJ","varchar","15","0","0","True","False",""
"ECFCheque","12","ECFC_Emitente","varchar","40","0","0","True","False",""
"ECFCheque","13","ECFC_Banda","varchar","30","0","0","True","False",""
"ECFContasReceber","1","ECFCR_IDContaSG","varchar","15","0","0","False","False",""
"ECFContasReceber","2","ECFCR_NumDocSG","varchar","15","0","0","True","False",""
"ECFContasReceber","3","ECFCR_Parcela","int","4","10","0","True","False",""
"ECFContasReceber","4","ECFCR_ClienteCodigo","varchar","15","0","0","True","False",""
"ECFContasReceber","5","ECFCR_DataEmissao","datetime","8","23","3","True","False",""
"ECFContasReceber","6","ECFCR_DataVencimento","datetime","8","23","3","True","False",""
"ECFContasReceber","7","ECFCR_Valor","float","8","53","0","True","False",""
"ECFContasReceber","8","ECFCR_Status","char","1","0","0","True","False",""
"ECFContasReceber","9","ECFCR_Observacao","varchar","30","0","0","True","False",""
"ECFContasReceber","10","ECFCR_PKbaixa","varchar","10","0","0","True","False",""
"ECFContasReceber","11","ECFCR_NumECFBaixa","int","4","10","0","True","False",""
"ECFContasReceber","12","ECFCR_COOECF","int","4","10","0","True","False",""
"ECFContasReceber","13","ECFCR_DataBaixa","datetime","8","23","3","True","False",""
"ECFContasReceber","14","ECFCR_Juros","float","8","53","0","True","False",""
"ECFContasReceber","15","ECFCR_Desconto","float","8","53","0","True","False",""
"ECFContasReceber","16","ECFCR_ValorBaixado","float","8","53","0","True","False",""
"ECFContasReceber","17","ECFCR_OperadorBaixa","varchar","15","0","0","True","False",""
"ECFContasReceber","18","ECFCR_SaldoReceber","float","8","53","0","True","False",""
"ECFCupom","1","ECFC_NumeroCupom","int","4","10","0","False","False",""
"ECFCupom","2","ECFC_NumeroECf","varchar","4","0","0","False","False",""
"ECFCupom","3","ECFC_chavecupom","varchar","10","0","0","False","False",""
"ECFCupom","4","ECFC_Data","datetime","8","23","3","True","False",""
"ECFCupom","5","ECFC_ValorProduto","float","8","53","0","True","False",""
"ECFCupom","6","ECFC_ValorDesconto","float","8","53","0","True","False",""
"ECFCupom","7","ECFC_ValorAcrescimo","float","8","53","0","True","False",""
"ECFCupom","8","ECFC_ValorCupom","float","8","53","0","True","False",""
"ECFCupom","9","ECFC_CNPJCPF","varchar","15","0","0","True","False",""
"ECFCupom","10","ECFC_ClienteCodigo","varchar","15","0","0","True","False",""
"ECFCupom","11","ECFC_ClienteNome","varchar","30","0","0","True","False",""
"ECFCupom","12","ECFC_ClienteEndereco","varchar","30","0","0","True","False",""
"ECFCupom","13","ECFC_ClienteBairro","varchar","20","0","0","True","False",""
"ECFCupom","14","ECFC_ClienteMunicipio","varchar","30","0","0","True","False",""
"ECFCupom","15","ECFC_ClienteUF","char","2","0","0","True","False",""
"ECFCupom","16","ECFC_ClienteFone","varchar","15","0","0","True","False",""
"ECFCupom","17","ECFC_VendedorCodigo","varchar","10","0","0","True","False",""
"ECFCupom","18","ECFC_Operado","varchar","15","0","0","True","False",""
"ECFCupom","19","ECFC_Cancelamento","char","1","0","0","True","False",""
"ECFCupom","20","ECFC_OperadorCancelamento","varchar","15","0","0","True","False",""
"ECFCupom","21","ECFC_OBS1","varchar","25","0","0","True","False",""
"ECFCupom","22","ECFC_OBS2","varchar","25","0","0","True","False",""
"ECFCupom","23","ECFC_TabelaPreco","varchar","10","0","0","True","False",""
"ECFCupom","24","ECFC_HoraInicio","varchar","10","0","0","True","False",""
"ECFCupom","25","ECFC_HoraTermino","varchar","10","0","0","True","False",""
"ECFCupom","26","ECFC_CCF","int","4","10","0","True","False",""
"ECFCupom","27","ECFC_CondPag","int","4","10","0","True","False",""
"ECFCupom","28","ECFC_NumDAV","varchar","13","0","0","True","False",""
"ECFCupom","29","ECFC_NumPreVenda","varchar","10","0","0","True","False",""
"ECFCupom","30","ECFC_NumDocSG","varchar","15","0","0","True","False",""
"ECFCupom","31","ECFC_ClienteComplemento1","varchar","20","0","0","True","False",""
"ECFCupom","32","ECFC_ClienteComplemento2","varchar","20","0","0","True","False",""
"ECFCupom","33","ECFC_ClienteComplemento3","varchar","40","0","0","True","False",""
"ECFCupom","34","ECFC_ClienteComplemento4","varchar","40","0","0","True","False",""
"ECFCupom","35","ParNFe_NumDoctoSG","varchar","15","0","0","True","False",""
"ECFCupom","36","ParNFe_MD5","varchar","40","0","0","True","False",""
"ECFCupom","37","ParNFe_IdentPVCC","varchar","15","0","0","True","False",""
"ECFCupom","38","ParNFe_NumPessoas","int","4","10","0","True","False",""
"ECFCupom","39","ParNFe_COOcancelamento","varchar","10","0","0","True","False",""
"ECFCupom","40","ParNFe_OperadorDesconto","varchar","15","0","0","True","False",""
"ECFCupom","41","ParNFe_ValorICMS","float","8","53","0","True","False",""
"ECFCupom","42","ParNFe_ValorISS","float","8","53","0","True","False",""
"ECFCupom","43","ParNFe_CPFCliente","varchar","14","0","0","True","False",""
"ECFCupom","44","ParNFe_CNPJAdministradora","varchar","14","0","0","True","False",""
"ECFCupom","45","ParNFe_TituloCapitalizacao","varchar","7","0","0","True","False",""
"ECFCupom","46","ParNFe_OperadorCliInativo","varchar","15","0","0","True","False",""
"ECFCupom","47","ParNFe_NumeroNota","varchar","9","0","0","True","False",""
"ECFCupom","48","ParNFe_CNPJbeneficiada","varchar","14","0","0","True","False",""
"ECFCupom","49","ParNFe_RazaoSocialBeneficiada","varchar","60","0","0","True","False",""
"ECFCupom","50","ParNFe_CCFCancelamento","varchar","9","0","0","True","False",""
"ECFCupom","51","ParNFe_EmailCliente","varchar","60","0","0","True","False",""
"ECFCupomNaoFiscal","1","ECFNF_ChaveCupomPAF","varchar","10","0","0","False","False",""
"ECFCupomNaoFiscal","2","ECFNF_NumeroECF","varchar","4","0","0","False","False",""
"ECFCupomNaoFiscal","3","ECFNF_NumeroCupom","int","4","10","0","False","False",""
"ECFCupomNaoFiscal","4","ECFNF_DataEmissao","datetime","8","23","3","True","False",""
"ECFCupomNaoFiscal","5","ECFNF_Valor","float","8","53","0","True","False",""
"ECFCupomNaoFiscal","6","ECFNF_CNPJ_CPF","varchar","14","0","0","True","False",""
"ECFCupomNaoFiscal","7","ECFNF_ClienteNome","varchar","30","0","0","True","False",""
"ECFCupomNaoFiscal","8","ECFNF_ClienteEndereco","varchar","30","0","0","True","False",""
"ECFCupomNaoFiscal","9","ECFNF_ClienteBairro","varchar","20","0","0","True","False",""
"ECFCupomNaoFiscal","10","ECFNF_ClienteMunicipio","varchar","30","0","0","True","False",""
"ECFCupomNaoFiscal","11","ECFNF_ClienteUF","varchar","2","0","0","True","False",""
"ECFCupomNaoFiscal","12","ECFNF_ClienteFone","varchar","15","0","0","True","False",""
"ECFCupomNaoFiscal","13","ECFNF_Operador","varchar","15","0","0","True","False",""
"ECFCupomNaoFiscal","14","ECFNF_Cancelamento","char","1","0","0","True","False",""
"ECFCupomNaoFiscal","15","ECFNF_OperadorCancelamento","varchar","15","0","0","True","False",""
"ECFCupomNaoFiscal","16","ECFNF_HoraInicio","varchar","10","0","0","True","False",""
"ECFCupomNaoFiscal","17","ECFNF_HoraTermino","varchar","10","0","0","True","False",""
"ECFCupomNaoFiscal","18","ECFNF_GNF","int","4","10","0","True","False",""
"ECFCupomNaoFiscal","19","ECFNF_ClienteCodigo","varchar","15","0","0","True","False",""
"ECFCupomNaoFiscal","20","ECFNF_ClienteComplemento1","varchar","20","0","0","True","False",""
"ECFCupomNaoFiscal","21","ECFNF_ClienteComplemento2","varchar","20","0","0","True","False",""
"ECFCupomNaoFiscal","22","ECFNF_ClienteComplemento3","varchar","40","0","0","True","False",""
"ECFCupomNaoFiscal","23","ECFNF_ClienteComplemento4","varchar","40","0","0","True","False",""
"ECFCupomNaoFiscal","24","ECFNF_IndiceTotalizador","int","4","10","0","True","False",""
"ECFCupomNaoFiscal","25","ECFNF_DescricaoTotalizador","varchar","20","0","0","True","False",""
"ECFFinanceiro","1","ECFC_NumeroCupom","int","4","10","0","False","False",""
"ECFFinanceiro","2","ECFC_NumeroECf","varchar","4","0","0","False","False",""
"ECFFinanceiro","3","ECFC_chavecupom","varchar","10","0","0","False","False",""
"ECFFinanceiro","4","ECFF_Parcela","int","4","10","0","False","False",""
"ECFFinanceiro","5","ECFF_FormaPagamento","char","2","0","0","True","False",""
"ECFFinanceiro","6","ECFF_DataVencimento","datetime","8","23","3","True","False",""
"ECFFinanceiro","7","ECFF_Cancelado","char","1","0","0","True","False",""
"ECFFinanceiro","8","ECFF_Observacao","varchar","30","0","0","True","False",""
"ECFFinanceiro","9","ECFF_CondicoesPagamento","char","1","0","0","True","False",""
"ECFFinanceiro","10","ECFF_Valor","float","8","53","0","True","False",""
"ECFFinanceiro","11","ECFF_MD5","varchar","40","0","0","True","False",""
"ECFFinanceiro","12","ECFF_CodNSU","varchar","20","0","0","True","False",""
"ECFFinanceiro","13","ECFF_RedeAutorizadora","varchar","60","0","0","True","False",""
"ECFFinanceiro","14","ECFF_Bandeira","varchar","100","0","0","True","False",""
"ECFFinanceiro","15","ECFF_NumParcelas","int","4","10","0","True","False",""
"ECFFinanceiro","16","ECFF_CodAutorizacao","varchar","40","0","0","True","False",""
"ECFFinanceiro","17","ECFF_CodControle","varchar","40","0","0","True","False",""
"ECFFinanceiro","18","ECFF_Taxa","float","8","53","0","True","False",""
"ECFFinanceiro","19","ECFF_CodTipoServico","int","4","10","0","True","False",""
"ECFFinanceiro","20","ECFF_TipoTransacao","varchar","1","0","0","True","False",""
"ECFFinanceiro","21","ECFF_TipoTroco","varchar","1","0","0","True","False",""
"ECFFinanceiro","22","ECFF_SITEF","varchar","60","0","0","True","False",""
"ECFMapaResumo","1","ECFMR_ChaveCupom","varchar","10","0","0","True","False",""
"ECFMapaResumo","2","ECFMR_CCOInicial","int","4","10","0","True","False",""
"ECFMapaResumo","3","ECFMR_CCOFinal","int","4","10","0","True","False",""
"ECFMapaResumo","4","ECFMR_GrandeTotalIni","float","8","53","0","True","False",""
"ECFMapaResumo","5","ECFMR_GrandeTotalFinal","float","8","53","0","True","False",""
"ECFMapaResumo","6","ECFMR_ContadorReducaoZ","int","4","10","0","True","False",""
"ECFMapaResumo","7","ECFMR_TotalCancelado","float","8","53","0","True","False",""
"ECFMapaResumo","8","ECFMR_TotalAcrescimo","float","8","53","0","True","False",""
"ECFMapaResumo","9","ECFMR_TotalDesconto","float","8","53","0","True","False",""
"ECFMapaResumo","10","ECFMR_TotalIsento","float","8","53","0","True","False",""
"ECFMapaResumo","11","ECFMR_TotalNaoIncidencia","float","8","53","0","True","False",""
"ECFMapaResumo","12","ECFMR_TotalSubstituicao","float","8","53","0","True","False",""
"ECFMapaResumo","13","ECFMR_DataReducao","datetime","8","23","3","True","False",""
"ECFMapaResumo","14","ECFMR_HoraReducao","varchar","50","0","0","True","False",""
"ECFMapaResumo","15","ECFMR_NumeroECF","int","4","10","0","True","False",""
"ECFMapaResumo","16","ECFMR_TotalBruto","float","8","53","0","True","False",""
"ECFMapaResumo","17","ECFMR_CCOReducaoZ","int","4","10","0","True","False",""
"ECFMapaResumo","18","ECFMR_DataReducaoZ","datetime","8","23","3","True","False",""
"ECFMapaResumo","19","ECFMR_TipoReducao","char","1","0","0","True","False",""
"ECFMapaResumo","20","ECFMR_CanceladoISS","float","8","53","0","True","False",""
"ECFMapaResumo","21","ECFMR_AcrescimoISS","float","8","53","0","True","False",""
"ECFMapaResumo","22","ECFMR_DescontoISS","float","8","53","0","True","False",""
"ECFMapaResumo","23","ECFMR_IsentoISS","float","8","53","0","True","False",""
"ECFMapaResumo","24","ECFMR_NaoIncidenteISS","float","8","53","0","True","False",""
"ECFMapaResumo","25","ECFMR_SubstituicaoISS","float","8","53","0","True","False",""
"ECFMapaResumo","26","ECFMR_NumeroSerieECF","varchar","20","0","0","True","False",""
"ECFMapaResumo","27","ECFMR_MarcaECF","varchar","20","0","0","True","False",""
"ECFMapaResumo","28","ECFMR_ModeloECF","varchar","20","0","0","True","False",""
"ECFMapaResumo","29","ECFMR_MFAdicional","char","1","0","0","True","False",""
"ECFMapaResumo","30","ECFMR_NumCRO","float","8","53","0","True","False",""
"ECFMapaResumo","31","ECFMR_MD5","varchar","40","0","0","True","False",""
"ECFMapaResumo","32","ECFMR_COONaoFiscalInicial","varchar","9","0","0","True","False",""
"ECFMapaResumo","33","ECFMR_COONaoFiscalFinal","varchar","9","0","0","True","False",""
"ECFMapaResumo","34","ECFMR_COOPrimeiroComprovante","varchar","9","0","0","True","False",""
"ECFMapaResumoAliquota","1","ECFMRA_ChaveCupom","varchar","10","0","0","True","False",""
"ECFMapaResumoAliquota","2","ECFMRA_Aliquota","float","8","53","0","True","False",""
"ECFMapaResumoAliquota","3","ECFMRA_BaseCalculo","float","8","53","0","True","False",""
"ECFMapaResumoAliquota","4","ECFMRA_ValorImposto","float","8","53","0","True","False",""
"ECFMapaResumoAliquota","5","ECFMRA_NumeroECF","int","4","10","0","True","False",""
"ECFMapaResumoAliquota","6","ECFMRA_IndiceAliquota","char","2","0","0","True","False",""
"ECFMapaResumoAliquota","7","ECFMRA_Servico","char","1","0","0","True","False",""
"ECFMapaResumoAliquota","8","ECFMRA_MD5","varchar","40","0","0","True","False",""
"ECFMovimentoCaixa","1","ECFMC_chavecupom","varchar","10","0","0","False","False",""
"ECFMovimentoCaixa","2","ECFMC_NumeroECF","int","4","10","0","False","False",""
"ECFMovimentoCaixa","3","ECFMC_VendedorCodigo","varchar","10","0","0","True","False",""
"ECFMovimentoCaixa","4","ECFMC_TipoOperacao","varchar","2","0","0","True","False",""
"ECFMovimentoCaixa","5","ECFMC_Valor","float","8","53","0","True","False",""
"ECFMovimentoCaixa","6","ECFMC_Observacao","varchar","30","0","0","True","False",""
"ECFMovimentoCaixa","7","ECFMC_Cancelamento","char","1","0","0","True","False",""
"ECFMovimentoCaixa","8","ECFMC_SequenciaCaixa","float","8","53","0","True","False",""
"ECFMovimentoCaixa","9","ECFMC_Data","datetime","8","23","3","True","False",""
"ECFMovimentoCaixa","10","ECFMC_hora","varchar","10","0","0","True","False",""
"ECFProdutos","1","ECFC_NumeroCupom","int","4","10","0","False","False",""
"ECFProdutos","2","ECFC_NumeroECf","varchar","4","0","0","False","False",""
"ECFProdutos","3","ECFC_chavecupom","varchar","10","0","0","False","False",""
"ECFProdutos","4","ECFP_CodigoProduto","varchar","20","0","0","True","False",""
"ECFProdutos","5","ECFP_DescricaoProduto","varchar","40","0","0","True","False",""
"ECFProdutos","6","ECFP_unidade","char","3","0","0","True","False",""
"ECFProdutos","7","ECFP_Quantidade","float","8","53","0","True","False",""
"ECFProdutos","8","ECFP_VlUnitario","float","8","53","0","True","False",""
"ECFProdutos","9","ECFP_VlDesconto","float","8","53","0","True","False",""
"ECFProdutos","10","ECFP_VlAcrescimo","float","8","53","0","True","False",""
"ECFProdutos","11","ECFP_Tributacao","char","1","0","0","True","False",""
"ECFProdutos","12","ECFP_Aliquota","float","8","53","0","True","False",""
"ECFProdutos","13","ECFP_Cancelado","char","1","0","0","True","False",""
"ECFProdutos","14","ECFP_OperadoCancelameno","varchar","15","0","0","True","False",""
"ECFProdutos","15","ECFP_OrdemItem","int","4","10","0","True","False",""
"ECFProdutos","16","ECFP_IAT","char","1","0","0","True","False",""
"ECFProdutos","17","ECFP_IndiceAliquota","char","2","0","0","True","False",""
"ECFProdutos","18","ECFP_Servico","char","1","0","0","True","False",""
"ECFProdutos","19","ECFP_Vendedor","varchar","15","0","0","True","False",""
"ECFProdutos","20","ECFP_CodigoAdicional","varchar","20","0","0","True","False",""
"ECFProdutos","21","ECFP_MD5","varchar","40","0","0","True","False",""
"ECFProdutos","22","ECFP_CodKIT","varchar","20","0","0","True","False",""
"ECFProdutos","23","ECFP_OrdemKIT","varchar","4","0","0","True","False",""
"ECFProdutos","24","ECFP_OperadorDesconto","varchar","15","0","0","True","False",""
"ECFProdutos","25","ECFP_OperadorAcrescimo","varchar","15","0","0","True","False",""
"ECFProdutos","26","ECFP_Complemento1","varchar","30","0","0","True","False",""
"ECFProdutos","27","ECFP_Complemento2","varchar","30","0","0","True","False",""
"ECFProdutos","28","ECFP_Complemento3","varchar","30","0","0","True","False",""
"EFD_REGISTRO_150","1","EFDR150_Codigo","int","4","10","0","False","False",""
"EFD_REGISTRO_150","2","EFDR150_NOME","varchar","100","0","0","True","False",""
"EFD_REGISTRO_150","3","EFDR150_COD_PAIS","varchar","5","0","0","True","False",""
"EFD_REGISTRO_150","4","EFDR150_CNPJ","varchar","14","0","0","True","False",""
"EFD_REGISTRO_150","5","EFDR150_CPF","varchar","11","0","0","True","False",""
"EFD_REGISTRO_150","6","EFDR150_IE","varchar","14","0","0","True","False",""
"EFD_REGISTRO_150","7","EFDR150_COD_MUN","varchar","7","0","0","True","False",""
"EFD_REGISTRO_150","8","EFDR150_SUFRAMA","varchar","9","0","0","True","False",""
"EFD_REGISTRO_150","9","EFDR150_Endereco","varchar","60","0","0","True","False",""
"EFD_REGISTRO_150","10","EFDR150_Numero","varchar","10","0","0","True","False",""
"EFD_REGISTRO_150","11","EFDR150_Complemento","varchar","60","0","0","True","False",""
"EFD_REGISTRO_150","12","EFDR150_Bairro","varchar","60","0","0","True","False",""
"EFD_REGISTRO_150","13","EFDR150_Situacao","bit","1","1","0","True","False",""
"EFD_REGISTRO_150","14","mun_codigo","int","4","10","0","True","False",""
"EFD_REGISTRO_150","15","usr_cod_criacao","int","4","10","0","True","False",""
"EFD_REGISTRO_150","16","usr_dt_hr_criacao","datetime","8","23","3","True","False",""
"EFD_REGISTRO_150","17","usr_cod_alteracao","int","4","10","0","True","False",""
"EFD_REGISTRO_150","18","usr_dt_hr_alteracao","datetime","8","23","3","True","False",""
"EFD_REGISTRO_150","19","Emp_codigo","int","4","10","0","True","False",""
"email_enviado","1","ema_codigo","float","8","53","0","False","False",""
"email_enviado","2","ema_titulo","nvarchar","100","0","0","True","False",""
"email_enviado","3","ema_data_envio","datetime","8","23","3","True","False",""
"email_enviado","4","ema_para","text","16","0","0","True","False",""
"email_enviado","5","ema_cc","text","16","0","0","True","False",""
"email_enviado","6","ema_texto","text","16","0","0","True","False",""
"email_enviado","7","ema_anexo","text","16","0","0","True","False",""
"email_enviado","8","ema_cco","text","16","0","0","True","False",""
"email_enviado","9","ema_confirma_leitura","bit","1","1","0","True","False",""
"email_enviado","10","ema_prioridade","varchar","5","0","0","True","False",""
"email_enviado","11","usr_cod_criacao","int","4","10","0","True","False",""
"email_enviado","12","usr_dt_hr_criacao","datetime","8","23","3","True","False",""
"email_enviado","13","usr_cod_alteracao","int","4","10","0","True","False",""
"email_enviado","14","usr_dt_hr_alteracao","datetime","8","23","3","True","False",""
"empresa","1","CODLANC","smallint","2","5","0","False","False",""
"empresa","2","EMPRESA","nvarchar","200","0","0","True","False",""
"empresa","3","razao","nvarchar","200","0","0","True","False",""
"empresa","4","ENDER","nvarchar","70","0","0","True","False",""
"empresa","5","BAIRRO","nvarchar","40","0","0","True","False",""
"empresa","6","CIDADE","nvarchar","40","0","0","True","False",""
"empresa","7","UF","nvarchar","4","0","0","True","False",""
"empresa","8","CEP","nvarchar","20","0","0","True","False",""
"empresa","9","TEL","nvarchar","28","0","0","True","False",""
"empresa","10","FAX","nvarchar","28","0","0","True","False",""
"empresa","11","CELULAR","nvarchar","28","0","0","True","False",""
"empresa","12","CGCCPF","nvarchar","38","0","0","True","False",""
"empresa","13","INSC","nvarchar","36","0","0","True","False",""
"empresa","14","CONTATO","nvarchar","60","0","0","True","False",""
"empresa","15","email","nvarchar","80","0","0","True","False",""
"empresa","16","pagina","nvarchar","100","0","0","True","False",""
"empresa","17","OBS","nvarchar","200","0","0","True","False",""
"empresa","18","Pais","nvarchar","40","0","0","True","False",""
"empresa","19","DDD","nvarchar","6","0","0","True","False",""
"empresa","20","numero","nvarchar","12","0","0","True","False",""
"empresa","21","usr_cod_criacao","int","4","10","0","True","False",""
"empresa","22","usr_dt_hr_criacao","smalldatetime","4","16","0","True","False",""
"empresa","23","usr_cod_alteracao","int","4","10","0","True","False",""
"empresa","24","usr_dt_hr_alteracao","smalldatetime","4","16","0","True","False",""
"empresa","25","imagem1","nvarchar","510","0","0","True","False",""
"empresa","26","imagem2","nvarchar","510","0","0","True","False",""
"empresa","27","empresa_resumo","nvarchar","200","0","0","True","False",""
"empresa","28","Emp_CapitalSocial","float","8","53","0","True","False",""
"empresa","29","Emp_ConsRecCom","varchar","20","0","0","True","False",""
"empresa","30","Emp_ImagemVertical","varchar","255","0","0","True","False",""
"empresa","31","Emp_ImagemTela","varchar","255","0","0","True","False",""
"empresa","32","emp_suframa","varchar","12","0","0","True","False",""
"empresa","33","mun_codigo","int","4","10","0","True","False",""
"empresa","34","Emp_complemento","varchar","35","0","0","True","False",""
"empresa","35","Emp_simples","char","1","0","0","True","False",""
"empresa","36","CSOSN_codigo","int","4","10","0","True","False",""
"empresa","37","Emp_RegimeNormal","int","4","10","0","True","False",""
"empresa","38","Emp_LogoRelatorio","varchar","300","0","0","True","False",""
"empresa","39","emp_perfilsped","char","1","0","0","True","False",""
"empresa","40","Emp_CodClienteFornec","float","8","53","0","True","False",""
"empresa","41","Emp_AliqGovFederal","float","8","53","0","True","False",""
"empresa","42","Emp_AliqGovEstadual","float","8","53","0","True","False",""
"empresa","43","Emp_AliqGovMunicipal","float","8","53","0","True","False",""
"empresa","44","Emp_TipoICMS","varchar","1","0","0","True","False",""
"empresa","45","Emp_ISSQN","bit","1","1","0","True","False",""
"empresa","46","Emp_EnderecoEntrega","varchar","50","0","0","True","False",""
"empresa","47","Emp_NumeroEntrega","varchar","10","0","0","True","False",""
"empresa","48","Emp_ComplementoEntrega","varchar","40","0","0","True","False",""
"empresa","49","Emp_BairroEntrega","varchar","30","0","0","True","False",""
"empresa","50","Emp_CepEntrega","varchar","14","0","0","True","False",""
"empresa","51","Emp_CodigoMunicipioEntrega","int","4","10","0","True","False",""
"empresa","52","Emp_EmailEntrega","varchar","100","0","0","True","False",""
"empresa","53","Emp_EnderecoCobranca","varchar","50","0","0","True","False",""
"empresa","54","Emp_NumeroCobranca","varchar","10","0","0","True","False",""
"empresa","55","Emp_ComplementoCobranca","varchar","40","0","0","True","False",""
"empresa","56","Emp_BairroCobranca","varchar","30","0","0","True","False",""
"empresa","57","Emp_CepCobranca","varchar","14","0","0","True","False",""
"empresa","58","Emp_CodigoMunicipioCobranca","int","4","10","0","True","False",""
"empresa","59","Emp_EmailCobranca","varchar","100","0","0","True","False",""
"empresa","60","Emp_InscMunicipal","varchar","18","0","0","True","False",""
"empresa","61","Emp_CNAE","varchar","18","0","0","True","False",""
"empresa","62","Emp_SimplesSubLimiteMunicipal","bit","1","1","0","True","False",""
"empresa","63","Emp_SimplesSubLimiteEstadual","bit","1","1","0","True","False",""
"empresa","64","Emp_CodigoTributacaoMunicipio","varchar","20","0","0","True","False",""
"empresa","65","Emp_NomeEmpresaBarra","varchar","50","0","0","True","False",""
"empresa","66","Emp_situacao","char","1","0","0","True","False",""
"empresa","67","Emp_Software","varchar","30","0","0","True","False",""
"empresa","68","Emp_ImprimirNome","bit","1","1","0","True","False",""
"empresa","69","emp_imagemzebrasedex","ntext","16","0","0","True","False",""
"empresa","70","emp_imagemzebrapac","ntext","16","0","0","True","False",""
"empresa","71","Emp_BancoAgencia","varchar","20","0","0","True","False",""
"empresa","72","Emp_BancoConta","varchar","20","0","0","True","False",""
"empresa","73","Emp_BancoChavePix","varchar","50","0","0","True","False",""
"empresa","74","Ban_Codigo","char","4","0","0","True","False",""
"empresa","75","Emp_CreditoSimples","float","8","53","0","True","False",""
"empresa","76","Emp_FaceBook","varchar","200","0","0","True","False",""
"empresa","77","Emp_Instagram","varchar","200","0","0","True","False",""
"EmpresaFactoring","1","EmpFact_Codigo","int","4","10","0","False","False",""
"EmpresaFactoring","2","EmpFact_CNPJ","varchar","21","0","0","True","False",""
"EmpresaFactoring","3","EmpFact_Nome","varchar","45","0","0","True","False",""
"EmpresaFactoring","4","EmpFact_Fone","varchar","21","0","0","True","False",""
"EmpresaFactoring","5","EmpFact_Fax","varchar","21","0","0","True","False",""
"EmpresaFactoring","6","EmpFact_Celular","varchar","21","0","0","True","False",""
"EmpresaFactoring","7","EmpFact_Contato","varchar","25","0","0","True","False",""
"EmpresaFactoring","8","EmpFact_Endereco","varchar","50","0","0","True","False",""
"EmpresaFactoring","9","EmpFact_Numero","varchar","50","0","0","True","False",""
"EmpresaFactoring","10","EmpFact_Complemento","varchar","40","0","0","True","False",""
"EmpresaFactoring","11","EmpFact_Bairro","varchar","25","0","0","True","False",""
"EmpresaFactoring","12","EmpFact_Cep","varchar","14","0","0","True","False",""
"EmpresaFactoring","13","Mun_codigo","int","4","10","0","True","False",""
"EmpresaFactoring","14","EmpFact_Site","varchar","50","0","0","True","False",""
"EmpresaFactoring","15","EmpFact_Email","varchar","50","0","0","True","False",""
"EmpresaFactoring","16","EmpFact_TipoComunic1","varchar","15","0","0","True","False",""
"EmpresaFactoring","17","EmpFact_TipoComunic2","varchar","15","0","0","True","False",""
"EmpresaFactoring","18","EmpFact_EnderecoComunic1","varchar","50","0","0","True","False",""
"EmpresaFactoring","19","EmpFact_EnderecoComunic2","varchar","50","0","0","True","False",""
"EmpresaFactoring","20","EmpFact_Obs","varchar","500","0","0","True","False",""
"EmpresaFactoring","21","usr_cod_criacao","int","4","10","0","True","False",""
"EmpresaFactoring","22","usr_dt_hr_criacao","datetime","8","23","3","True","False",""
"EmpresaFactoring","23","usr_cod_alteracao","int","4","10","0","True","False",""
"EmpresaFactoring","24","usr_dt_hr_alteracao","datetime","8","23","3","True","False",""
"EmpresaFactoring","25","EmpFact_situacao","char","1","0","0","True","False",""
"EmpresaFactoring","26","cba_codigo","int","4","10","0","True","False",""
"EmpresaFactoring","27","Emp_codigo","int","4","10","0","True","False",""
"EmpresaFactoringAliqDesc","1","EmpFact_Codigo","int","4","10","0","True","False",""
"EmpresaFactoringAliqDesc","2","EmpFactAD_Porcentagem","float","8","53","0","True","False",""
"EmpresaFactoringAliqDesc","3","EmpFactAD_Data","datetime","8","23","3","True","False",""
"EmpresaFactoringAliqDesc","4","usr_cod_criacao","int","4","10","0","True","False",""
"EmpresaFactoringAliqDesc","5","usr_dt_hr_criacao","datetime","8","23","3","True","False",""
"EmpresaFactoringAliqDesc","6","usr_cod_alteracao","int","4","10","0","True","False",""
"EmpresaFactoringAliqDesc","7","usr_dt_hr_alteracao","datetime","8","23","3","True","False",""
"EmpresaFactoringAliqDesc","8","Emp_codigo","int","4","10","0","True","False",""
"EmpresaFactoringAliqDesc","9","EmpFactAD_Codigo","int","4","10","0","True","False",""
"Enderecos_comuns","1","EndComuns_codigo","float","8","53","0","False","False",""
"Enderecos_comuns","2","EndComuns_descricao","nvarchar","100","0","0","True","False",""
"Enderecos_comuns","3","EndComuns_Endereco","nvarchar","100","0","0","True","False",""
"Enderecos_comuns","4","EndComuns_numero","nvarchar","20","0","0","True","False",""
"Enderecos_comuns","5","EndComuns_complemento","nvarchar","80","0","0","True","False",""
"Enderecos_comuns","6","EndComuns_Bairro","nvarchar","50","0","0","True","False",""
"Enderecos_comuns","7","Mun_codigo","int","4","10","0","True","False",""
"Enderecos_comuns","8","EndComuns_CEP","nvarchar","28","0","0","True","False",""
"Enderecos_comuns","9","EndComuns_Situacao","bit","1","1","0","True","False",""
"Enderecos_comuns","10","usr_cod_criacao","int","4","10","0","True","False",""
"Enderecos_comuns","11","usr_dt_hr_criacao","datetime","8","23","3","True","False",""
"Enderecos_comuns","12","usr_cod_alteracao","int","4","10","0","True","False",""
"Enderecos_comuns","13","usr_dt_hr_alteracao","datetime","8","23","3","True","False",""
"Enderecos_comuns","14","Emp_codigo","int","4","10","0","True","False",""
"Ent_devolucao","1","edv_codigo","float","8","53","0","True","False","(0)"
"Ent_devolucao","2","edv_codigo_pre","float","8","53","0","False","False","(0)"
"Ent_devolucao","3","ped_codigo","float","8","53","0","True","False","(0)"
"Ent_devolucao","4","edv_data","datetime","8","23","3","True","False",""
"Ent_devolucao","5","edv_cliente","nvarchar","90","0","0","True","False",""
"Ent_devolucao","6","edv_tl_geral_luminaria","money","8","19","4","True","False","(0)"
"Ent_devolucao","7","edv_tl_geral_materiais","money","8","19","4","True","False","(0)"
"Ent_devolucao","8","edv_tl_geral_servico","money","8","19","4","True","False","(0)"
"Ent_devolucao","9","edv_tl_geral_entrada","money","8","19","4","True","False","(0)"
"Ent_devolucao","10","edv_status","nvarchar","2","0","0","True","False",""
"Ent_devolucao","11","edv_obs","ntext","16","0","0","True","False",""
"Ent_devolucao","12","usr_cod_criacao","int","4","10","0","True","False",""
"Ent_devolucao","13","usr_dt_hr_criacao","datetime","8","23","3","True","False",""
"Ent_devolucao","14","usr_cod_alteracao","int","4","10","0","True","False",""
"Ent_devolucao","15","usr_dt_hr_alteracao","datetime","8","23","3","True","False",""
"Ent_devolucao","16","cli_codigo","int","4","10","0","True","False",""
"Ent_devolucao","17","edv_Desagio","bit","1","1","0","True","False",""
"Ent_devolucao","18","edv_TlLuminaria","money","8","19","4","True","False",""
"Ent_devolucao","19","edv_DescLuminaria","money","8","19","4","True","False",""
"Ent_devolucao","20","edv_DescPorLuminaria","money","8","19","4","True","False",""
"Ent_devolucao","21","edv_TlMateriais","money","8","19","4","True","False",""
"Ent_devolucao","22","edv_DescMateriais","money","8","19","4","True","False",""
"Ent_devolucao","23","edv_DescPorMateriais","money","8","19","4","True","False",""
"Ent_devolucao","24","edv_TlServico","money","8","19","4","True","False",""
"Ent_devolucao","25","edv_DescServico","money","8","19","4","True","False",""
"Ent_devolucao","26","edv_DescPorServico","money","8","19","4","True","False",""
"Ent_devolucao","27","edv_TlEntrada","money","8","19","4","True","False",""
"Ent_devolucao","28","edv_DescEntrada","money","8","19","4","True","False",""
"Ent_devolucao","29","edv_DescPorEntrada","money","8","19","4","True","False",""
"Ent_devolucao","30","edv_TipoDesc","char","1","0","0","True","False",""
"Ent_devolucao","31","edv_DesagioValor","money","8","19","4","True","False",""
"Ent_devolucao_luminaria_det","1","edv_codigo_pre","float","8","53","0","True","False","(0)"
"Ent_devolucao_luminaria_det","2","eld_item","int","4","10","0","True","False","(0)"
"Ent_devolucao_luminaria_det","3","Pro_codnosso","nvarchar","40","0","0","True","False",""
"Ent_devolucao_luminaria_det","4","eld_produto","nvarchar","200","0","0","True","False",""
"Ent_devolucao_luminaria_det","5","eld_unidade","nvarchar","10","0","0","True","False",""
"Ent_devolucao_luminaria_det","6","eld_ambiente","int","4","10","0","True","False","(0)"
"Ent_devolucao_luminaria_det","7","eld_acabamento","nvarchar","10","0","0","True","False",""
"Ent_devolucao_luminaria_det","8","eld_quantidade","float","8","53","0","True","False","(0)"
"Ent_devolucao_luminaria_det","9","eld_vl_unitario","money","8","19","4","True","False","(0)"
"Ent_devolucao_luminaria_det","10","eld_vl_item","money","8","19","4","True","False","(0)"
"Ent_devolucao_luminaria_det","11","eld_tp_entrada","nvarchar","2","0","0","True","False",""
"Ent_devolucao_luminaria_det","12","eld_entrega","bit","1","1","0","True","False",""
"Ent_devolucao_luminaria_det","13","eld_motivo_dev","int","4","10","0","True","False","(0)"
"Ent_devolucao_luminaria_det","14","eld_quant_dev","float","8","53","0","True","False","(0)"
"Ent_devolucao_luminaria_det","15","eld_seq","int","4","10","0","True","False",""
"Ent_devolucao_luminaria_det","16","eld_seq_item","int","4","10","0","True","False","(0)"
"Ent_devolucao_luminaria_det","17","usr_cod_criacao","int","4","10","0","True","False",""
"Ent_devolucao_luminaria_det","18","usr_dt_hr_criacao","smalldatetime","4","16","0","True","False",""
"Ent_devolucao_luminaria_det","19","usr_cod_alteracao","int","4","10","0","True","False",""
"Ent_devolucao_luminaria_det","20","usr_dt_hr_alteracao","smalldatetime","4","16","0","True","False",""
"Ent_devolucao_luminaria_det","21","eld_usuario_estoque","int","4","10","0","True","False",""
"Ent_devolucao_luminaria_det","22","eld_datahora","datetime","8","23","3","True","False",""
"Ent_devolucao_luminaria_det","23","eld_VlImposto","float","8","53","0","True","False",""
"Ent_devolucao_luminaria_det","24","eld_desconto","float","8","53","0","True","False",""
"Ent_devolucao_materiais_det","1","edv_codigo_pre","float","8","53","0","True","False","(0)"
"Ent_devolucao_materiais_det","2","ema_item","int","4","10","0","True","False","(0)"
"Ent_devolucao_materiais_det","3","Pro_codnosso","nvarchar","40","0","0","True","False",""
"Ent_devolucao_materiais_det","4","ema_produto","nvarchar","200","0","0","True","False",""
"Ent_devolucao_materiais_det","5","ema_unidade","nvarchar","10","0","0","True","False",""
"Ent_devolucao_materiais_det","6","ema_ambiente","int","4","10","0","True","False","(0)"
"Ent_devolucao_materiais_det","7","ema_acabamento","nvarchar","10","0","0","True","False",""
"Ent_devolucao_materiais_det","8","ema_quantidade","float","8","53","0","True","False","(0)"
"Ent_devolucao_materiais_det","9","ema_vl_unitario","money","8","19","4","True","False","(0)"
"Ent_devolucao_materiais_det","10","ema_vl_item","money","8","19","4","True","False","(0)"
"Ent_devolucao_materiais_det","11","ema_tp_entrada","nvarchar","2","0","0","True","False",""
"Ent_devolucao_materiais_det","12","ema_entrega","bit","1","1","0","True","False",""
"Ent_devolucao_materiais_det","13","ema_motivo_dev","int","4","10","0","True","False","(0)"
"Ent_devolucao_materiais_det","14","ema_lum_pai","nvarchar","40","0","0","True","False",""
"Ent_devolucao_materiais_det","15","ema_item_rel","int","4","10","0","True","False","(0)"
"Ent_devolucao_materiais_det","16","ema_mat_pai","nvarchar","40","0","0","True","False",""
"Ent_devolucao_materiais_det","17","ema_item_lum","int","4","10","0","True","False","(0)"
"Ent_devolucao_materiais_det","18","ema_quant_dev","float","8","53","0","True","False","(0)"
"Ent_devolucao_materiais_det","19","ema_seq","int","4","10","0","True","False","(0)"
"Ent_devolucao_materiais_det","20","ema_seq_item","int","4","10","0","True","False","(0)"
"Ent_devolucao_materiais_det","21","usr_cod_criacao","int","4","10","0","True","False",""
"Ent_devolucao_materiais_det","22","usr_dt_hr_criacao","smalldatetime","4","16","0","True","False",""
"Ent_devolucao_materiais_det","23","usr_cod_alteracao","int","4","10","0","True","False",""
"Ent_devolucao_materiais_det","24","usr_dt_hr_alteracao","smalldatetime","4","16","0","True","False",""
"Ent_devolucao_materiais_det","25","ema_usuario_estoque","int","4","10","0","True","False",""
"Ent_devolucao_materiais_det","26","ema_datahora","datetime","8","23","3","True","False",""
"Ent_devolucao_materiais_det","27","ema_VlImposto","float","8","53","0","True","False",""
"Ent_devolucao_materiais_det","28","ema_desconto","float","8","53","0","True","False",""
"Ent_devolucao_servico_det","1","edv_codigo_pre","float","8","53","0","True","False","(0)"
"Ent_devolucao_servico_det","2","ese_item","int","4","10","0","True","False","(0)"
"Ent_devolucao_servico_det","3","Sev_cod","int","4","10","0","True","False","(0)"
"Ent_devolucao_servico_det","4","ese_descricao","nvarchar","120","0","0","True","False",""
"Ent_devolucao_servico_det","5","ese_ambiente","int","4","10","0","True","False","(0)"
"Ent_devolucao_servico_det","6","ese_quantidade","float","8","53","0","True","False","(0)"
"Ent_devolucao_servico_det","7","ese_vl_unitario","money","8","19","4","True","False","(0)"
"Ent_devolucao_servico_det","8","ese_vl_item","money","8","19","4","True","False","(0)"
"Ent_devolucao_servico_det","9","ese_quant_dev","float","8","53","0","True","False","(0)"
"Ent_devolucao_servico_det","10","usr_cod_criacao","int","4","10","0","True","False",""
"Ent_devolucao_servico_det","11","usr_dt_hr_criacao","smalldatetime","4","16","0","True","False",""
"Ent_devolucao_servico_det","12","usr_cod_alteracao","int","4","10","0","True","False",""
"Ent_devolucao_servico_det","13","usr_dt_hr_alteracao","smalldatetime","4","16","0","True","False",""
"Ent_devolucaoDesagio","1","edv_codigo","float","8","53","0","True","False",""
"Ent_devolucaoDesagio","2","EdvDes_porcentagem","float","8","53","0","True","False",""
"Ent_devolucaoDesagio","3","EdvDes_valor","float","8","53","0","True","False",""
"Ent_devolucaoDesagio","4","GrupoProduto_Codigo","int","4","10","0","True","False",""
"Ent_devolucaoDesagio","5","EdvDes_valorComDesc","money","8","19","4","True","False",""
"Entrega","1","Ent_Codigo","float","8","53","0","True","False",""
"Entrega","2","Ent_CodigoIndividual","float","8","53","0","False","False",""
"Entrega","3","Ent_dataEntrega","datetime","8","23","3","True","False",""
"Entrega","4","Ent_DataFechamento","datetime","8","23","3","True","False",""
"Entrega","5","Tra_codigo","int","4","10","0","True","False",""
"Entrega","6","Cli_codigo","int","4","10","0","True","False",""
"Entrega","7","Ent_situacacao","char","10","0","0","True","False",""
"Entrega","8","Ent_Observacao","ntext","16","0","0","True","False",""
"Entrega","9","Ent_responsavel","varchar","60","0","0","True","False",""
"Entrega","10","Ent_endereco","nvarchar","100","0","0","True","False",""
"Entrega","11","Ent_numero","nvarchar","20","0","0","True","False",""
"Entrega","12","Ent_Complemento","nvarchar","80","0","0","True","False",""
"Entrega","13","Ent_Bairro","nvarchar","50","0","0","True","False",""
"Entrega","14","Mun_codigo","int","4","10","0","True","False",""
"Entrega","15","Ent_CEP","nvarchar","28","0","0","True","False",""
"Entrega","16","usr_cod_criacao","int","4","10","0","True","False",""
"Entrega","17","usr_dt_hr_criacao","datetime","8","23","3","True","False",""
"Entrega","18","usr_cod_alteracao","int","4","10","0","True","False",""
"Entrega","19","usr_dt_hr_alteracao","datetime","8","23","3","True","False",""
"Entrega","20","Emp_codigo","int","4","10","0","True","False",""
"Entrega","21","Ent_notas","varchar","10","0","0","True","False",""
"Entrega","22","NTF_Codigo","float","8","53","0","True","False",""
"EntregaDetalhe","1","EntDet_codigo","float","8","53","0","False","False",""
"EntregaDetalhe","2","Ent_CodigoIndividual","float","8","53","0","True","False",""
"EntregaDetalhe","3","Ven_CodigoPre","float","8","53","0","True","False",""
"EntregaDetalhe","4","cen_codigo_pre","float","8","53","0","True","False",""
"EntregaDetalhe","5","Ced_ordem","int","4","10","0","True","False",""
"EntregaDetalhe","6","usr_cod_criacao","int","4","10","0","True","False",""
"EntregaDetalhe","7","usr_dt_hr_criacao","datetime","8","23","3","True","False",""
"Estado","1","UF","char","2","0","0","False","False",""
"Estado","2","DescUF","nvarchar","100","0","0","True","False",""
"Estado","3","usr_cod_criacao","int","4","10","0","True","False",""
"Estado","4","usr_dt_hr_criacao","datetime","8","23","3","True","False",""
"Estado","5","usr_cod_alteracao","int","4","10","0","True","False",""
"Estado","6","usr_dt_hr_alteracao","datetime","8","23","3","True","False",""
"Estado","7","est_situacao","char","1","0","0","True","False",""
"Estado","8","UF_CodIBGE","int","4","10","0","True","False",""
"Estado","9","UF_AliqInterEstadual","float","8","53","0","True","False",""
"Estado","10","UF_AliqInterna","float","8","53","0","True","False",""
"Estado","11","UF_AliqFCP","float","8","53","0","True","False",""
"Estado","12","Emp_codigo","int","4","10","0","True","False",""
"Estado","13","UF_CalcularFCP","bit","1","1","0","True","False",""
"estoque_log","1","Elg_codigo","float","8","53","0","True","False",""
"estoque_log","2","Elg_tipo","varchar","25","0","0","True","False",""
"estoque_log","3","Elg_doc","float","8","53","0","True","False",""
"estoque_log","4","Elg_acao","varchar","1","0","0","True","False",""
"estoque_log","5","Elg_operacao","varchar","1","0","0","True","False",""
"estoque_log","6","Elg_pai","float","8","53","0","True","False",""
"estoque_log","7","Elg_data","datetime","8","23","3","True","False",""
"estoque_log","8","Elg_usuario","int","4","10","0","True","False",""
"estoque_log","9","Pro_codnosso","varchar","21","0","0","True","False",""
"estoque_log","10","CodAcabamento","varchar","10","0","0","True","False",""
"estoque_log","11","Elg_quantidade","float","8","53","0","True","False",""
"estoque_log","12","EstTp_Codigo","int","4","10","0","True","False",""
"estoque_log","13","ParSV_serie","char","3","0","0","True","False",""
"estoque_log","14","Tam_codigo","float","8","53","0","True","False",""
"estoque_log","15","Elg_Sequencia","int","4","10","0","False","True",""
"estoque_log","16","Emp_codigo","int","4","10","0","True","False",""
"Estoque_produto","1","Epr_Codnosso","nvarchar","40","0","0","False","False",""
"Estoque_produto","2","Epr_Acabamento","nvarchar","20","0","0","False","False",""
"Estoque_produto","3","Epr_estoque","float","8","53","0","True","False","(0)"
"Estoque_produto","4","Epr_PreEstoque","float","8","53","0","True","False",""
"Estoque_produto","5","EstTp_Codigo","int","4","10","0","False","False",""
"Estoque_produto","6","Emp_codigo","int","4","10","0","False","False",""
"Estoque_produto","7","Tam_codigo","float","8","53","0","False","False",""
"estoque_produto_dia","1","Epd_data","smalldatetime","4","16","0","False","False",""
"estoque_produto_dia","2","Epd_hora","varchar","10","0","0","False","False",""
"estoque_produto_dia","3","Epd_Codnosso","varchar","20","0","0","False","False",""
"estoque_produto_dia","4","Epd_Acabamento","nvarchar","20","0","0","False","False",""
"estoque_produto_dia","5","Epd_estoque","float","8","53","0","True","False",""
"estoque_produto_dia","6","Epd_PreEstoque","float","8","53","0","True","False",""
"estoque_produto_dia","7","EstTp_Codigo","int","4","10","0","False","False",""
"estoque_produto_dia","8","Tam_codigo","float","8","53","0","True","False",""
"estoque_produto_dia","9","Emp_codigo","int","4","10","0","False","False",""
"EstoqueExterno","1","EstExt_codigo","int","4","10","0","False","False",""
"EstoqueExterno","2","EstExt_endereco","varchar","200","0","0","True","False",""
"EstoqueExterno","3","EstExt_usuario","varchar","50","0","0","True","False",""
"EstoqueExterno","4","EstExt_senha","varchar","50","0","0","True","False",""
"EstoqueExterno","5","EstExt_situacao","bit","1","1","0","True","False",""
"EstoqueExterno","6","EstTp_Codigo","int","4","10","0","True","False",""
"EstoqueExterno","7","usr_cod_criacao","int","4","10","0","True","False",""
"EstoqueExterno","8","usr_dt_hr_criacao","datetime","8","23","3","True","False",""
"EstoqueExterno","9","usr_cod_alteracao","int","4","10","0","True","False",""
"EstoqueExterno","10","usr_dt_hr_alteracao","datetime","8","23","3","True","False",""
"EstoqueTipo","1","EstTp_Codigo","int","4","10","0","False","False",""
"EstoqueTipo","2","EstTp_Descricao","varchar","35","0","0","True","False",""
"EstoqueTipo","3","Emp_codigo","int","4","10","0","True","False",""
"EstoqueTipo","4","EstTp_Situacao","char","1","0","0","True","False",""
"EstoqueTipo","5","usr_cod_criacao","int","4","10","0","True","False",""
"EstoqueTipo","6","usr_dt_hr_criacao","datetime","8","23","3","True","False",""
"EstoqueTipo","7","usr_cod_alteracao","int","4","10","0","True","False",""
"EstoqueTipo","8","usr_dt_hr_alteracao","datetime","8","23","3","True","False",""
"EstoqueTipo","9","EstTp_externo","bit","1","1","0","True","False",""
"Etiqueta_Grupo","1","etq_Gru_codigo","int","4","10","0","False","False",""
"Etiqueta_Grupo","2","etq_Gru_nome","nvarchar","100","0","0","True","False",""
"Etiqueta_Grupo","3","usr_cod_criacao","int","4","10","0","True","False",""
"Etiqueta_Grupo","4","usr_dt_hr_criacao","datetime","8","23","3","True","False",""
"Etiqueta_Grupo","5","usr_cod_alteracao","int","4","10","0","True","False",""
"Etiqueta_Grupo","6","usr_dt_hr_alteracao","datetime","8","23","3","True","False",""
"Etiqueta_Grupo","7","etq_Codigo","int","4","10","0","True","False",""
"Etiqueta_Grupo","8","etq_Gru_Tabela","nvarchar","100","0","0","True","False",""
"EtiquetaGrupoDet","1","etq_GrpDet_codigo","float","8","53","0","False","False",""
"EtiquetaGrupoDet","2","etq_Gru_codigo","int","4","10","0","True","False",""
"EtiquetaGrupoDet","3","etq_GrpDet_CodigoItem","varchar","20","0","0","True","False",""
"EtiquetaGrupoDet","4","etq_GrpDet_Nome","varchar","50","0","0","True","False",""
"EtiquetaGrupoDet","5","etq_GrpDet_DescAcabamento","varchar","35","0","0","True","False",""
"EtiquetaGrupoDet","6","etq_GrpDet_CodAcabamento","varchar","10","0","0","True","False",""
"EtiquetaGrupoDet","7","usr_cod_criacao","int","4","10","0","True","False",""
"EtiquetaGrupoDet","8","usr_dt_hr_criacao","datetime","8","23","3","True","False",""
"EtiquetaGrupoDet","9","usr_cod_alteracao","int","4","10","0","True","False",""
"EtiquetaGrupoDet","10","usr_dt_hr_alteracao","datetime","8","23","3","True","False",""
"EtiquetaPronta","1","EtqPront_codigo","int","4","10","0","False","False",""
"EtiquetaPronta","2","EtqPront_LarguraPag","float","8","53","0","True","False","((210))"
"EtiquetaPronta","3","EtqPront_AlturaPag","float","8","53","0","True","False","((297))"
"EtiquetaPronta","4","EtqPront_MargemEsq","float","8","53","0","True","False","((10))"
"EtiquetaPronta","5","EtqPront_MargemDir","float","8","53","0","True","False","((10))"
"EtiquetaPronta","6","EtqPront_MargemSup","float","8","53","0","True","False","((10))"
"EtiquetaPronta","7","EtqPront_MargemInf","float","8","53","0","True","False","((10))"
"EtiquetaPronta","8","EtqPront_PosicaoPag","varchar","20","0","0","True","False",""
"EtiquetaPronta","9","EtqPront_NumColunas","float","8","53","0","True","False","((1))"
"EtiquetaPronta","10","EtqPront_EspacoColunas","float","8","53","0","True","False","((0))"
"EtiquetaPronta","11","EtqPront_AlturaColunas","float","8","53","0","True","False","((100))"
"EtiquetaPronta","12","EtqPront_codigobarra","varchar","50","0","0","True","False",""
"EtiquetaPronta","13","EtqPront_Porta","varchar","50","0","0","True","False",""
"EtiquetaPronta","14","EtqPront_MargemEsqZebra","int","4","10","0","True","False",""
"EtiquetaPronta","15","EtqPront_EspacoEntreEtiquetaHorizontal","int","4","10","0","True","False",""
"Etiquetas","1","etq_Codigo","int","4","10","0","False","False",""
"Etiquetas","2","etq_NomeModelo","varchar","30","0","0","True","False",""
"Etiquetas","3","etq_Tabela","varchar","50","0","0","True","False",""
"Etiquetas","4","etq_LarguraPag","float","8","53","0","True","False","((210))"
"Etiquetas","5","etq_AlturaPag","float","8","53","0","True","False","((297))"
"Etiquetas","6","etq_MargemEsq","float","8","53","0","True","False","((10))"
"Etiquetas","7","etq_MargemDir","float","8","53","0","True","False","((10))"
"Etiquetas","8","etq_MargemSup","float","8","53","0","True","False","((10))"
"Etiquetas","9","etq_MargemInf","float","8","53","0","True","False","((10))"
"Etiquetas","10","etq_PosicaoPag","varchar","20","0","0","True","False",""
"Etiquetas","11","etq_NumColunas","float","8","53","0","True","False","((1))"
"Etiquetas","12","etq_EspacoColunas","float","8","53","0","True","False","((0))"
"Etiquetas","13","etq_AlturaColunas","float","8","53","0","True","False","((100))"
"Etiquetas","14","etq_SQL","varchar","2000","0","0","True","False",""
"Etiquetas","15","usr_cod_criacao","int","4","10","0","True","False",""
"Etiquetas","16","usr_dt_hr_criacao","datetime","8","23","3","True","False",""
"Etiquetas","17","usr_cod_alteracao","int","4","10","0","True","False",""
"Etiquetas","18","usr_dt_hr_alteracao","datetime","8","23","3","True","False",""
"Etiquetas_Campos","1","etq_Codigo","int","4","10","0","True","False",""
"Etiquetas_Campos","2","etq_Cam_Nome","varchar","30","0","0","True","False",""
"Etiquetas_Campos","3","etq_Cam_Horizontal","int","4","10","0","True","False",""
"Etiquetas_Campos","4","etq_Cam_Vertical","int","4","10","0","True","False",""
"Etiquetas_Campos","5","etq_Cam_Fonte","varchar","30","0","0","True","False",""
"Etiquetas_Campos","6","etq_Cam_FonteSize","int","4","10","0","True","False",""
"Etiquetas_Campos","7","etq_Cam_FonteColor","int","4","10","0","True","False",""
"Etiquetas_Campos","8","etq_Cam_Campo","varchar","30","0","0","True","False",""
"Etiquetas_Campos","9","etq_Cam_AlturaDBtext","int","4","10","0","True","False",""
"Etiquetas_Campos","10","etq_Cam_CompDBtext","int","4","10","0","True","False",""
"Etiquetas_Textos","1","etq_Codigo","int","4","10","0","True","False",""
"Etiquetas_Textos","2","etq_tex_Nome","varchar","30","0","0","True","False",""
"Etiquetas_Textos","3","etq_tex_Horizontal","int","4","10","0","True","False",""
"Etiquetas_Textos","4","etq_tex_Vertical","int","4","10","0","True","False",""
"Etiquetas_Textos","5","etq_tex_Fonte","varchar","30","0","0","True","False",""
"Etiquetas_Textos","6","etq_tex_FonteSize","int","4","10","0","True","False",""
"Etiquetas_Textos","7","etq_tex_FonteColor","int","4","10","0","True","False",""
"Etiquetas_Textos","8","etq_tex_Caption","varchar","30","0","0","True","False",""
"Etiquetas_Textos","9","etq_tex_AlturaLabel","int","4","10","0","True","False",""
"Etiquetas_Textos","10","etq_tex_CompLabel","int","4","10","0","True","False",""
"Fabrica","1","Fab_Codigo","numeric","9","18","0","False","True",""
"Fabrica","2","Fab_Descricao","nvarchar","100","0","0","True","False",""
"Fabrica","3","Fab_Situacao","char","1","0","0","True","False",""
"Fabrica","4","usr_cod_criacao","int","4","10","0","True","False",""
"Fabrica","5","usr_dt_hr_criacao","datetime","8","23","3","True","False",""
"Fabrica","6","usr_cod_alteracao","int","4","10","0","True","False",""
"Fabrica","7","usr_dt_hr_alteracao","datetime","8","23","3","True","False",""
"Fabrica","8","Emp_codigo","int","4","10","0","True","False",""
"Factura","1","Fact_Tipo","char","3","0","0","False","False",""
"Factura","2","Fact_Codigo","float","8","53","0","False","False",""
"Factura","3","Fact_Situacao","char","1","0","0","True","False",""
"Factura","4","Fact_DtEmissao","datetime","8","23","3","True","False",""
"Factura","5","Cli_Codigo","int","4","10","0","True","False",""
"Factura","6","Fact_VlPortes","float","8","53","0","True","False",""
"Factura","7","Fact_PorcDesconto","float","8","53","0","True","False",""
"Factura","8","Fact_VlDesconto","float","8","53","0","True","False",""
"Factura","9","Fact_VlTotDesconto","float","8","53","0","True","False",""
"Factura","10","Fact_SubTotal","float","8","53","0","True","False",""
"Factura","11","Fact_VlIVA","float","8","53","0","True","False",""
"Factura","12","Fact_VlTotal","float","8","53","0","True","False",""
"Factura","13","Fact_FormaPagamento","int","4","10","0","True","False",""
"Factura","14","TpExp_Codigo","int","4","10","0","True","False",""
"Factura","15","Fact_Matricula","varchar","20","0","0","True","False",""
"Factura","16","Fact_Volume","int","4","10","0","True","False",""
"Factura","17","Fact_LocalCarga","varchar","30","0","0","True","False",""
"Factura","18","Fact_DataCarga","datetime","8","23","3","True","False",""
"Factura","19","Fact_HoraCarga","varchar","5","0","0","True","False",""
"Factura","20","Fact_LocalDescarga","varchar","30","0","0","True","False",""
"Factura","21","Fact_DataDescarga","datetime","8","23","3","True","False",""
"Factura","22","Fact_HoraDescarga","varchar","5","0","0","True","False",""
"Factura","23","Tra_codigo","int","4","10","0","True","False",""
"Factura","24","CatVen_Codigo","int","4","10","0","True","False",""
"Factura","25","Fact_Observacao","varchar","60","0","0","True","False",""
"Factura","26","Fact_ValorCredito","float","8","53","0","True","False",""
"Factura","27","Fact_OrigTipo","char","3","0","0","True","False",""
"Factura","28","Fact_OrigCodigo","float","8","53","0","True","False",""
"Factura","29","Fact_Impresso","bit","1","1","0","True","False",""
"Factura","30","Fact_TpEnd","char","1","0","0","True","False",""
"Factura","31","Obr_Codigo","float","8","53","0","True","False",""
"Factura","32","Emp_Codigo","int","4","10","0","True","False",""
"Factura","33","usr_cod_criacao","int","4","10","0","True","False",""
"Factura","34","usr_dt_hr_criacao","datetime","8","23","3","True","False",""
"Factura","35","usr_cod_alteracao","int","4","10","0","True","False",""
"Factura","36","usr_dt_hr_alteracao","datetime","8","23","3","True","False",""
"Factura","37","Par_ComissaoVincParc","char","1","0","0","True","False",""
"Factura","38","fact_PesoBruto","float","8","53","0","True","False",""
"Factura","39","fact_PesoLiquido","float","8","53","0","True","False",""
"Factura","40","fact_Importacao","bit","1","1","0","True","False",""
"FacturaImport","1","FactImp_codigo","float","8","53","0","False","False",""
"FacturaImport","2","Fact_Tipo","char","3","0","0","True","False",""
"FacturaImport","3","Fact_Codigo","float","8","53","0","True","False",""
"FacturaImport","4","FactImp_TipoImportado","char","3","0","0","True","False",""
"FacturaImport","5","FactImp_CodigoImportado","float","8","53","0","True","False",""
"FacturaIVA","1","Fact_Tipo","char","3","0","0","False","False",""
"FacturaIVA","2","Fact_Codigo","float","8","53","0","False","False",""
"FacturaIVA","3","FactIVA_Porcentagem","float","8","53","0","False","False",""
"FacturaIVA","4","FactIVA_Base","float","8","53","0","True","False",""
"FacturaIVA","5","FactIVA_ValorIVA","float","8","53","0","True","False",""
"FacturaIVA","6","Emp_Codigo","int","4","10","0","True","False",""
"FacturaIVA","7","usr_cod_criacao","int","4","10","0","True","False",""
"FacturaIVA","8","usr_dt_hr_criacao","datetime","8","23","3","True","False",""
"FacturaIVA","9","usr_cod_alteracao","int","4","10","0","True","False",""
"FacturaIVA","10","usr_dt_hr_alteracao","datetime","8","23","3","True","False",""
"FacturaProduto","1","Fact_Tipo","char","3","0","0","False","False",""
"FacturaProduto","2","Fact_Codigo","float","8","53","0","False","False",""
"FacturaProduto","3","FactProd_Item","int","4","10","0","False","False",""
"FacturaProduto","4","Pro_codnosso","nvarchar","40","0","0","True","False",""
"FacturaProduto","5","CodAcabamento","nvarchar","20","0","0","True","False",""
"FacturaProduto","6","FactProd_Quant","float","8","53","0","True","False",""
"FacturaProduto","7","FactProd_VlUnit","float","8","53","0","True","False",""
"FacturaProduto","8","FactProd_Desconto","float","8","53","0","True","False",""
"FacturaProduto","9","FactProd_Vltotal","float","8","53","0","True","False",""
"FacturaProduto","10","FactProd_IVA","float","8","53","0","True","False",""
"FacturaProduto","11","Emp_Codigo","int","4","10","0","True","False",""
"FacturaProduto","12","usr_cod_criacao","int","4","10","0","True","False",""
"FacturaProduto","13","usr_dt_hr_criacao","datetime","8","23","3","True","False",""
"FacturaProduto","14","usr_cod_alteracao","int","4","10","0","True","False",""
"FacturaProduto","15","usr_dt_hr_alteracao","datetime","8","23","3","True","False",""
"FacturaProduto","16","FactProd_descricao","varchar","100","0","0","True","False",""
"FechamentoComissao","1","FechComis_Codigo","float","8","53","0","False","False",""
"FechamentoComissao","2","FechComis_MesAno","varchar","7","0","0","True","False",""
"FechamentoComissao","3","FechComis_data","datetime","8","23","3","True","False",""
"FechamentoComissao","4","FechComis_dataInicial","datetime","8","23","3","True","False",""
"FechamentoComissao","5","FechComis_dataFinal","datetime","8","23","3","True","False",""
"FechamentoComissao","6","FechComis_Situacao","char","1","0","0","True","False",""
"FechamentoComissao","7","Emp_Codigo","int","4","10","0","True","False",""
"FechamentoComissao","8","FechComis_Obs","varchar","2000","0","0","True","False",""
"FechamentoComissao","9","FechComis_ContaUnica","float","8","53","0","True","False",""
"FechamentoComissao","10","usr_cod_criacao","int","4","10","0","True","False",""
"FechamentoComissao","11","usr_dt_hr_criacao","datetime","8","23","3","True","False",""
"FechamentoComissao","12","usr_cod_alteracao","int","4","10","0","True","False",""
"FechamentoComissao","13","usr_dt_hr_alteracao","datetime","8","23","3","True","False",""
"FechamentoComissaoConta","1","FechComis_Codigo","float","8","53","0","False","False",""
"FechamentoComissaoConta","2","FechComisCt_ContaUnica","float","8","53","0","False","False",""
"FechamentoComissaoConta","3","emp_codigo","int","4","10","0","True","False",""
"FechamentoComissaoConta","4","Fun_Codigo","float","8","53","0","True","False",""
"FechamentoContas","1","Cba_codigo","int","4","10","0","False","False",""
"FechamentoContas","2","FechContas_data","datetime","8","23","3","True","False",""
"FechamentoContas","3","Emp_codigo","int","4","10","0","True","False",""
"FechamentoContas","4","usr_cod_criacao","int","4","10","0","True","False",""
"FechamentoContas","5","usr_cod_alteracao","int","4","10","0","True","False",""
"FechamentoContas","6","usr_dt_hr_criacao","datetime","8","23","3","True","False",""
"FechamentoContas","7","usr_dt_hr_alteracao","datetime","8","23","3","True","False",""
"FechamentoMeta","1","FechMeta_Codigo","float","8","53","0","False","False",""
"FechamentoMeta","2","FechMeta_MesAno","varchar","7","0","0","True","False",""
"FechamentoMeta","3","FechMeta_data","datetime","8","23","3","True","False",""
"FechamentoMeta","4","FechMeta_dataInicial","datetime","8","23","3","True","False",""
"FechamentoMeta","5","FechMeta_dataFinal","datetime","8","23","3","True","False",""
"FechamentoMeta","6","FechMeta_Situacao","char","1","0","0","True","False",""
"FechamentoMeta","7","Emp_Codigo","int","4","10","0","True","False",""
"FechamentoMeta","8","FechMeta_Obs","varchar","2000","0","0","True","False",""
"FechamentoMeta","9","FechComis_ContaUnica","float","8","53","0","True","False",""
"FechamentoMeta","10","usr_cod_criacao","int","4","10","0","True","False",""
"FechamentoMeta","11","usr_dt_hr_criacao","datetime","8","23","3","True","False",""
"FechamentoMeta","12","usr_cod_alteracao","int","4","10","0","True","False",""
"FechamentoMeta","13","usr_dt_hr_alteracao","datetime","8","23","3","True","False",""
"FechamentoMetaEmp","1","FechMeta_Codigo","float","8","53","0","False","False",""
"FechamentoMetaEmp","2","Emp_Codigo","int","4","10","0","False","False",""
"FechamentoMetaEmp","3","MetaVenda_Codigo","float","8","53","0","False","False",""
"FechamentoMetaEmp","4","FechMetaEmp_VlAlcancado","float","8","53","0","True","False",""
"FechamentoMetaEmp","5","FechMetaEmp_porcentagem","float","8","53","0","True","False",""
"FechamentoMetaEmp","6","FechMetaEmp_VlMeta","float","8","53","0","True","False",""
"FechamentoMetaFunc","1","FechMeta_Codigo","float","8","53","0","False","False",""
"FechamentoMetaFunc","2","Fun_codigo","float","8","53","0","False","False",""
"FechamentoMetaFunc","3","MetaVenda_Codigo","float","8","53","0","False","False",""
"FechamentoMetaFunc","4","CatRem_Codigo","int","4","10","0","False","False",""
"FechamentoMetaFunc","5","FechMetaFun_VlAlcancado","float","8","53","0","True","False",""
"FechamentoMetaFunc","6","FechMetaFun_porcentagem","float","8","53","0","True","False",""
"FechamentoMetaFunc","7","FechMetaFun_VlMeta","float","8","53","0","True","False",""
"Feriados","1","Feriado_codigo","float","8","53","0","False","False",""
"Feriados","2","Feriado_data","datetime","8","23","3","True","False",""
"Feriados","3","Feriado_descricao","varchar","50","0","0","True","False",""
"Feriados","4","Feriado_tipo","varchar","20","0","0","True","False",""
"Feriados","5","usr_cod_criacao","int","4","10","0","True","False",""
"Feriados","6","usr_dt_hr_criacao","datetime","8","23","3","True","False",""
"Feriados","7","usr_cod_alteracao","int","4","10","0","True","False",""
"Feriados","8","usr_dt_hr_alteracao","datetime","8","23","3","True","False",""
"Feriados","9","Emp_Codigo","int","4","10","0","True","False",""
"Feriados","10","Feriado_situacao","bit","1","1","0","True","False",""
"Filiais","1","Fil_codigo","int","4","10","0","False","False",""
"Filiais","2","Fil_fantasia","varchar","50","0","0","True","False",""
"Filiais","3","Fil_razao_social","varchar","50","0","0","True","False",""
"Filiais","4","Fil_inscricao","varchar","25","0","0","True","False",""
"Filiais","5","Fil_cnpj","varchar","25","0","0","True","False",""
"Filiais","6","Fil_endereco","varchar","50","0","0","True","False",""
"Filiais","7","Fil_numero","varchar","10","0","0","True","False",""
"Filiais","8","Fil_complemento","varchar","30","0","0","True","False",""
"Filiais","9","Fil_bairro","varchar","30","0","0","True","False",""
"Filiais","10","Fil_cidade","varchar","30","0","0","True","False",""
"Filiais","11","Fil_uf","varchar","2","0","0","True","False",""
"Filiais","12","Fil_cep","varchar","15","0","0","True","False",""
"Filiais","13","Fil_fone","varchar","15","0","0","True","False",""
"Filiais","14","Fil_fax","varchar","15","0","0","True","False",""
"Filiais","15","Fil_gerente","varchar","30","0","0","True","False",""
"Filiais","16","Fil_email","varchar","60","0","0","True","False",""
"Filiais","17","Fil_celular","varchar","15","0","0","True","False",""
"Filiais","18","Fil_pais","varchar","30","0","0","True","False",""
"Filiais","19","Fil_data_abertura","datetime","8","23","3","True","False",""
"Filiais","20","Fil_numero_filial","int","4","10","0","True","False",""
"Filiais","21","Fil_obs","text","16","0","0","True","False",""
"Filiais","22","usr_cod_criacao","int","4","10","0","True","False",""
"Filiais","23","usr_dt_hr_criacao","datetime","8","23","3","True","False",""
"Filiais","24","usr_cod_alteracao","int","4","10","0","True","False",""
"Filiais","25","usr_dt_hr_alteracao","datetime","8","23","3","True","False",""
"Filiais","26","mun_codigo","int","4","10","0","True","False",""
"Filiais","27","Fil_situacao","char","1","0","0","True","False",""
"Filiais","28","Emp_codigo","int","4","10","0","True","False",""
"ForaDoBalanco","1","ForBal_codigo","float","8","53","0","False","False",""
"ForaDoBalanco","2","ForBal_descricao","varchar","100","0","0","True","False",""
"ForaDoBalanco","3","For_codigo","int","4","10","0","True","False",""
"ForaDoBalanco","4","BalEst_Codigo","float","8","53","0","True","False",""
"ForaDoBalanco","5","Emp_Codigo","int","4","10","0","True","False",""
"ForaDoBalanco","6","usr_cod_criacao","int","4","10","0","True","False",""
"ForaDoBalanco","7","usr_dt_hr_criacao","datetime","8","23","3","True","False",""
"ForaDoBalanco","8","usr_cod_alteracao","int","4","10","0","True","False",""
"ForaDoBalanco","9","usr_dt_hr_alteracao","datetime","8","23","3","True","False",""
"ForaDoBalanco","10","ForBal_Processado","bit","1","1","0","True","False",""
"ForaDoBalanco","11","ForBal_DataProc","datetime","8","23","3","True","False",""
"ForaDoBalanco","12","ForBal_UsuarioProc","int","4","10","0","True","False",""
"ForaDoBalanco","13","ForBal_Data","datetime","8","23","3","True","False",""
"ForaDoBalancoProduto","1","ForBalProd_Codigo","float","8","53","0","False","False",""
"ForaDoBalancoProduto","2","ForBal_codigo","float","8","53","0","True","False",""
"ForaDoBalancoProduto","3","Pro_codnosso","nvarchar","40","0","0","True","False",""
"ForaDoBalancoProduto","4","CodAcabamento","nvarchar","20","0","0","True","False",""
"ForaDoBalancoProduto","5","ForBalProd_Quant","float","8","53","0","True","False",""
"ForaDoBalancoProduto","6","ForBalProd_QuantOrdem","float","8","53","0","True","False",""
"ForaDoBalancoProduto","7","ForBalProd_QuantPedidoCompra","float","8","53","0","True","False",""
"ForaDoBalancoProduto","8","Emp_Codigo","int","4","10","0","True","False",""
"ForaDoBalancoProduto","9","usr_cod_criacao","int","4","10","0","True","False",""
"ForaDoBalancoProduto","10","usr_dt_hr_criacao","datetime","8","23","3","True","False",""
"ForaDoBalancoProduto","11","usr_cod_alteracao","int","4","10","0","True","False",""
"ForaDoBalancoProduto","12","usr_dt_hr_alteracao","datetime","8","23","3","True","False",""
"ForaDoBalancoProduto","13","ForBalProd_QuantEstoque","float","8","53","0","True","False",""
"ForaDoBalancoProduto","14","ForBalProd_QuantNaoSeparada","float","8","53","0","True","False",""
"forma_pag_parc_fin","1","Fpf_codigo","int","4","10","0","False","False","(0)"
"forma_pag_parc_fin","2","Ffp_parcela","int","4","10","0","False","False","(0)"
"forma_pag_parc_fin","3","Ffp_dias","int","4","10","0","True","False","(0)"
"forma_pag_parc_fin","4","Ffp_porc_valor","money","8","19","4","True","False","(0)"
"Forma_Pagamento","1","Fpg_codigo","int","4","10","0","False","False","(0)"
"Forma_Pagamento","2","Fpg_descricao","nvarchar","100","0","0","False","False",""
"Forma_Pagamento","3","Fpg_quantidade","int","4","10","0","True","False","(0)"
"Forma_Pagamento","4","fpg_orcamento","nvarchar","2","0","0","True","False",""
"Forma_Pagamento","5","usr_cod_criacao","int","4","10","0","True","False",""
"Forma_Pagamento","6","usr_dt_hr_criacao","datetime","8","23","3","True","False",""
"Forma_Pagamento","7","usr_cod_alteracao","int","4","10","0","True","False",""
"Forma_Pagamento","8","usr_dt_hr_alteracao","datetime","8","23","3","True","False",""
"Forma_Pagamento","9","Fpg_desconto","money","8","19","4","True","False",""
"Forma_Pagamento","10","Fpg_acrescimo","money","8","19","4","True","False",""
"Forma_Pagamento","11","Fpg_desconto_lu","float","8","53","0","True","False",""
"Forma_Pagamento","12","Fpg_acrescimo_lu","float","8","53","0","True","False",""
"Forma_Pagamento","13","Fpg_desconto_ma","float","8","53","0","True","False",""
"Forma_Pagamento","14","Fpg_acrescimo_ma","float","8","53","0","True","False",""
"Forma_Pagamento","15","Fpg_desconto_se","float","8","53","0","True","False",""
"Forma_Pagamento","16","Fpg_acrescimo_se","float","8","53","0","True","False",""
"Forma_Pagamento","17","Fpg_situacao","char","1","0","0","True","False",""
"Forma_Pagamento","18","Fpg_LimiteDesconto","float","8","53","0","True","False",""
"Forma_Pagamento","19","Emp_codigo","int","4","10","0","True","False",""
"Forma_Pagamento","20","Fpg_DiasPrimeiraParcela","int","4","10","0","True","False",""
"Forma_Pagamento","21","Fpg_DiasEntreParcelas","int","4","10","0","True","False",""
"forma_pagamento_fin","1","Fpf_codigo","int","4","10","0","False","False","(0)"
"forma_pagamento_fin","2","Fpf_descricao","varchar","50","0","0","False","False",""
"forma_pagamento_fin","3","Fpf_quantidade","int","4","10","0","True","False","(0)"
"forma_pagamento_fin","4","Fpf_desconto","money","8","19","4","True","False","(0)"
"forma_pagamento_fin","5","Fpf_acrescimo","money","8","19","4","True","False","(0)"
"forma_pagamento_fin","6","usr_cod_criacao","int","4","10","0","True","False",""
"forma_pagamento_fin","7","usr_dt_hr_criacao","datetime","8","23","3","True","False",""
"forma_pagamento_fin","8","usr_cod_alteracao","int","4","10","0","True","False",""
"forma_pagamento_fin","9","usr_dt_hr_alteracao","datetime","8","23","3","True","False",""
"forma_pagamento_fin","10","Fpf_situacao","char","1","0","0","True","False",""
"forma_pagamento_fin","11","Fpf_DiasPrimeiraParcela","int","4","10","0","True","False",""
"forma_pagamento_fin","12","Fpf_DiasEntreParcelas","int","4","10","0","True","False",""
"Forma_Pagamento_Parcela","1","Fpg_codigo","int","4","10","0","False","False","(0)"
"Forma_Pagamento_Parcela","2","Fpp_parcela","int","4","10","0","False","False","(0)"
"Forma_Pagamento_Parcela","3","Fpp_dias","int","4","10","0","True","False","(0)"
"Forma_Pagamento_Parcela","4","Fpp_porc_valor_lu","money","8","19","4","True","False","(0)"
"Forma_Pagamento_Parcela","5","Fpp_desconto_lu","money","8","19","4","True","False","(0)"
"Forma_Pagamento_Parcela","6","Fpp_acrescimo_lu","money","8","19","4","True","False","(0)"
"Forma_Pagamento_Parcela","7","Fpp_desconto_ma","money","8","19","4","True","False","(0)"
"Forma_Pagamento_Parcela","8","Fpp_acrescimo_ma","money","8","19","4","True","False","(0)"
"Forma_Pagamento_Parcela","9","Fpp_desconto_se","money","8","19","4","True","False","(0)"
"Forma_Pagamento_Parcela","10","Fpp_acrescimo_se","money","8","19","4","True","False","(0)"
"Forma_Pagamento_Parcela","11","Fpp_porc_valor_ma","money","8","19","4","True","False","(0)"
"Forma_Pagamento_Parcela","12","Fpp_porc_valor_se","money","8","19","4","True","False","(0)"
"Forma_Pagamento_Parcela","13","Emp_codigo","int","4","10","0","True","False",""
"Forma_Pagamento_Parcela","14","usr_cod_criacao","int","4","10","0","True","False",""
"Forma_Pagamento_Parcela","15","usr_dt_hr_criacao","datetime","8","23","3","True","False",""
"Forma_Pagamento_Parcela","16","usr_dt_hr_alteracao","datetime","8","23","3","True","False",""
"Forma_Pagamento_Parcela","17","usr_cod_alteracao","int","4","10","0","True","False",""
"Forma_Pagamento_Parcela","18","Fpp_porcentagem","float","8","53","0","True","False",""
"Forma_Pagamento_Parcela","19","Fpp_PorcentagemDoTotal","float","8","53","0","True","False",""
"Forma_PagamentoGrupProd","1","Fpg_codigo","int","4","10","0","False","False",""
"Forma_PagamentoGrupProd","2","GrupoProduto_Codigo","int","4","10","0","False","False",""
"Forma_PagamentoGrupProd","3","Fpgprod_desconto","float","8","53","0","True","False",""
"Forma_PagamentoGrupProd","4","Fpgprod_acrescimo","float","8","53","0","True","False",""
"Forma_PagamentoGrupProd","5","usr_cod_criacao","int","4","10","0","True","False",""
"Forma_PagamentoGrupProd","6","usr_dt_hr_criacao","datetime","8","23","3","True","False",""
"Forma_PagamentoGrupProd","7","usr_cod_alteracao","int","4","10","0","True","False",""
"Forma_PagamentoGrupProd","8","usr_dt_hr_alteracao","datetime","8","23","3","True","False",""
"Forma_PagamentoGrupProd","9","Emp_codigo","int","4","10","0","True","False",""
"FormaPagamentoECF","1","FPTEF_Codigo","int","4","10","0","False","False",""
"FormaPagamentoECF","2","FPTEF_Descricao","varchar","30","0","0","True","False",""
"FormaPagamentoECF","3","FPTEF_DescricaoECF","varchar","20","0","0","True","False",""
"FormaPagamentoECF","4","FPTEF_Tipo","nchar","2","0","0","True","False",""
"FormaPagamentoECF","5","FPTEF_CondPag","nchar","2","0","0","True","False",""
"FormaPagamentoECF","6","FPTEF_MaxParc","int","4","10","0","True","False",""
"FormaPagamentoECF","7","FPTEF_GerenciadorPadrao","nchar","2","0","0","True","False",""
"FormaPagamentoECF","8","FPTEF_situacao","nchar","2","0","0","True","False",""
"fornecedor","1","For_codigo","int","4","10","0","False","False","(0)"
"fornecedor","2","For_Sigla","nvarchar","6","0","0","True","False",""
"fornecedor","3","For_cnpj_cpf","nvarchar","28","0","0","True","False",""
"fornecedor","4","For_IE","nvarchar","60","0","0","True","False",""
"fornecedor","5","For_Nome","nvarchar","90","0","0","True","False",""
"fornecedor","6","For_Razao","nvarchar","90","0","0","True","False",""
"fornecedor","7","For_Endereco","nvarchar","100","0","0","True","False",""
"fornecedor","8","For_numero","nvarchar","20","0","0","True","False",""
"fornecedor","9","For_complemento","nvarchar","80","0","0","True","False",""
"fornecedor","10","For_Bairro","nvarchar","50","0","0","True","False",""
"fornecedor","11","For_codcidade","int","4","10","0","True","False",""
"fornecedor","12","For_Cidade","nvarchar","50","0","0","True","False",""
"fornecedor","13","For_UF","nvarchar","4","0","0","True","False",""
"fornecedor","14","For_CEP","nvarchar","28","0","0","True","False",""
"fornecedor","15","For_tp_material","nvarchar","60","0","0","True","False",""
"fornecedor","16","For_fone1","nvarchar","44","0","0","True","False",""
"fornecedor","17","For_fone2","nvarchar","44","0","0","True","False",""
"fornecedor","18","For_fax","nvarchar","44","0","0","True","False",""
"fornecedor","19","For_web","nvarchar","100","0","0","True","False",""
"fornecedor","20","For_email","nvarchar","100","0","0","True","False",""
"fornecedor","21","For_prazo_entrega","int","4","10","0","True","False","(0)"
"fornecedor","22","usr_cod_criacao","int","4","10","0","True","False",""
"fornecedor","23","usr_dt_hr_criacao","smalldatetime","4","16","0","True","False",""
"fornecedor","24","usr_cod_alteracao","int","4","10","0","True","False",""
"fornecedor","25","usr_dt_hr_alteracao","smalldatetime","4","16","0","True","False",""
"fornecedor","26","for_classificacao","varchar","1","0","0","True","False",""
"fornecedor","27","for_obs","text","16","0","0","True","False",""
"fornecedor","28","for_nome_especial","varchar","45","0","0","True","False",""
"fornecedor","29","for_banco","varchar","45","0","0","True","False",""
"fornecedor","30","for_cod_agencia","varchar","20","0","0","True","False",""
"fornecedor","31","for_conta","varchar","20","0","0","True","False",""
"fornecedor","32","for_operacao","varchar","30","0","0","True","False",""
"fornecedor","33","for_codigo_banco","varchar","6","0","0","True","False",""
"fornecedor","34","For_prazo_medio_pag","int","4","10","0","True","False",""
"fornecedor","35","for_faturamento_minimo","float","8","53","0","True","False",""
"fornecedor","36","For_TipoComunic1","varchar","15","0","0","True","False",""
"fornecedor","37","For_TipoComunic2","varchar","15","0","0","True","False",""
"fornecedor","38","For_EnderecoComunic1","varchar","50","0","0","True","False",""
"fornecedor","39","For_EnderecoComunic2","varchar","50","0","0","True","False",""
"fornecedor","40","ban_codigo","char","4","0","0","True","False",""
"fornecedor","41","Tra_codigo","int","4","10","0","True","False",""
"fornecedor","42","col_cidade","varchar","25","0","0","True","False",""
"fornecedor","43","col_uf","varchar","2","0","0","True","False",""
"fornecedor","44","for_situacao","char","1","0","0","True","False",""
"fornecedor","45","For_NIB","varchar","30","0","0","True","False",""
"fornecedor","46","For_Iban","varchar","30","0","0","True","False",""
"fornecedor","47","For_BicSwift","varchar","30","0","0","True","False",""
"fornecedor","48","Emp_CodClienteFornec","float","8","53","0","True","False",""
"fornecedor","49","For_Tipopessoa","char","1","0","0","True","False",""
"fornecedor","50","For_suframa","varchar","12","0","0","True","False",""
"fornecedor","51","For_JuntarCodigoAcabOrdem","bit","1","1","0","True","False",""
"fornecedor","52","For_ForneceTipoProduto","int","4","10","0","True","False",""
"fornecedor","53","Emp_codigo","int","4","10","0","True","False",""
"fornecedor","54","Fpg_codigo","int","4","10","0","True","False",""
"fornecedor","55","For_Email_Ordem","nvarchar","100","0","0","True","False",""
"fornecedor","56","For_Facebook","varchar","200","0","0","True","False",""
"fornecedor","57","For_Instagram","varchar","200","0","0","True","False",""
"fornecedor","58","For_EmpresaCompradora","int","4","10","0","True","False",""
"FornecedorEmpresaCompradora","1","ForEmpCom_Codigo","float","8","53","0","False","False",""
"FornecedorEmpresaCompradora","2","For_codigo","int","4","10","0","True","False",""
"FornecedorEmpresaCompradora","3","Emp_codigo","int","4","10","0","True","False",""
"FornecedorEmpresaCompradora","4","ForEmpCom_data","datetime","8","23","3","True","False",""
"FornecedorEmpresaCompradora","5","usr_dt_hr_criacao","datetime","8","23","3","True","False",""
"FornecedorEmpresaCompradora","6","usr_cod_alteracao","int","4","10","0","True","False",""
"FornecedorEmpresaCompradora","7","usr_dt_hr_alteracao","datetime","8","23","3","True","False",""
"FornecedorEmpresaCompradora","8","usr_cod_criacao","int","4","10","0","True","False",""
"FornecedorGrupProd","1","for_codigo","int","4","10","0","False","False",""
"FornecedorGrupProd","2","GrupoProduto_Codigo","int","4","10","0","False","False",""
"FornecedorGrupProd","3","ForGruProd_Porc","float","8","53","0","True","False",""
"FornecedorGrupProd","4","Emp_Codigo","int","4","10","0","True","False",""
"FornecedorGrupProd","5","usr_cod_criacao","int","4","10","0","True","False",""
"FornecedorGrupProd","6","usr_dt_hr_criacao","datetime","8","23","3","True","False",""
"FornecedorGrupProd","7","usr_cod_alteracao","int","4","10","0","True","False",""
"FornecedorGrupProd","8","usr_dt_hr_alteracao","datetime","8","23","3","True","False",""
"FornecedorRTGrupProd","1","for_codigo","int","4","10","0","False","False",""
"FornecedorRTGrupProd","2","GrupoProduto_Codigo","int","4","10","0","False","False",""
"FornecedorRTGrupProd","3","ForRTGruProd_Porc","float","8","53","0","True","False",""
"FornecedorRTGrupProd","4","Emp_Codigo","int","4","10","0","True","False",""
"FornecedorRTGrupProd","5","usr_cod_criacao","int","4","10","0","True","False",""
"FornecedorRTGrupProd","6","usr_dt_hr_criacao","datetime","8","23","3","True","False",""
"FornecedorRTGrupProd","7","usr_cod_alteracao","int","4","10","0","True","False",""
"FornecedorRTGrupProd","8","usr_dt_hr_alteracao","datetime","8","23","3","True","False",""
"FornecFatMinimo","1","GrupoProduto_Codigo","int","4","10","0","False","False",""
"FornecFatMinimo","2","For_codigo","int","4","10","0","False","False",""
"FornecFatMinimo","3","ForFatMin_Valor","float","8","53","0","True","False",""
"FornecFatMinimo","4","Emp_codigo","int","4","10","0","True","False",""
"Funcionario","1","Fun_CPF","float","8","53","0","False","False",""
"Funcionario","2","Fun_Nome","nvarchar","120","0","0","True","False",""
"Funcionario","3","Fun_RG","nvarchar","30","0","0","True","False",""
"Funcionario","4","Fun_Orgao","nvarchar","12","0","0","True","False",""
"Funcionario","5","Fun_org_uf","nvarchar","4","0","0","True","False",""
"Funcionario","6","Fun_Endereco","nvarchar","120","0","0","True","False",""
"Funcionario","7","Fun_numero","nvarchar","20","0","0","True","False",""
"Funcionario","8","Fun_complemento","nvarchar","80","0","0","True","False",""
"Funcionario","9","Fun_Bairro","nvarchar","50","0","0","True","False",""
"Funcionario","10","Fun_codcidade","int","4","10","0","True","False",""
"Funcionario","11","Fun_Cidade","nvarchar","50","0","0","True","False",""
"Funcionario","12","Fun_UF","nvarchar","4","0","0","True","False",""
"Funcionario","13","Fun_CEP","nvarchar","28","0","0","True","False",""
"Funcionario","14","Fun_Dtnacimento","smalldatetime","4","16","0","True","False",""
"Funcionario","15","COD_ATIVID","int","4","10","0","True","False",""
"Funcionario","16","Fun_situacao","char","1","0","0","True","False",""
"Funcionario","17","Fun_vinculo","nvarchar","40","0","0","True","False",""
"Funcionario","18","Fun_Ativo","nvarchar","6","0","0","True","False",""
"Funcionario","19","Fun_estadocivil","nvarchar","30","0","0","True","False",""
"Funcionario","20","Fun_conjuge","nvarchar","80","0","0","True","False",""
"Funcionario","21","Fun_dtnasc_conjuge","smalldatetime","4","16","0","True","False",""
"Funcionario","22","Fun_comercial","nvarchar","44","0","0","True","False",""
"Funcionario","23","Fun_residencial","nvarchar","44","0","0","True","False",""
"Funcionario","24","Fun_celular","nvarchar","44","0","0","True","False",""
"Funcionario","25","Fun_atendimento","nvarchar","6","0","0","True","False",""
"Funcionario","26","Fun_cargo","nvarchar","90","0","0","True","False",""
"Funcionario","27","usr_cod_criacao","int","4","10","0","True","False",""
"Funcionario","28","usr_dt_hr_criacao","datetime","8","23","3","True","False",""
"Funcionario","29","usr_cod_alteracao","int","4","10","0","True","False",""
"Funcionario","30","usr_dt_hr_alteracao","datetime","8","23","3","True","False",""
"Funcionario","31","Fun_Sexo","char","1","0","0","True","False",""
"Funcionario","32","GrauInst_Codigo","int","4","10","0","True","False",""
"Funcionario","33","Setor_Codigo","int","4","10","0","True","False",""
"Funcionario","34","RacaCor_Codigo","int","4","10","0","True","False",""
"Funcionario","35","Fun_pai","varchar","60","0","0","True","False",""
"Funcionario","36","Fun_mae","varchar","60","0","0","True","False",""
"Funcionario","37","Fun_naturalidade","int","4","10","0","True","False",""
"Funcionario","38","Nac_codigo","int","4","10","0","True","False",""
"Funcionario","39","Fun_AnoChegada","int","4","10","0","True","False",""
"Funcionario","40","Cargo_codigo","int","4","10","0","True","False",""
"Funcionario","41","Fun_Salario","float","8","53","0","True","False",""
"Funcionario","42","Fun_DtAdmissao","datetime","8","23","3","True","False",""
"Funcionario","43","Fun_DtDemissao","datetime","8","23","3","True","False",""
"Funcionario","44","Fun_Email","varchar","50","0","0","True","False",""
"Funcionario","45","Fun_TipoComunic1","varchar","15","0","0","True","False",""
"Funcionario","46","Fun_TipoComunic2","varchar","15","0","0","True","False",""
"Funcionario","47","Fun_EnderecoComunic1","varchar","50","0","0","True","False",""
"Funcionario","48","Fun_EnderecoComunic2","varchar","50","0","0","True","False",""
"Funcionario","49","Fun_RGDtEmissao","datetime","8","23","3","True","False",""
"Funcionario","50","Fun_CartTrabNumero","varchar","10","0","0","True","False",""
"Funcionario","51","Fun_CartTrabSerie","varchar","10","0","0","True","False",""
"Funcionario","52","Fun_CartTrabDtEmissao","datetime","8","23","3","True","False",""
"Funcionario","53","Fun_CartTrabUF","char","2","0","0","True","False",""
"Funcionario","54","Fun_PISPASEP","varchar","20","0","0","True","False",""
"Funcionario","55","Fun_CartHab","varchar","15","0","0","True","False",""
"Funcionario","56","Fun_CartHabCategoria","varchar","5","0","0","True","False",""
"Funcionario","57","Fun_CartHabDtEmissao","datetime","8","23","3","True","False",""
"Funcionario","58","Fun_TitEleitorNumero","varchar","15","0","0","True","False",""
"Funcionario","59","Fun_TitEleitorZona","varchar","3","0","0","True","False",""
"Funcionario","60","Fun_TitEleitorSecao","varchar","3","0","0","True","False",""
"Funcionario","61","Fun_TitEleitorUF","char","2","0","0","True","False",""
"Funcionario","62","Fun_CertidaoTipo","varchar","20","0","0","True","False",""
"Funcionario","63","Fun_CertidaoCidade","int","4","10","0","True","False",""
"Funcionario","64","Fun_CertidaoNumero","int","4","10","0","True","False",""
"Funcionario","65","Fun_CertidaoLivro","int","4","10","0","True","False",""
"Funcionario","66","Fun_CertidaoFolha","int","4","10","0","True","False",""
"Funcionario","67","Fun_CertidaoDtEmissao","datetime","8","23","3","True","False",""
"Funcionario","68","Fun_CertifReservNumero","varchar","20","0","0","True","False",""
"Funcionario","69","Fun_CertifReservSerie","varchar","3","0","0","True","False",""
"Funcionario","70","Fun_CertifReservDtEmissao","datetime","8","23","3","True","False",""
"Funcionario","71","Fun_CertifReservCSMDAM","varchar","10","0","0","True","False",""
"Funcionario","72","Fun_CertifReservRMDN","varchar","10","0","0","True","False",""
"Funcionario","73","Fun_Foto","varchar","100","0","0","True","False",""
"Funcionario","74","Cdc_codigo","int","4","10","0","True","False",""
"Funcionario","75","Fun_GrupoComissao","int","4","10","0","True","False",""
"Funcionario","76","Fun_GrupoPremiacao","int","4","10","0","True","False",""
"Funcionario","77","Fun_NIB","varchar","30","0","0","True","False",""
"Funcionario","78","Fun_NISS","varchar","30","0","0","True","False",""
"Funcionario","79","fun_banco","varchar","5","0","0","True","False",""
"Funcionario","80","fun_agencia","varchar","25","0","0","True","False",""
"Funcionario","81","fun_conta","varchar","25","0","0","True","False",""
"Funcionario","82","fun_EnderecoBanco","varchar","150","0","0","True","False",""
"Funcionario","83","fun_SWIFT_BIC","varchar","25","0","0","True","False",""
"Funcionario","84","fun_ABA","varchar","25","0","0","True","False",""
"Funcionario","85","fun_IBAN","varchar","25","0","0","True","False",""
"Funcionario","86","Fun_codigo","int","4","10","0","True","False",""
"Funcionario","87","Emp_codigo","int","4","10","0","True","False",""
"Funcionario","88","Fun_Facebook","varchar","200","0","0","True","False",""
"Funcionario","89","Fun_Instagram","varchar","200","0","0","True","False",""
"Funcionario","90","Fun_DescontoPorcVenda","float","8","53","0","True","False",""
"GNR","1","GNR_codigo","float","8","53","0","False","False",""
"GNR","2","GNR_cnpj","varchar","14","0","0","True","False",""
"GNR","3","GNR_insc","varchar","14","0","0","True","False",""
"GNR","4","GNR_DtPag","datetime","8","23","3","True","False",""
"GNR","5","GNR_UF","char","2","0","0","True","False",""
"GNR","6","GNR_UFdestinatario","char","2","0","0","True","False",""
"GNR","7","GNR_Banco","varchar","50","0","0","True","False",""
"GNR","8","GNR_agencia","varchar","50","0","0","True","False",""
"GNR","9","GNR_numero","varchar","20","0","0","True","False",""
"GNR","10","GNR_valor","float","8","53","0","True","False",""
"GNR","11","GNR_Dtvencimento","datetime","8","23","3","True","False",""
"GNR","12","GNR_MesAno","varchar","6","0","0","True","False",""
"GNR","13","GNR_protocolo","varchar","30","0","0","True","False",""
"GNR","14","usr_cod_criacao","int","4","10","0","True","False",""
"GNR","15","usr_dt_hr_criacao","datetime","8","23","3","True","False",""
"GNR","16","usr_cod_alteracao","int","4","10","0","True","False",""
"GNR","17","usr_dt_hr_alteracao","datetime","8","23","3","True","False",""
"GrauInstrucao","1","GrauInst_Codigo","int","4","10","0","False","False",""
"GrauInstrucao","2","GrauInst_Descricao","varchar","50","0","0","True","False",""
"GrauInstrucao","3","GrauInst_Ativo","bit","1","1","0","True","False",""
"GrauInstrucao","4","usr_cod_criacao","int","4","10","0","True","False",""
"GrauInstrucao","5","usr_dt_hr_criacao","datetime","8","23","3","True","False",""
"GrauInstrucao","6","usr_cod_alteracao","int","4","10","0","True","False",""
"GrauInstrucao","7","usr_dt_hr_alteracao","datetime","8","23","3","True","False",""
"Grupo_contato_email","1","gru_codigo","int","4","10","0","False","False",""
"Grupo_contato_email","2","Gru_nome","nvarchar","100","0","0","True","False",""
"Grupo_contato_email","3","usr_cod_criacao","int","4","10","0","True","False",""
"Grupo_contato_email","4","usr_dt_hr_criacao","datetime","8","23","3","True","False",""
"Grupo_contato_email","5","usr_cod_alteracao","int","4","10","0","True","False",""
"Grupo_contato_email","6","usr_dt_hr_alteracao","datetime","8","23","3","True","False",""
"GrupoProduto","1","GrupoProduto_Codigo","int","4","10","0","False","False",""
"GrupoProduto","2","GrupoProduto_Descricao","varchar","50","0","0","True","False",""
"GrupoProduto","3","GrupoProduto_Ativo","bit","1","1","0","True","False",""
"GrupoProduto","4","usr_cod_criacao","int","4","10","0","True","False",""
"GrupoProduto","5","usr_dt_hr_criacao","datetime","8","23","3","True","False",""
"GrupoProduto","6","usr_cod_alteracao","int","4","10","0","True","False",""
"GrupoProduto","7","usr_dt_hr_alteracao","datetime","8","23","3","True","False",""
"GrupoProduto","8","GrupoProduto_ordem","int","4","10","0","True","False",""
"GrupoProduto","9","Emp_codigo","int","4","10","0","True","False",""
"HistoricoVersoes","1","HistVer_Codigo","float","8","53","0","False","False",""
"HistoricoVersoes","2","HistVer_Versao","nvarchar","40","0","0","True","False",""
"HistoricoVersoes","3","HistVerSis_Codigo","int","4","10","0","True","False",""
"HistoricoVersoes","4","HistVer_Situacao","bit","1","1","0","True","False",""
"HistoricoVersoesCategoria","1","HistVerCat_Codigo","int","4","10","0","False","False",""
"HistoricoVersoesCategoria","2","HistVerCat_Descricao","varchar","100","0","0","True","False",""
"HistoricoVersoesCategoria","3","HistVerCat_Situacao","bit","1","1","0","True","False",""
"HistoricoVersoesLancamento","1","HistVerLanc_Codigo","float","8","53","0","False","False",""
"HistoricoVersoesLancamento","2","HistVerCat_Codigo","int","4","10","0","True","False",""
"HistoricoVersoesLancamento","3","HistVerLanc_Descricao","varchar","4000","0","0","True","False",""
"HistoricoVersoesLancamento","4","HistVer_Codigo","float","8","53","0","True","False",""
"HistoricoVersoesLancamento","5","HistVerLanc_situacao","bit","1","1","0","True","False",""
"HistoricoVersoesSistema","1","HistVerSis_Codigo","int","4","10","0","False","False",""
"HistoricoVersoesSistema","2","HistVerSis_Descricao","varchar","100","0","0","True","False",""
"HistoricoVersoesSistema","3","HistVerSis_Situacao","bit","1","1","0","True","False",""
"HistoricoVersoesUsuario","1","HistVerUsu_Codigo","float","8","53","0","False","False",""
"HistoricoVersoesUsuario","2","SisUsu_Codigo","int","4","10","0","True","False",""
"HistoricoVersoesUsuario","3","HistVerUsu_Lido","bit","1","1","0","True","False",""
"HistoricoVersoesUsuario","4","HistVer_Codigo","float","8","53","0","True","False",""
"Horarios","1","Hora_codigo","int","4","10","0","False","False",""
"Horarios","2","Hora_descricao","nvarchar","100","0","0","True","False",""
"Horarios","3","Hora_situacao","bit","1","1","0","True","False",""
"Horarios","4","Hora_00","bit","1","1","0","True","False",""
"Horarios","5","Hora_01","bit","1","1","0","True","False",""
"Horarios","6","Hora_02","bit","1","1","0","True","False",""
"Horarios","7","Hora_03","bit","1","1","0","True","False",""
"Horarios","8","Hora_04","bit","1","1","0","True","False",""
"Horarios","9","Hora_05","bit","1","1","0","True","False",""
"Horarios","10","Hora_06","bit","1","1","0","True","False",""
"Horarios","11","Hora_07","bit","1","1","0","True","False",""
"Horarios","12","Hora_08","bit","1","1","0","True","False",""
"Horarios","13","Hora_09","bit","1","1","0","True","False",""
"Horarios","14","Hora_10","bit","1","1","0","True","False",""
"Horarios","15","Hora_11","bit","1","1","0","True","False",""
"Horarios","16","Hora_12","bit","1","1","0","True","False",""
"Horarios","17","Hora_13","bit","1","1","0","True","False",""
"Horarios","18","Hora_14","bit","1","1","0","True","False",""
"Horarios","19","Hora_15","bit","1","1","0","True","False",""
"Horarios","20","Hora_16","bit","1","1","0","True","False",""
"Horarios","21","Hora_17","bit","1","1","0","True","False",""
"Horarios","22","Hora_18","bit","1","1","0","True","False",""
"Horarios","23","Hora_19","bit","1","1","0","True","False",""
"Horarios","24","Hora_20","bit","1","1","0","True","False",""
"Horarios","25","Hora_21","bit","1","1","0","True","False",""
"Horarios","26","Hora_22","bit","1","1","0","True","False",""
"Horarios","27","Hora_23","bit","1","1","0","True","False",""
"Horarios","28","Emp_codigo","int","4","10","0","True","False",""
"Horarios","29","usr_cod_criacao","int","4","10","0","True","False",""
"Horarios","30","usr_dt_hr_criacao","datetime","8","23","3","True","False",""
"Horarios","31","usr_cod_alteracao","int","4","10","0","True","False",""
"Horarios","32","usr_dt_hr_alteracao","datetime","8","23","3","True","False",""
"HorariosDatas","1","HoraData_codigo","int","4","10","0","False","False",""
"HorariosDatas","2","HoraData_descricao","nvarchar","100","0","0","True","False",""
"HorariosDatas","3","HoraData_situacao","bit","1","1","0","True","False",""
"HorariosDatas","4","HoraData_mesano","nvarchar","20","0","0","True","False",""
"HorariosDatas","5","HoraData_tipo","nchar","2","0","0","True","False",""
"HorariosDatas","6","Emp_codigo","int","4","10","0","True","False",""
"HorariosDatas","7","usr_cod_criacao","int","4","10","0","True","False",""
"HorariosDatas","8","usr_dt_hr_criacao","datetime","8","23","3","True","False",""
"HorariosDatas","9","usr_cod_alteracao","int","4","10","0","True","False",""
"HorariosDatas","10","usr_dt_hr_alteracao","datetime","8","23","3","True","False",""
"HorariosDatasDetalhe","1","HoraDataDet_Codigo","float","8","53","0","False","False",""
"HorariosDatasDetalhe","2","HoraData_codigo","int","4","10","0","True","False",""
"HorariosDatasDetalhe","3","HoraDataDet_data","varchar","10","0","0","True","False",""
"HorariosDatasDetalhe","4","HoraDataDet_DiaSemana","nvarchar","40","0","0","True","False",""
"HorariosDatasDetalhe","5","Hora_codigo","int","4","10","0","True","False",""
"HorariosDatasDetalhe","6","Emp_codigo","int","4","10","0","True","False",""
"HorariosDatasDetalhe","7","usr_cod_criacao","int","4","10","0","True","False",""
"HorariosDatasDetalhe","8","usr_dt_hr_criacao","datetime","8","23","3","True","False",""
"HorariosDatasDetalhe","9","usr_cod_alteracao","int","4","10","0","True","False",""
"HorariosDatasDetalhe","10","usr_dt_hr_alteracao","datetime","8","23","3","True","False",""
"ImportacaoProduto","1","Pro_codnosso","nvarchar","40","0","0","False","False",""
"ImportacaoProduto","2","ImpProd_CodigoFor","nvarchar","120","0","0","False","False",""
"ImportacaoProduto","3","ImpProd_SiglaFor","nvarchar","6","0","0","False","False",""
"IndicacaoGrupProd","1","ind_codigo","int","4","10","0","False","False",""
"IndicacaoGrupProd","2","GrupoProduto_Codigo","int","4","10","0","False","False",""
"IndicacaoGrupProd","3","IndGruProd_Porc","float","8","53","0","False","False",""
"IndicacaoGrupProd","4","Emp_Codigo","int","4","10","0","True","False",""
"IndicacaoGrupProd","5","usr_cod_criacao","int","4","10","0","True","False",""
"IndicacaoGrupProd","6","usr_dt_hr_criacao","datetime","8","23","3","True","False",""
"IndicacaoGrupProd","7","usr_cod_alteracao","int","4","10","0","True","False",""
"IndicacaoGrupProd","8","usr_dt_hr_alteracao","datetime","8","23","3","True","False",""
"IndicacaoGrupProd","9","IndGruProd_DescPorc","float","8","53","0","True","False",""
"IndicacaoGrupProd","10","IndGruProd_Operador","varchar","10","0","0","True","False",""
"Indicacoes","1","Ind_codigo","int","4","10","0","False","False","(0)"
"Indicacoes","2","Ind_Nome","nvarchar","120","0","0","True","False",""
"Indicacoes","3","Ind_Endereco","nvarchar","120","0","0","True","False",""
"Indicacoes","4","Ind_numero","nvarchar","20","0","0","True","False",""
"Indicacoes","5","Ind_complemento","nvarchar","80","0","0","True","False",""
"Indicacoes","6","Ind_Bairro","nvarchar","50","0","0","True","False",""
"Indicacoes","7","Ind_CodCidade","nvarchar","20","0","0","True","False",""
"Indicacoes","8","Ind_Cidade","nvarchar","50","0","0","True","False",""
"Indicacoes","9","Ind_UF","nvarchar","4","0","0","True","False",""
"Indicacoes","10","Ind_CEP","nvarchar","28","0","0","True","False",""
"Indicacoes","11","Ind_Dtnacimento","nvarchar","10","0","0","True","False",""
"Indicacoes","12","Ind_situacao","char","1","0","0","True","False",""
"Indicacoes","13","Ind_vinculo","nvarchar","40","0","0","True","False",""
"Indicacoes","14","Ind_Ativo","nvarchar","6","0","0","True","False",""
"Indicacoes","15","Ind_profissao","nvarchar","50","0","0","True","False",""
"Indicacoes","16","Ind_estadocivil","nvarchar","30","0","0","True","False",""
"Indicacoes","17","Ind_conjuge","nvarchar","120","0","0","True","False",""
"Indicacoes","18","Ind_dtnasc_conjuge","nvarchar","10","0","0","True","False",""
"Indicacoes","19","Ind_comercial","nvarchar","44","0","0","True","False",""
"Indicacoes","20","Ind_residencial","nvarchar","44","0","0","True","False",""
"Indicacoes","21","Ind_fax","nvarchar","44","0","0","True","False",""
"Indicacoes","22","Ind_celular","nvarchar","24","0","0","True","False",""
"Indicacoes","23","Ind_email","nvarchar","100","0","0","True","False",""
"Indicacoes","24","usr_cod_criacao","int","4","10","0","True","False",""
"Indicacoes","25","usr_dt_hr_criacao","datetime","8","23","3","True","False",""
"Indicacoes","26","usr_cod_alteracao","int","4","10","0","True","False",""
"Indicacoes","27","usr_dt_hr_alteracao","datetime","8","23","3","True","False",""
"Indicacoes","28","ind_banco","varchar","30","0","0","True","False",""
"Indicacoes","29","ind_num_banco","varchar","5","0","0","True","False",""
"Indicacoes","30","ind_num_agencia","varchar","5","0","0","True","False",""
"Indicacoes","31","ind_num_conta","varchar","10","0","0","True","False",""
"Indicacoes","32","ind_banco_endereco","varchar","45","0","0","True","False",""
"Indicacoes","33","ind_banco_end_numero","varchar","10","0","0","True","False",""
"Indicacoes","34","ind_banco_complemento","varchar","40","0","0","True","False",""
"Indicacoes","35","ind_banco_bairro","varchar","40","0","0","True","False",""
"Indicacoes","36","ind_banco_cidade","varchar","40","0","0","True","False",""
"Indicacoes","37","ind_banco_uf","varchar","2","0","0","True","False",""
"Indicacoes","38","fun_codigo","int","4","10","0","True","False",""
"Indicacoes","39","Emp_codigo","int","4","10","0","True","False",""
"Indicacoes","40","CatProfExt_Codigo","float","8","53","0","True","False",""
"Indicacoes_Detalhe","1","IndDet_codigo","int","4","10","0","False","False",""
"Indicacoes_Detalhe","2","Ind_codigo","int","4","10","0","False","False",""
"Indicacoes_Detalhe","3","IndDet_Nome","varchar","60","0","0","True","False",""
"Indicacoes_Detalhe","4","IndDet_Endereco","varchar","60","0","0","True","False",""
"Indicacoes_Detalhe","5","IndDet_numero","varchar","10","0","0","True","False",""
"Indicacoes_Detalhe","6","IndDet_complemento","varchar","40","0","0","True","False",""
"Indicacoes_Detalhe","7","IndDet_Bairro","varchar","25","0","0","True","False",""
"Indicacoes_Detalhe","8","IndDet_CodCidade","int","4","10","0","True","False",""
"Indicacoes_Detalhe","9","IndDet_CEP","varchar","14","0","0","True","False",""
"Indicacoes_Detalhe","10","IndDet_Dtnacimento","varchar","10","0","0","True","False",""
"Indicacoes_Detalhe","11","IndDet_situacao","varchar","10","0","0","True","False",""
"Indicacoes_Detalhe","12","IndDet_vinculo","varchar","20","0","0","True","False",""
"Indicacoes_Detalhe","13","IndDet_Ativo","varchar","3","0","0","True","False",""
"Indicacoes_Detalhe","14","IndDet_profissao","varchar","25","0","0","True","False",""
"Indicacoes_Detalhe","15","IndDet_estadocivil","varchar","15","0","0","True","False",""
"Indicacoes_Detalhe","16","IndDet_conjuge","varchar","60","0","0","True","False",""
"Indicacoes_Detalhe","17","IndDet_dtnasc_conjuge","varchar","10","0","0","True","False",""
"Indicacoes_Detalhe","18","IndDet_comercial","varchar","22","0","0","True","False",""
"Indicacoes_Detalhe","19","IndDet_residencial","varchar","22","0","0","True","False",""
"Indicacoes_Detalhe","20","IndDet_fax","varchar","22","0","0","True","False",""
"Indicacoes_Detalhe","21","IndDet_celular","nvarchar","44","0","0","True","False",""
"Indicacoes_Detalhe","22","IndDet_email","varchar","50","0","0","True","False",""
"Indicacoes_Detalhe","23","Ban_Codigo","char","4","0","0","True","False",""
"Indicacoes_Detalhe","24","IndDet_num_agencia","varchar","5","0","0","True","False",""
"Indicacoes_Detalhe","25","IndDet_num_conta","varchar","10","0","0","True","False",""
"Indicacoes_Detalhe","26","IndDet_banco_endereco","varchar","45","0","0","True","False",""
"Indicacoes_Detalhe","27","IndDet_banco_end_numero","varchar","10","0","0","True","False",""
"Indicacoes_Detalhe","28","IndDet_banco_complemento","varchar","40","0","0","True","False",""
"Indicacoes_Detalhe","29","IndDet_banco_bairro","varchar","40","0","0","True","False",""
"Indicacoes_Detalhe","30","IndDet_banco_CodCidade","int","4","10","0","True","False",""
"Indicacoes_Detalhe","31","IndDet_TipoPessoa","char","1","0","0","True","False",""
"Indicacoes_Detalhe","32","IndDet_RazaSocial","varchar","60","0","0","True","False",""
"Indicacoes_Detalhe","33","IndDet_CNPJCPF","varchar","21","0","0","True","False",""
"Indicacoes_Detalhe","34","IndDet_RGInscricao","varchar","20","0","0","True","False",""
"Indicacoes_Detalhe","35","IndDet_TipoComunic1","varchar","15","0","0","True","False",""
"Indicacoes_Detalhe","36","IndDet_TipoComunic2","varchar","15","0","0","True","False",""
"Indicacoes_Detalhe","37","IndDet_EnderecoComunic1","varchar","50","0","0","True","False",""
"Indicacoes_Detalhe","38","IndDet_EnderecoComunic2","varchar","50","0","0","True","False",""
"Indicacoes_Detalhe","39","usr_cod_criacao","int","4","10","0","True","False",""
"Indicacoes_Detalhe","40","usr_dt_hr_criacao","datetime","8","23","3","True","False",""
"Indicacoes_Detalhe","41","usr_cod_alteracao","int","4","10","0","True","False",""
"Indicacoes_Detalhe","42","usr_dt_hr_alteracao","datetime","8","23","3","True","False",""
"Indicacoes_Detalhe","43","IndDet_NIB","varchar","30","0","0","True","False",""
"Indicacoes_Detalhe","44","IndDet_crea","varchar","10","0","0","True","False",""
"Indicacoes_Detalhe","45","IndDet_site","varchar","250","0","0","True","False",""
"Indicacoes_Detalhe","46","fun_codigo","int","4","10","0","True","False",""
"Indicacoes_Detalhe","47","Emp_codigo","int","4","10","0","True","False",""
"Indicacoes_Detalhe","48","OrgReg_Codigo","int","4","10","0","True","False",""
"Indicacoes_Detalhe","49","IndDet_NumRegistro","varchar","20","0","0","True","False",""
"Indicacoes_Detalhe","50","IndDet_PIS","varchar","30","0","0","True","False",""
"Indicacoes_Detalhe","51","IndDet_obs","varchar","-1","0","0","True","False",""
"Indicacoes_Detalhe","52","IndDet_Facebook","varchar","200","0","0","True","False",""
"Indicacoes_Detalhe","53","IndDet_Instagram","varchar","200","0","0","True","False",""
"Indicacoes_Funcionario","1","IndFun_codigo","float","8","53","0","False","False",""
"Indicacoes_Funcionario","2","Ind_codigo","int","4","10","0","True","False",""
"Indicacoes_Funcionario","3","Fun_codigo","int","4","10","0","True","False",""
"Indicacoes_Funcionario","4","Emp_Codigo","int","4","10","0","True","False",""
"Indicacoes_Funcionario","5","usr_cod_criacao","int","4","10","0","True","False",""
"Indicacoes_Funcionario","6","usr_dt_hr_criacao","datetime","8","23","3","True","False",""
"Indicacoes_Funcionario","7","usr_cod_alteracao","int","4","10","0","True","False",""
"Indicacoes_Funcionario","8","usr_dt_hr_alteracao","datetime","8","23","3","True","False",""
"Indice_preco","1","for_codigo","int","4","10","0","False","False","(0)"
"Indice_preco","2","Ipr_descricao","nvarchar","200","0","0","False","False",""
"Indice_preco","3","Ipr_custo","int","4","10","0","True","False","(0)"
"Indice_preco","4","Ipr_produto","nvarchar","90","0","0","True","False",""
"Indice_preco","5","Ipr_vl_Tabela","money","8","19","4","True","False","(0)"
"Indice_preco","6","Ipr_vl_Custo","money","8","19","4","True","False","(0)"
"Indice_preco","7","Ipr_vl_com_inter","money","8","19","4","True","False","(0)"
"Indice_preco","8","Ipr_vl_com_exter","money","8","19","4","True","False","(0)"
"Indice_preco","9","Ipr_vl_venda","money","8","19","4","True","False","(0)"
"Indice_preco","10","Ipr_desconto","money","8","19","4","True","False","(0)"
"Indice_preco","11","Ipr_Lucro","money","8","19","4","True","False","(0)"
"Indice_preco","12","Ipr_vl_Lucro","money","8","19","4","True","False","(0)"
"Indice_preco","13","Ipr_Indice","money","8","19","4","True","False","(0)"
"Indice_preco","14","Ipr_CodigoSigla","float","8","53","0","True","False",""
"Indice_preco","15","Ipr_situacao","char","1","0","0","True","False",""
"Indice_preco","16","Ipr_IndiceVlCusto","float","8","53","0","True","False",""
"Indice_preco","17","Ipr_VlLucroCusto","float","8","53","0","True","False",""
"Indice_preco","18","Ipr_CustoTotal","float","8","53","0","True","False",""
"Indice_preco_log","1","Irl_codigo","float","8","53","0","False","False",""
"Indice_preco_log","2","csl_codigo","float","8","53","0","True","False",""
"Indice_preco_log","3","cus_codigo","int","4","10","0","True","False",""
"Indice_preco_log","4","for_codigo","int","4","10","0","False","False",""
"Indice_preco_log","5","Irl_descricao","nvarchar","200","0","0","False","False",""
"Indice_preco_log","6","Irl_produto","nvarchar","90","0","0","True","False",""
"Indice_preco_log","7","Irl_vl_Tabela","money","8","19","4","True","False",""
"Indice_preco_log","8","Irl_vl_Custo","money","8","19","4","True","False",""
"Indice_preco_log","9","Irl_vl_com_inter","money","8","19","4","True","False",""
"Indice_preco_log","10","Irl_vl_com_exter","money","8","19","4","True","False",""
"Indice_preco_log","11","Irl_vl_venda","money","8","19","4","True","False",""
"Indice_preco_log","12","Irl_desconto","money","8","19","4","True","False",""
"Indice_preco_log","13","Irl_Lucro","money","8","19","4","True","False",""
"Indice_preco_log","14","Irl_vl_Lucro","money","8","19","4","True","False",""
"Indice_preco_log","15","Irl_Indice","money","8","19","4","True","False",""
"Indice_preco_log","16","usr_cod_criacao","int","4","10","0","True","False",""
"Indice_preco_log","17","usr_dt_hr_criacao","datetime","8","23","3","True","False",""
"Indice_preco_log","18","Irl_IndiceVlCusto","float","8","53","0","True","False",""
"Indice_preco_log","19","Irl_VlLucroCusto","float","8","53","0","True","False",""
"Indice_preco_log","20","Irl_CustoTotal","float","8","53","0","True","False",""
"Indice_precoGrupoUsuario","1","IprGrup_codigo","float","8","53","0","False","False",""
"Indice_precoGrupoUsuario","2","for_codigo","int","4","10","0","True","False",""
"Indice_precoGrupoUsuario","3","Ipr_descricao","nvarchar","200","0","0","True","False",""
"Indice_precoGrupoUsuario","4","Cod_grupo","int","4","10","0","True","False",""
"Indice_precoGrupoUsuario","5","Emp_codigo","int","4","10","0","True","False",""
"Indice_precoGrupoUsuario","6","usr_cod_criacao","int","4","10","0","True","False",""
"Indice_precoGrupoUsuario","7","usr_dt_hr_criacao","datetime","8","23","3","True","False",""
"ISSQNServicos","1","ISSQN_Codigo","int","4","10","0","False","False",""
"ISSQNServicos","2","ISSQN_Descricao","nvarchar","4000","0","0","True","False",""
"ISSQNServicos","3","ISSQN_Situacao","bit","1","1","0","True","False",""
"ISSQNServicos","4","usr_cod_criacao","int","4","10","0","True","False",""
"ISSQNServicos","5","usr_dt_hr_criacao","datetime","8","23","3","True","False",""
"ISSQNServicos","6","usr_cod_alteracao","int","4","10","0","True","False",""
"ISSQNServicos","7","usr_dt_hr_alteracao","datetime","8","23","3","True","False",""
"ISSQNServicos","8","Emp_codigo","int","4","10","0","True","False",""
"Itens_VendaTEF","1","Pro_CodReduzido","float","8","53","0","False","False",""
"Itens_VendaTEF","2","TEF_Itens_Descricao","varchar","32","0","0","True","False",""
"Itens_VendaTEF","3","Pro_AliqIcms","varchar","6","0","0","False","False",""
"Itens_VendaTEF","4","TEF_Itens_Qtde","int","4","10","0","True","False",""
"Itens_VendaTEF","5","TEF_Itens_Valor","money","8","19","4","True","False",""
"Itens_VendaTEF","6","TEF_Itens_TipoDesconto","varchar","1","0","0","True","False",""
"Itens_VendaTEF","7","TEF_Itens_ValorDesc","money","8","19","4","True","False",""
"Itens_VendaTEF","8","TEF_Itens_situacao","varchar","1","0","0","False","False",""
"Itens_VendaTEF","9","TEF_Cod_venda","float","8","53","0","False","False",""
"Itens_VendaTEF","10","Cod_Acabamento","varchar","10","0","0","False","False",""
"Itens_VendaTEF","11","TRIB_Tributacao","varchar","30","0","0","False","False",""
"Itens_VendaTEF","12","TRIB_Trib_codigo","int","4","10","0","False","False",""
"Itens_VendaTEF","13","TEF_Itens_NumItem","int","4","10","0","False","False",""
"Lancamento_estoque","1","les_codigo","int","4","10","0","False","False",""
"Lancamento_estoque","2","les_fornecedor","int","4","10","0","True","False",""
"Lancamento_estoque","3","les_nome_fornecedor","varchar","45","0","0","True","False",""
"Lancamento_estoque","4","les_data","datetime","8","23","3","True","False",""
"Lancamento_estoque","5","les_usuario","varchar","50","0","0","True","False",""
"Lancamento_estoque","6","usr_cod_criacao","int","4","10","0","True","False",""
"Lancamento_estoque","7","usr_dt_hr_criacao","datetime","8","23","3","True","False",""
"Lancamento_estoque","8","usr_cod_alteracao","int","4","10","0","True","False",""
"Lancamento_estoque","9","usr_dt_hr_alteracao","datetime","8","23","3","True","False",""
"Lancamento_estoque","10","emp_codigo","int","4","10","0","True","False",""
"lancamento_estoque_det","1","les_codigo","int","4","10","0","False","False",""
"lancamento_estoque_det","2","lesd_cod_produto","varchar","20","0","0","False","False",""
"lancamento_estoque_det","3","lesd_acabamento","varchar","10","0","0","True","False",""
"lancamento_estoque_det","4","lesd_tp_mov","varchar","1","0","0","True","False",""
"lancamento_estoque_det","5","lesd_quantidade","float","8","53","0","True","False",""
"lancamento_estoque_det","6","lesd_estoque_ant","float","8","53","0","True","False",""
"lancamento_estoque_det","7","lesd_situacao","char","1","0","0","True","False",""
"lancamento_estoque_det","8","usr_cod_criacao","int","4","10","0","True","False",""
"lancamento_estoque_det","9","usr_dt_hr_criacao","datetime","8","23","3","True","False",""
"lancamento_estoque_det","10","usr_cod_alteracao","int","4","10","0","True","False",""
"lancamento_estoque_det","11","usr_dt_hr_alteracao","datetime","8","23","3","True","False",""
"lancamento_estoque_det","12","les_codigo_det","numeric","9","18","0","False","True",""
"lancamento_estoque_det","13","lesd_observacao","varchar","300","0","0","True","False",""
"login","1","ctrlogin_codigo","int","4","10","0","False","False",""
"login","2","ctrlogin_data","datetime","8","23","3","True","False",""
"login","3","ctrlogin_codigousuario","numeric","9","18","0","True","False",""
"Marca","1","Marca_Codigo","numeric","9","18","0","False","True",""
"Marca","2","Marca_Descricao","nvarchar","100","0","0","True","False",""
"Marca","3","Marca_Situacao","char","1","0","0","True","False",""
"Marca","4","usr_cod_criacao","int","4","10","0","True","False",""
"Marca","5","usr_dt_hr_criacao","datetime","8","23","3","True","False",""
"Marca","6","usr_cod_alteracao","int","4","10","0","True","False",""
"Marca","7","usr_dt_hr_alteracao","datetime","8","23","3","True","False",""
"Marca","8","Fab_Codigo","numeric","9","18","0","True","False",""
"MDFe","1","MDFe_NUMERO","float","8","53","0","True","False",""
"MDFe","3","MDFe_modelo","nvarchar","10","0","0","True","False",""
"MDFe","4","MDFe_Serie","nvarchar","20","0","0","True","False",""
"MDFe","5","MDFe_chave","nvarchar","100","0","0","True","False",""
"MDFe","6","MDFe_DataEmissão","datetime","8","23","3","True","False",""
"MDFe","7","MDFe_DataViagem","datetime","8","23","3","True","False",""
"MDFe","8","MDFe_UF","char","2","0","0","True","False",""
"MDFe","9","MDFe_TipoEmitente","varchar","50","0","0","True","False",""
"MDFe","10","MDFe_TipoTransportador","char","3","0","0","True","False",""
"MDFe","11","MDFe_RNTRC","varchar","30","0","0","True","False",""
"MDFe","12","MDFe_CIOT","varchar","30","0","0","True","False",""
"MDFe","13","MDFe_VeicTracaoUF","char","2","0","0","True","False",""
"MDFe","14","MDFe_VeicTracaoPLACA","varchar","15","0","0","True","False",""
"MDFe","15","MDFe_VeicTracaoRenavam","varchar","25","0","0","True","False",""
"MDFe","16","MDFe_VeicTracaoTara","float","8","53","0","True","False",""
"MDFe","17","MDFe_VeicTracaoTipoCarroceria","varchar","30","0","0","True","False",""
"MDFe","18","MDFe_VeicTracaoTipoRodado","varchar","30","0","0","True","False",""
"MDFe","19","MDFe_VeicTracaoCapacidadeKG","float","8","53","0","True","False",""
"MDFe","20","MDFe_VeicTracaoCapacidadeM3","float","8","53","0","True","False",""
"MDFe","21","MDFe_ObsFisco","varchar","-1","0","0","True","False",""
"MDFe","22","MDFe_ObsContribuinte","varchar","-1","0","0","True","False",""
"MDFe","23","Emp_codigo","int","4","10","0","True","False",""
"MDFe","24","usr_cod_criacao","int","4","10","0","True","False",""
"MDFe","25","usr_dt_hr_criacao","datetime","8","23","3","True","False",""
"MDFe","26","usr_cod_alteracao","int","4","10","0","True","False",""
"MDFe","27","usr_dt_hr_alteracao","datetime","8","23","3","True","False",""
"MDFe","28","MDFe_UFDescarregamento","char","2","0","0","True","False",""
"MDFe","29","MDFe_CodMunDescarregamento","int","4","10","0","True","False",""
"MDFe","30","MDFe_MunDescarregamento","varchar","40","0","0","True","False",""
"MDFe","31","MDFe_CodMunCarregamento","int","4","10","0","True","False",""
"MDFe","32","MDFe_MunCarregamento","varchar","40","0","0","True","False",""
"MDFe","33","MDFe_UFCarregamento","varchar","2","0","0","True","False",""
"MDFe","34","MDFe_PropOutro","bit","1","1","0","True","False",""
"MDFe","35","MDFe_PropRNTRC","varchar","30","0","0","True","False",""
"MDFe","36","MDFe_PropTipo","varchar","30","0","0","True","False",""
"MDFe","37","MDFe_PropUF","varchar","2","0","0","True","False",""
"MDFe","38","MDFe_PropCPF_CNPJ","varchar","15","0","0","True","False",""
"MDFe","39","MDFe_PropIE","varchar","25","0","0","True","False",""
"MDFe","40","MDFe_PropNome","varchar","50","0","0","True","False",""
"MDFe","41","MDFe_HoraEmissao","varchar","10","0","0","True","False",""
"MDFe","42","MDFe_codigo","float","8","53","0","False","False",""
"MDFe","43","MDFe_CodAgendamentoPorto","varchar","20","0","0","True","False",""
"MDFe","44","MDFe_TotalNFe","int","4","10","0","True","False",""
"MDFe","45","MDFe_TotalCTe","int","4","10","0","True","False",""
"MDFe","46","MDFe_TotalValorCarga","float","8","53","0","True","False",""
"MDFe","47","MDFe_TotalPesoBruto","float","8","53","0","True","False",""
"MDFe","48","MDFe_TotalUnidade","varchar","10","0","0","True","False",""
"MDFe","49","MDFe_lote","float","8","53","0","True","False",""
"MDFe","50","MDFe_recibo","varchar","50","0","0","True","False",""
"MDFe","51","MDFe_protocolo","varchar","50","0","0","True","False",""
"MDFe","52","MDFe_CaminhoXML","varchar","1000","0","0","True","False",""
"MDFe","53","MDFe_NomeXML","varchar","1000","0","0","True","False",""
"MDFeCIOT","1","MDFe_Codigo","float","8","53","0","True","False",""
"MDFeCIOT","2","MDFeCIOT_Codigo","float","8","53","0","False","False",""
"MDFeCIOT","3","MDFeCIOT_numero","varchar","10","0","0","True","False",""
"MDFeCIOT","4","MDFeCIOT_CPFCNPJ","varchar","15","0","0","True","False",""
"MDFeCIOT","5","usr_cod_criacao","int","4","10","0","True","False",""
"MDFeCIOT","6","usr_dt_hr_criacao","datetime","8","23","3","True","False",""
"MDFeCIOT","7","usr_cod_alteracao","int","4","10","0","True","False",""
"MDFeCIOT","8","usr_dt_hr_alteracao","datetime","8","23","3","True","False",""
"MDFeCIOT","9","Emp_codigo","int","4","10","0","True","False",""
"MDFeCondutor","1","MDFe_Codigo","float","8","53","0","True","False",""
"MDFeCondutor","2","MDFeCondutor_codigo","float","8","53","0","False","False",""
"MDFeCondutor","3","MDFeCondutor_cpf","varchar","15","0","0","True","False",""
"MDFeCondutor","4","MDFeCondutor_nome","varchar","50","0","0","True","False",""
"MDFeCondutor","5","usr_cod_criacao","int","4","10","0","True","False",""
"MDFeCondutor","6","usr_dt_hr_criacao","datetime","8","23","3","True","False",""
"MDFeCondutor","7","usr_cod_alteracao","int","4","10","0","True","False",""
"MDFeCondutor","8","usr_dt_hr_alteracao","datetime","8","23","3","True","False",""
"MDFeCondutor","9","Emp_codigo","int","4","10","0","True","False",""
"MDFeContratante","1","MDFeCont_codigo","float","8","53","0","False","False",""
"MDFeContratante","2","MDFe_codigo","float","8","53","0","True","False",""
"MDFeContratante","3","MDFeCont_CPFCNPJ","varchar","20","0","0","True","False",""
"MDFeContratante","4","usr_cod_criacao","int","4","10","0","True","False",""
"MDFeContratante","5","usr_dt_hr_criacao","datetime","8","23","3","True","False",""
"MDFeContratante","6","usr_cod_alteracao","int","4","10","0","True","False",""
"MDFeContratante","7","usr_dt_hr_alteracao","datetime","8","23","3","True","False",""
"MDFeContratante","8","Emp_codigo","int","4","10","0","True","False",""
"MDFeCTE","1","MDFe_Codigo","float","8","53","0","True","False",""
"MDFeCTE","2","MDFeCTE_Codigo","float","8","53","0","False","False",""
"MDFeCTE","3","MDFeCTE_Numero","varchar","100","0","0","True","False",""
"MDFeCTE","4","usr_cod_criacao","int","4","10","0","True","False",""
"MDFeCTE","5","usr_dt_hr_criacao","datetime","8","23","3","True","False",""
"MDFeCTE","6","usr_cod_alteracao","int","4","10","0","True","False",""
"MDFeCTE","7","usr_dt_hr_alteracao","datetime","8","23","3","True","False",""
"MDFeCTE","8","Emp_codigo","int","4","10","0","True","False",""
"MDFeLacre","1","MDFe_Codigo","float","8","53","0","True","False",""
"MDFeLacre","2","MDFeUnidTransp_Codigo","float","8","53","0","True","False",""
"MDFeLacre","3","MDFeLacre_Codigo","float","8","53","0","False","False",""
"MDFeLacre","4","MDFeLacre_Numero","varchar","15","0","0","True","False",""
"MDFeLacre","5","usr_cod_criacao","int","4","10","0","True","False",""
"MDFeLacre","6","usr_dt_hr_criacao","datetime","8","23","3","True","False",""
"MDFeLacre","7","usr_cod_alteracao","int","4","10","0","True","False",""
"MDFeLacre","8","usr_dt_hr_alteracao","datetime","8","23","3","True","False",""
"MDFeLacre","9","Emp_codigo","int","4","10","0","True","False",""
"MDFeMunCarregamento","1","MDFe_Codigo","float","8","53","0","True","False",""
"MDFeMunCarregamento","2","MDFeMunCar_codigo","float","8","53","0","False","False",""
"MDFeMunCarregamento","3","mun_codigo","int","4","10","0","True","False",""
"MDFeMunCarregamento","4","MDFeMunCar_UF","char","2","0","0","True","False",""
"MDFeMunCarregamento","5","usr_cod_criacao","int","4","10","0","True","False",""
"MDFeMunCarregamento","6","usr_dt_hr_criacao","datetime","8","23","3","True","False",""
"MDFeMunCarregamento","7","usr_cod_alteracao","int","4","10","0","True","False",""
"MDFeMunCarregamento","8","usr_dt_hr_alteracao","datetime","8","23","3","True","False",""
"MDFeMunCarregamento","9","Emp_codigo","int","4","10","0","True","False",""
"MDFeMunicipioDescarregamento","1","MDFe_Codigo","float","8","53","0","True","False",""
"MDFeMunicipioDescarregamento","2","MDFeMunDesc_codigo","float","8","53","0","False","False",""
"MDFeMunicipioDescarregamento","3","mun_codigo","int","4","10","0","True","False",""
"MDFeMunicipioDescarregamento","4","MDFeMunDesc_UF","char","2","0","0","True","False",""
"MDFeMunicipioDescarregamento","5","usr_cod_criacao","int","4","10","0","True","False",""
"MDFeMunicipioDescarregamento","6","usr_dt_hr_criacao","datetime","8","23","3","True","False",""
"MDFeMunicipioDescarregamento","7","usr_cod_alteracao","int","4","10","0","True","False",""
"MDFeMunicipioDescarregamento","8","usr_dt_hr_alteracao","datetime","8","23","3","True","False",""
"MDFeMunicipioDescarregamento","9","Emp_codigo","int","4","10","0","True","False",""
"MDFeNFE","1","MDFe_Codigo","float","8","53","0","True","False",""
"MDFeNFE","2","MDFeNFE_Codigo","float","8","53","0","False","False",""
"MDFeNFE","3","MDFeNFE_Numero","varchar","100","0","0","True","False",""
"MDFeNFE","4","usr_cod_criacao","int","4","10","0","True","False",""
"MDFeNFE","5","usr_dt_hr_criacao","datetime","8","23","3","True","False",""
"MDFeNFE","6","usr_cod_alteracao","int","4","10","0","True","False",""
"MDFeNFE","7","usr_dt_hr_alteracao","datetime","8","23","3","True","False",""
"MDFeNFE","8","Emp_codigo","int","4","10","0","True","False",""
"MDFeReboque","1","MDFeReb_codigo","float","8","53","0","False","False",""
"MDFeReboque","2","MDFe_Codigo","float","8","53","0","True","False",""
"MDFeReboque","3","MDFeReb_Placa","varchar","15","0","0","True","False",""
"MDFeReboque","4","MDFeReb_TipoCarroceria","varchar","30","0","0","True","False",""
"MDFeReboque","5","MDFeReb_UF","varchar","2","0","0","True","False",""
"MDFeReboque","6","MDFeReb_Capacidade","float","8","53","0","True","False",""
"MDFeReboque","7","MDFeReb_tara","float","8","53","0","True","False",""
"MDFeReboque","8","usr_cod_criacao","int","4","10","0","True","False",""
"MDFeReboque","9","usr_dt_hr_criacao","datetime","8","23","3","True","False",""
"MDFeReboque","10","usr_cod_alteracao","int","4","10","0","True","False",""
"MDFeReboque","11","usr_dt_hr_alteracao","datetime","8","23","3","True","False",""
"MDFeReboque","12","Emp_codigo","int","4","10","0","True","False",""
"MDFeSeguro","1","MDFe_Codigo","float","8","53","0","True","False",""
"MDFeSeguro","2","MDFeSeguro_Codigo","float","8","53","0","False","False",""
"MDFeSeguro","3","MDFeSeguro_Responsavel","varchar","30","0","0","True","False",""
"MDFeSeguro","4","MDFeSeguro_CPFCNPJ","varchar","15","0","0","True","False",""
"MDFeSeguro","5","MDFeSeguro_NomeSeguradora","varchar","50","0","0","True","False",""
"MDFeSeguro","6","MDFeSeguro_CNPJSeguradora","varchar","15","0","0","True","False",""
"MDFeSeguro","7","MDFeSeguro_ApoliceSeguradora","varchar","15","0","0","True","False",""
"MDFeSeguro","8","usr_cod_criacao","int","4","10","0","True","False",""
"MDFeSeguro","9","usr_dt_hr_criacao","datetime","8","23","3","True","False",""
"MDFeSeguro","10","usr_cod_alteracao","int","4","10","0","True","False",""
"MDFeSeguro","11","usr_dt_hr_alteracao","datetime","8","23","3","True","False",""
"MDFeSeguro","12","Emp_codigo","int","4","10","0","True","False",""
"MDFeSeguro","13","MDFeSeguro_Averbacao","varchar","30","0","0","True","False",""
"MDFeSeguroAverbacao","1","MDFe_Codigo","float","8","53","0","True","False",""
"MDFeSeguroAverbacao","2","MDFeSeguro_Codigo","float","8","53","0","True","False",""
"MDFeSeguroAverbacao","3","MDFeSeguroAver_Codigo","float","8","53","0","False","False",""
"MDFeSeguroAverbacao","4","MDFeSeguroAver_Numero","float","8","53","0","True","False",""
"MDFeSeguroAverbacao","5","usr_cod_criacao","int","4","10","0","True","False",""
"MDFeSeguroAverbacao","6","usr_dt_hr_criacao","datetime","8","23","3","True","False",""
"MDFeSeguroAverbacao","7","usr_cod_alteracao","int","4","10","0","True","False",""
"MDFeSeguroAverbacao","8","usr_dt_hr_alteracao","datetime","8","23","3","True","False",""
"MDFeSeguroAverbacao","9","Emp_codigo","int","4","10","0","True","False",""
"MDFeUFPercurso","1","MDFe_Codigo","float","8","53","0","True","False",""
"MDFeUFPercurso","2","MDFeUFPercurso_codigo","float","8","53","0","False","False",""
"MDFeUFPercurso","3","MDFeUFPercurso_UF","char","2","0","0","True","False",""
"MDFeUFPercurso","4","usr_cod_criacao","int","4","10","0","True","False",""
"MDFeUFPercurso","5","usr_dt_hr_criacao","datetime","8","23","3","True","False",""
"MDFeUFPercurso","6","usr_cod_alteracao","int","4","10","0","True","False",""
"MDFeUFPercurso","7","usr_dt_hr_alteracao","datetime","8","23","3","True","False",""
"MDFeUFPercurso","8","Emp_codigo","int","4","10","0","True","False",""
"MDFeUnidadeCarga","1","MDFe_Codigo","float","8","53","0","True","False",""
"MDFeUnidadeCarga","2","MDFeUnidTransp_Codigo","float","8","53","0","True","False",""
"MDFeUnidadeCarga","3","MDFeUnidCarga_Codigo","float","8","53","0","False","False",""
"MDFeUnidadeCarga","4","MDFeUnidCarga_Tipo","varchar","30","0","0","True","False",""
"MDFeUnidadeCarga","5","MDFeUnidCarga_Identificacao","varchar","15","0","0","True","False",""
"MDFeUnidadeCarga","6","MDFeUnidCarga_QuantRateada","float","8","53","0","True","False",""
"MDFeUnidadeCarga","7","usr_cod_criacao","int","4","10","0","True","False",""
"MDFeUnidadeCarga","8","usr_dt_hr_criacao","datetime","8","23","3","True","False",""
"MDFeUnidadeCarga","9","usr_cod_alteracao","int","4","10","0","True","False",""
"MDFeUnidadeCarga","10","usr_dt_hr_alteracao","datetime","8","23","3","True","False",""
"MDFeUnidadeCarga","11","Emp_codigo","int","4","10","0","True","False",""
"MDFeUnidadeCargaLacre","1","MDFe_Codigo","float","8","53","0","True","False",""
"MDFeUnidadeCargaLacre","2","MDFeUnidTransp_Codigo","float","8","53","0","True","False",""
"MDFeUnidadeCargaLacre","3","MDFeUnidCarga_Codigo","float","8","53","0","True","False",""
"MDFeUnidadeCargaLacre","4","MDFeUnidCargaLacre_Codigo","float","8","53","0","False","False",""
"MDFeUnidadeCargaLacre","5","MDFeUnidCargaLacre_Numero","varchar","15","0","0","True","False",""
"MDFeUnidadeCargaLacre","6","usr_cod_criacao","int","4","10","0","True","False",""
"MDFeUnidadeCargaLacre","7","usr_dt_hr_criacao","datetime","8","23","3","True","False",""
"MDFeUnidadeCargaLacre","8","usr_cod_alteracao","int","4","10","0","True","False",""
"MDFeUnidadeCargaLacre","9","usr_dt_hr_alteracao","datetime","8","23","3","True","False",""
"MDFeUnidadeCargaLacre","10","Emp_codigo","int","4","10","0","True","False",""
"MDFeUnidadeTransporte","1","MDFe_Codigo","float","8","53","0","True","False",""
"MDFeUnidadeTransporte","2","MDFeUnidTransp_Codigo","float","8","53","0","False","False",""
"MDFeUnidadeTransporte","3","MDFeUnidTransp_Tipo","varchar","30","0","0","True","False",""
"MDFeUnidadeTransporte","4","MDFeUnidTransp_Identificacao","varchar","10","0","0","True","False",""
"MDFeUnidadeTransporte","5","MDFeUnidTransp_QuantReteada","float","8","53","0","True","False",""
"MDFeUnidadeTransporte","6","usr_cod_criacao","int","4","10","0","True","False",""
"MDFeUnidadeTransporte","7","usr_dt_hr_criacao","datetime","8","23","3","True","False",""
"MDFeUnidadeTransporte","8","usr_cod_alteracao","int","4","10","0","True","False",""
"MDFeUnidadeTransporte","9","usr_dt_hr_alteracao","datetime","8","23","3","True","False",""
"MDFeUnidadeTransporte","10","Emp_codigo","int","4","10","0","True","False",""
"MDFeUnidadeTransporte","11","MDFeCTE_Codigo","float","8","53","0","True","False",""
"MDFeUnidadeTransporte","12","MDFeNFE_Codigo","float","8","53","0","True","False",""
"MDFeValePedagio","1","MDFeValePed_codigo","float","8","53","0","False","False",""
"MDFeValePedagio","2","MDFe_Codigo","float","8","53","0","True","False",""
"MDFeValePedagio","3","MDFeValePed_CNPJFornecedor","varchar","15","0","0","True","False",""
"MDFeValePedagio","4","MDFeValePed_CPFCNPJPag","varchar","15","0","0","True","False",""
"MDFeValePedagio","5","MDFeValePed_NumComprovCompra","varchar","20","0","0","True","False",""
"MDFeValePedagio","6","MDFeValePed_Valor","float","8","53","0","True","False",""
"MDFeValePedagio","7","usr_cod_criacao","int","4","10","0","True","False",""
"MDFeValePedagio","8","usr_dt_hr_criacao","datetime","8","23","3","True","False",""
"MDFeValePedagio","9","usr_cod_alteracao","int","4","10","0","True","False",""
"MDFeValePedagio","10","usr_dt_hr_alteracao","datetime","8","23","3","True","False",""
"MDFeValePedagio","11","Emp_codigo","int","4","10","0","True","False",""
"Mensagem_Relatorio","1","Men_relatorio","varchar","255","0","0","True","False",""
"Mensagem_Relatorio","2","Men_parte","int","4","10","0","True","False","(0)"
"Mensagem_Relatorio","3","men_mensagem","ntext","16","0","0","True","False",""
"Mensagem_Relatorio","4","Men_codigo","int","4","10","0","False","False",""
"Mensagem_Relatorio","5","Men_nome","varchar","100","0","0","True","False",""
"Mensagem_Relatorio","6","Men_linha","int","4","10","0","True","False",""
"Mensagem_Relatorio","7","men_caracteres","float","8","53","0","True","False",""
"Mensagem_Relatorio","8","men_fonte","varchar","50","0","0","True","False",""
"Mensagem_Relatorio","9","men_fonte_tamanho","int","4","10","0","True","False",""
"Mensagem_Relatorio","10","Men_Situacao","bit","1","1","0","True","False",""
"Mensagem_Relatorio","11","usr_cod_criacao","int","4","10","0","True","False",""
"Mensagem_Relatorio","12","usr_dt_hr_criacao","datetime","8","23","3","True","False",""
"Mensagem_Relatorio","13","usr_cod_alteracao","int","4","10","0","True","False",""
"Mensagem_Relatorio","14","usr_dt_hr_alteracao","datetime","8","23","3","True","False",""
"Mensagem_Relatorio","15","Emp_codigo","int","4","10","0","True","False",""
"Mensagem_Relatorio","16","Men_datavigencia","datetime","8","23","3","True","False",""
"Mensagem_Relatorio","17","TpRel_codigo","int","4","10","0","True","False",""
"MetaVenda","1","MetaVenda_Codigo","float","8","53","0","False","False",""
"MetaVenda","2","MetaVenda_descricao","varchar","50","0","0","True","False",""
"MetaVenda","3","MetaVenda_tipo","char","1","0","0","True","False",""
"MetaVenda","4","MetaVenda_Situacao","char","1","0","0","True","False",""
"MetaVenda","5","MetaVenda_valor","float","8","53","0","True","False",""
"MetaVenda","6","MetaVenda_dataVigencia","datetime","8","23","3","True","False",""
"MetaVenda","7","MetaVenda_Obs","varchar","2000","0","0","True","False",""
"MetaVenda","8","Emp_Codigo","int","4","10","0","True","False",""
"MetaVenda","9","usr_cod_criacao","int","4","10","0","True","False",""
"MetaVenda","10","usr_dt_hr_criacao","datetime","8","23","3","True","False",""
"MetaVenda","11","usr_cod_alteracao","int","4","10","0","True","False",""
"MetaVenda","12","usr_dt_hr_alteracao","datetime","8","23","3","True","False",""
"MetaVenda","13","MetaVenda_dataVigenciaFim","datetime","8","23","3","True","False",""
"MetaVendaDet","1","MetaVenda_Codigo","float","8","53","0","False","False",""
"MetaVendaDet","2","MetaVendaDet_dataV","datetime","8","23","3","False","False",""
"MetaVendaDet","3","MetaVendaDet_Valor","float","8","53","0","True","False",""
"MetaVendaDet","4","CatRem_Codigo","int","4","10","0","False","False",""
"MetaVendaDet","5","Emp_Codigo","int","4","10","0","True","False",""
"MetaVendaDet","6","usr_cod_criacao","int","4","10","0","True","False",""
"MetaVendaDet","7","usr_dt_hr_criacao","datetime","8","23","3","True","False",""
"MetaVendaDet","8","usr_cod_alteracao","int","4","10","0","True","False",""
"MetaVendaDet","9","usr_dt_hr_alteracao","datetime","8","23","3","True","False",""
"MetaVendaDet","10","MetaVendaDet_dataVFim","datetime","8","23","3","True","False",""
"MetaVendaGrupProd","1","MetaVenda_Codigo","float","8","53","0","False","False",""
"MetaVendaGrupProd","2","GrupoProduto_Codigo","int","4","10","0","False","False",""
"MetaVendaGrupProd","3","Emp_Codigo","int","4","10","0","True","False",""
"MetaVendaGrupProd","4","usr_cod_criacao","int","4","10","0","True","False",""
"MetaVendaGrupProd","5","usr_dt_hr_criacao","datetime","8","23","3","True","False",""
"MetaVendaGrupProd","6","usr_cod_alteracao","int","4","10","0","True","False",""
"MetaVendaGrupProd","7","usr_dt_hr_alteracao","datetime","8","23","3","True","False",""
"MetaVendaTpVenda","1","MetaVenda_Codigo","float","8","53","0","False","False",""
"MetaVendaTpVenda","2","Emp_Codigo","int","4","10","0","True","False",""
"MetaVendaTpVenda","3","CatVen_Codigo","int","4","10","0","False","False",""
"MetaVendaTpVenda","4","usr_cod_criacao","int","4","10","0","True","False",""
"MetaVendaTpVenda","5","usr_dt_hr_criacao","datetime","8","23","3","True","False",""
"MetaVendaTpVenda","6","usr_cod_alteracao","int","4","10","0","True","False",""
"MetaVendaTpVenda","7","usr_dt_hr_alteracao","datetime","8","23","3","True","False",""
"Modo","1","Mdo_codigo","int","4","10","0","False","False",""
"Modo","2","Mdo_nome","varchar","30","0","0","True","False",""
"Modo","3","Mdo_taxa_Adm","float","8","53","0","True","False",""
"Modo","4","Mdo_prazo","int","4","10","0","True","False",""
"Modo","5","Mdo_Dia_fixo","int","4","10","0","True","False",""
"Modo","6","Mdo_situacao","char","1","0","0","True","False",""
"Modo","7","Mdo_tipo","char","1","0","0","True","False",""
"Modo","8","Mdo_obs","varchar","255","0","0","True","False",""
"Modo","9","usr_cod_criacao","int","4","10","0","True","False",""
"Modo","10","usr_dt_hr_criacao","smalldatetime","4","16","0","True","False",""
"Modo","11","usr_cod_alteracao","int","4","10","0","True","False",""
"Modo","12","usr_dt_hr_alteracao","smalldatetime","4","16","0","True","False",""
"Modo","13","Emp_codigo","int","4","10","0","True","False",""
"Modo","14","SPEDFormaPag_codigo","nvarchar","4","0","0","True","False",""
"Modo","15","EFDR150_Codigo","int","4","10","0","True","False",""
"Modo","16","CartBan_Codigo","int","4","10","0","True","False",""
"Moeda","1","Moeda_codigo","int","4","10","0","False","False",""
"Moeda","2","Moeda_NomeCurto","varchar","10","0","0","True","False",""
"Moeda","3","Moeda_NomeLongo","varchar","30","0","0","True","False",""
"Moeda","4","Moeda_simbolo","varchar","5","0","0","True","False",""
"Moeda","5","Moeda_UEM","bit","1","1","0","True","False",""
"Moeda","6","usr_cod_criacao","int","4","10","0","True","False",""
"Moeda","7","usr_dt_hr_criacao","datetime","8","23","3","True","False",""
"Moeda","8","usr_cod_alteracao","int","4","10","0","True","False",""
"Moeda","9","usr_dt_hr_alteracao","datetime","8","23","3","True","False",""
"Motivo_devolucao","1","Mod_codigo","int","4","10","0","False","False","(0)"
"Motivo_devolucao","2","Mod_descricao","nvarchar","60","0","0","True","False",""
"Motivo_devolucao","3","Mod_situacao","char","1","0","0","True","False",""
"Motivo_devolucao","4","Mod_tipo","char","1","0","0","True","False",""
"Motivo_devolucao","5","usr_cod_criacao","int","4","10","0","True","False",""
"Motivo_devolucao","6","usr_dt_hr_criacao","datetime","8","23","3","True","False",""
"Motivo_devolucao","7","usr_cod_alteracao","int","4","10","0","True","False",""
"Motivo_devolucao","8","usr_dt_hr_alteracao","datetime","8","23","3","True","False",""
"Motivo_devolucao","9","Emp_codigo","int","4","10","0","True","False",""
"Motivo_devolucao_tipo","1","MotDevTp_codigo","int","4","10","0","False","False",""
"Motivo_devolucao_tipo","2","Mod_codigo","int","4","10","0","True","False",""
"Motivo_devolucao_tipo","3","TpMot_codigo","int","4","10","0","True","False",""
"Motivo_devolucao_tipo","4","Emp_codigo","int","4","10","0","True","False",""
"Motivo_devolucao_tipo","5","usr_cod_criacao","int","4","10","0","True","False",""
"Motivo_devolucao_tipo","6","usr_dt_hr_criacao","datetime","8","23","3","True","False",""
"Motivo_devolucao_tipo","7","usr_cod_alteracao","int","4","10","0","True","False",""
"Motivo_devolucao_tipo","8","usr_dt_hr_alteracao","datetime","8","23","3","True","False",""
"Movimento_bancario","1","Mba_codigo","float","8","53","0","False","False",""
"Movimento_bancario","2","Emp_codigo","int","4","10","0","True","False",""
"Movimento_bancario","3","Mba_historico","varchar","255","0","0","True","False",""
"Movimento_bancario","4","Mba_operacao","varchar","7","0","0","True","False",""
"Movimento_bancario","5","Mba_din_che_tra","varchar","15","0","0","True","False",""
"Movimento_bancario","6","Mba_valor","float","8","53","0","True","False",""
"Movimento_bancario","7","Mba_imposto","float","8","53","0","True","False",""
"Movimento_bancario","8","Mba_data_emissao","datetime","8","23","3","True","False",""
"Movimento_bancario","9","Mba_data_efetivacao","datetime","8","23","3","True","False",""
"Movimento_bancario","10","Mba_efetivado","varchar","1","0","0","True","False","('N')"
"Movimento_bancario","11","Mba_numero_banco","int","4","10","0","True","False",""
"Movimento_bancario","12","Mba_nome_banco","varchar","35","0","0","True","False",""
"Movimento_bancario","13","Mba_cpf_cnpj_emitente","varchar","20","0","0","True","False",""
"Movimento_bancario","14","Mba_agencia","varchar","10","0","0","True","False",""
"Movimento_bancario","15","Mba_conta_corrente","varchar","15","0","0","True","False",""
"Movimento_bancario","16","Mba_numero_cheque","varchar","15","0","0","True","False",""
"Movimento_bancario","17","Mba_emitente","varchar","35","0","0","True","False",""
"Movimento_bancario","18","Pco_codigo","int","4","10","0","True","False",""
"Movimento_bancario","19","Cdc_codigo","int","4","10","0","True","False",""
"Movimento_bancario","20","Cba_codigo","int","4","10","0","True","False",""
"Movimento_bancario","21","Cpp_cod_pag","float","8","53","0","True","False",""
"Movimento_bancario","22","Crp_cod_pag","float","8","53","0","True","False",""
"Movimento_bancario","23","usr_cod_criacao","int","4","10","0","True","False",""
"Movimento_bancario","24","usr_dt_hr_criacao","datetime","8","23","3","True","False",""
"Movimento_bancario","25","usr_cod_alteracao","int","4","10","0","True","False",""
"Movimento_bancario","26","usr_dt_hr_alteracao","datetime","8","23","3","True","False",""
"Movimento_bancario","27","tra_codigo","float","8","53","0","True","False",""
"Movimento_bancario","28","bcx_codigo","int","4","10","0","True","False",""
"Movimentos","1","Mvt_codigo","float","8","53","0","False","False",""
"Movimentos","2","Emp_codigo","int","4","10","0","False","False",""
"Movimentos","3","Bcx_codigo","int","4","10","0","False","False",""
"Movimentos","4","Cba_codigo","int","4","10","0","False","False",""
"Movimentos","5","Mvt_Numero_doc","varchar","15","0","0","True","False",""
"Movimentos","6","Mvt_Credito_debito","varchar","8","0","0","True","False",""
"Movimentos","7","Mvt_valor","float","8","53","0","True","False",""
"Movimentos","8","Mvt_data","datetime","8","23","3","True","False",""
"Movimentos","9","Mvt_obs","varchar","255","0","0","True","False",""
"Movimentos","10","Mdo_codigo","int","4","10","0","True","False",""
"Movimentos","11","Pco_codigo","int","4","10","0","True","False",""
"Movimentos","12","Tpd_codigo","int","4","10","0","True","False",""
"Movimentos","13","Cdc_codigo","int","4","10","0","True","False",""
"Movimentos","14","Cpp_cod_pag","float","8","53","0","True","False",""
"Movimentos","15","Crp_cod_pag","float","8","53","0","True","False",""
"Movimentos","16","mvt_din_che_tran","nvarchar","30","0","0","True","False",""
"Movimentos","17","tra_codigo","float","8","53","0","True","False",""
"Movimentos","18","usr_dt_hr_criacao","datetime","8","23","3","True","False",""
"Movimentos","19","usr_cod_criacao","int","4","10","0","True","False",""
"Movimentos","20","usr_dt_hr_alteracao","datetime","8","23","3","True","False",""
"Movimentos","21","usr_cod_alteracao","int","4","10","0","True","False",""
"Municipio","1","mun_codigo","int","4","10","0","False","False",""
"Municipio","2","mun_nome","nvarchar","80","0","0","True","False",""
"Municipio","3","mun_uf","char","2","0","0","True","False",""
"Municipio","4","mun_cep_inicial","nvarchar","36","0","0","True","False",""
"Municipio","5","mun_cep_final","nvarchar","16","0","0","True","False",""
"Municipio","6","usr_cod_criacao","int","4","10","0","False","False",""
"Municipio","7","usr_dt_hr_criacao","datetime","8","23","3","True","False",""
"Municipio","8","usr_cod_alteracao","int","4","10","0","True","False",""
"Municipio","9","usr_dt_hr_alteracao","datetime","8","23","3","True","False",""
"Municipio","10","mun_situacao","char","1","0","0","True","False",""
"Municipio","11","Paises_codigo","int","4","10","0","True","False",""
"Municipio","12","Regiao_Codigo","int","4","10","0","True","False",""
"Municipio","13","Mun_CodIBGE","varchar","10","0","0","True","False",""
"Municipio","14","Emp_codigo","int","4","10","0","True","False",""
"Nacionalidade","1","Nac_codigo","int","4","10","0","False","False",""
"Nacionalidade","2","Nac_Nome","varchar","35","0","0","True","False",""
"Nacionalidade","3","usr_cod_criacao","int","4","10","0","True","False",""
"Nacionalidade","4","usr_dt_hr_criacao","datetime","8","23","3","True","False",""
"Nacionalidade","5","usr_cod_alteracao","int","4","10","0","True","False",""
"Nacionalidade","6","usr_dt_hr_alteracao","datetime","8","23","3","True","False",""
"Nacionalidade","7","Nac_situacao","char","1","0","0","True","False",""
"Nacionalidade","8","Emp_codigo","int","4","10","0","True","False",""
"NFCONFIG","1","NF_CODIGO","int","4","10","0","False","False",""
"NFCONFIG","2","NF_TIPO","char","1","0","0","True","False",""
"NFCONFIG","3","NF_NOMEMODELO","varchar","40","0","0","True","False",""
"NFCONFIG","4","NF_TABELA","varchar","50","0","0","True","False",""
"NFCONFIG","5","NF_LARGURAPAG","float","8","53","0","True","False",""
"NFCONFIG","6","NF_ALTURAPAG","float","8","53","0","True","False",""
"NFCONFIG","7","NF_MARGEMESQ","float","8","53","0","True","False",""
"NFCONFIG","8","NF_MARGEMDIR","float","8","53","0","True","False",""
"NFCONFIG","9","NF_MARGEMSUP","float","8","53","0","True","False",""
"NFCONFIG","10","NF_MARGEMINF","float","8","53","0","True","False",""
"NFCONFIG","11","NF_POSICAOPAG","varchar","20","0","0","True","False",""
"NFCONFIG","12","NF_NUMCOLUNAS","float","8","53","0","True","False",""
"NFCONFIG","13","NF_ESPACOCOLUNAS","float","8","53","0","True","False",""
"NFCONFIG","14","NF_ALTURACOLUNAS","float","8","53","0","True","False",""
"NFCONFIG","15","NF_SQL","varchar","500","0","0","True","False",""
"NFCONFIG","16","usr_cod_criacao","int","4","10","0","True","False",""
"NFCONFIG","17","usr_dt_hr_criacao","datetime","8","23","3","True","False",""
"NFCONFIG","18","usr_cod_alteracao","int","4","10","0","True","False",""
"NFCONFIG","19","usr_dt_hr_alteracao","datetime","8","23","3","True","False",""
"NFCONFIG","20","NF_BANDA_CAB_HEIGHT","int","4","10","0","True","False",""
"NFCONFIG","21","NF_BANDA_DET_HEIGHT","int","4","10","0","True","False",""
"NFCONFIG","22","NF_BANDA_ROD_HEIGHT","int","4","10","0","True","False",""
"NFCONFIG","23","NF_Papel","varchar","30","0","0","True","False",""
"NFCONFIGDET","1","NF_CODIGO","int","4","10","0","True","False",""
"NFCONFIGDET","2","NFD_CAM_NOME","varchar","30","0","0","True","False",""
"NFCONFIGDET","3","NFD_CAM_HORIZONTAL","int","4","10","0","True","False",""
"NFCONFIGDET","4","NFD_CAM_VERTICAL","int","4","10","0","True","False",""
"NFCONFIGDET","5","NFD_CAM_FONTE","varchar","30","0","0","True","False",""
"NFCONFIGDET","6","NFD_CAM_FONTESIZE","int","4","10","0","True","False",""
"NFCONFIGDET","7","NFD_CAM_FONTECOLOR","int","4","10","0","True","False",""
"NFCONFIGDET","8","NFD_CAM_CAMPO","varchar","30","0","0","True","False",""
"NFCONFIGDET","9","NFD_CAM_ALTURADBTEXT","int","4","10","0","True","False",""
"NFCONFIGDET","10","NFD_CAM_COMPDBTEXT","int","4","10","0","True","False",""
"NFCONFIGDET","11","NFD_CAM_PARENT","varchar","30","0","0","True","False",""
"NFCONFIGDET","12","NFD_CAM_DATASET","varchar","30","0","0","True","False",""
"NFCONFIGDET_LABEL","1","NF_CODIGO","int","4","10","0","True","False",""
"NFCONFIGDET_LABEL","2","NFDL_LABEL_NOME","varchar","30","0","0","True","False",""
"NFCONFIGDET_LABEL","3","NFDL_LABEL_HORIZONTAL","int","4","10","0","True","False",""
"NFCONFIGDET_LABEL","4","NFDL_LABEL_VERTICAL","int","4","10","0","True","False",""
"NFCONFIGDET_LABEL","5","NFDL_LABEL_FONTE","varchar","30","0","0","True","False",""
"NFCONFIGDET_LABEL","6","NFDL_LABEL_FONTESIZE","int","4","10","0","True","False",""
"NFCONFIGDET_LABEL","7","NFDL_LABEL_FONTECOLOR","int","4","10","0","True","False",""
"NFCONFIGDET_LABEL","8","NFDL_LABEL_TEXTO","varchar","30","0","0","True","False",""
"NFCONFIGDET_LABEL","9","NFDL_LABEL_ALTURALABEL","int","4","10","0","True","False",""
"NFCONFIGDET_LABEL","10","NFDL_LABEL_COMPLABEL","int","4","10","0","True","False",""
"NFCONFIGDET_LABEL","11","NFDL_LABEL_PARENT","varchar","30","0","0","True","False",""
"NFEInutilizarNum","1","NFEInuNum_Codigo","int","4","10","0","False","False",""
"NFEInutilizarNum","2","NFEInuNum_Ano","int","4","10","0","True","False",""
"NFEInutilizarNum","3","NFEInuNum_modelo","int","4","10","0","True","False",""
"NFEInutilizarNum","4","NFEInuNum_serie","int","4","10","0","True","False",""
"NFEInutilizarNum","5","NFEInuNum_inicial","int","4","10","0","True","False",""
"NFEInutilizarNum","6","NFEInuNum_final","int","4","10","0","True","False",""
"NFEInutilizarNum","7","NFEInuNum_MotivoDesc","varchar","30","0","0","True","False",""
"NFEInutilizarNum","8","Mod_codigo","int","4","10","0","True","False",""
"NFEInutilizarNum","9","usr_cod_criacao","int","4","10","0","True","False",""
"NFEInutilizarNum","10","usr_dt_hr_criacao","datetime","8","23","3","True","False",""
"NFEInutilizarNum","11","NFEInuNum_Protocolo","varchar","50","0","0","True","False",""
"NFeObservacao","1","NFeObs_Codigo","int","4","10","0","False","False",""
"NFeObservacao","2","NFeObs_Descricao","varchar","40","0","0","True","False",""
"NFeObservacao","3","NFeObs_Texto","text","16","0","0","True","False",""
"NFeObservacao","4","NFeObs_Situacao","char","1","0","0","True","False",""
"NFeObservacao","5","Emp_codigo","int","4","10","0","True","False",""
"NFeObservacao","6","usr_cod_criacao","int","4","10","0","True","False",""
"NFeObservacao","7","usr_dt_hr_criacao","datetime","8","23","3","True","False",""
"NFeObservacao","8","usr_cod_alteracao","int","4","10","0","True","False",""
"NFeObservacao","9","usr_dt_hr_alteracao","datetime","8","23","3","True","False",""
"NFSe","1","NFSe_codigo","float","8","53","0","False","False",""
"NFSe","2","NFSe_numero","float","8","53","0","True","False",""
"NFSe","3","NFSe_DataEmissao","datetime","8","23","3","True","False",""
"NFSe","4","NFSe_HoraEmissao","varchar","8","0","0","True","False",""
"NFSe","5","NFSe_CodVeirificacao","varchar","50","0","0","True","False",""
"NFSe","6","NFSe_SituacaoRps","int","4","10","0","True","False",""
"NFSe","7","NFSe_SituacaoNFSe","int","4","10","0","True","False",""
"NFSe","8","NFSe_NumeroRps","float","8","53","0","True","False",""
"NFSe","9","NFSe_SerieRps","varchar","5","0","0","True","False",""
"NFSe","10","NFSe_TipoRps","int","4","10","0","True","False",""
"NFSe","11","NFSe_CodigoObra","varchar","15","0","0","True","False",""
"NFSe","12","NFSe_ART","varchar","15","0","0","True","False",""
"NFSe","13","NFSe_NumeroLote","float","8","53","0","True","False",""
"NFSe","14","NFSe_Protocolo","varchar","50","0","0","True","False",""
"NFSe","15","NFSe_OutraInformacoes","varchar","255","0","0","True","False",""
"NFSe","16","NFSe_deducoes","float","8","53","0","True","False",""
"NFSe","17","NFSe_aliquota","float","8","53","0","True","False",""
"NFSe","18","NFSe_BaseCalculo","float","8","53","0","True","False",""
"NFSe","19","NFSe_ValorISS","float","8","53","0","True","False",""
"NFSe","20","NFSe_ValorNota","float","8","53","0","True","False",""
"NFSe","21","NFSe_ValorPIS","float","8","53","0","True","False",""
"NFSe","22","NFSe_ValorCOFINS","float","8","53","0","True","False",""
"NFSe","23","NFSe_ValorInss","float","8","53","0","True","False",""
"NFSe","24","NFSe_ValorIR","float","8","53","0","True","False",""
"NFSe","25","NFSe_ValorCsll","float","8","53","0","True","False",""
"NFSe","26","NFSe_ValorPorcPIS","float","8","53","0","True","False",""
"NFSe","27","NFSe_ValorPorcCOFINS","float","8","53","0","True","False",""
"NFSe","28","NFSe_ValorPorcInss","float","8","53","0","True","False",""
"NFSe","29","NFSe_ValorPorcIR","float","8","53","0","True","False",""
"NFSe","30","NFSe_ValorPorcCsll","float","8","53","0","True","False",""
"NFSe","31","NFSe_ValorIssRetido","float","8","53","0","True","False",""
"NFSe","32","NFSe_CodigoServico","varchar","30","0","0","True","False",""
"NFSe","33","NFSe_TomadorCpfCnpj","varchar","14","0","0","True","False",""
"NFSe","34","NFSe_TomadorInscMunicipal","varchar","15","0","0","True","False",""
"NFSe","35","NFSe_TomadorIE","varchar","30","0","0","True","False",""
"NFSe","36","NFSe_TomadorRazaoSocial","varchar","115","0","0","True","False",""
"NFSe","37","NFSe_TomadorFantasia","varchar","60","0","0","True","False",""
"NFSe","38","NFSe_TomadorEndereco","varchar","125","0","0","True","False",""
"NFSe","39","NFSe_TomadorNumero","varchar","10","0","0","True","False",""
"NFSe","40","NFSe_TomadorComplemento","varchar","60","0","0","True","False",""
"NFSe","41","NFSe_TomadorBairro","varchar","60","0","0","True","False",""
"NFSe","42","NFSe_TomadorCEP","varchar","10","0","0","True","False",""
"NFSe","43","Mun_codigo","int","4","10","0","True","False",""
"NFSe","44","NFSe_TomadorCidade","varchar","50","0","0","True","False",""
"NFSe","45","NFSe_TomadorUF","varchar","2","0","0","True","False",""
"NFSe","46","NFSe_TomadorFone","varchar","11","0","0","True","False",""
"NFSe","47","NFSe_TomadorEmail","varchar","80","0","0","True","False",""
"NFSe","48","NFSe_DescricaoServico","varchar","2000","0","0","True","False",""
"NFSe","49","TipoTribServ_Codigo","varchar","2","0","0","True","False",""
"NFSe","50","NFSe_NumeroRpsSubstituicao","float","8","53","0","True","False",""
"NFSe","51","NFSe_SerieRpsSubstituicao","varchar","5","0","0","True","False",""
"NFSe","52","NFSe_CidadePrestacao","varchar","50","0","0","True","False",""
"NFSe","53","NFSe_UFPrestacao","varchar","2","0","0","True","False",""
"NFSe","54","NFSe_CodCidadePrestacao","int","4","10","0","True","False",""
"NFSe","55","TribServ_codigo","float","8","53","0","True","False",""
"NFSe","56","NFSe_ValorRetido","bit","1","1","0","True","False",""
"NFSe","57","NFSe_ResponsavelRetencao","varchar","20","0","0","True","False",""
"NFSe","58","Cli_codigo","int","4","10","0","True","False",""
"NFSe","59","NFSE_CadCodigo","float","8","53","0","True","False",""
"NFSe","60","NFSE_CadTipo","varchar","1","0","0","True","False",""
"NFSe","61","NFSE_NomeArquivoXML","varchar","200","0","0","True","False",""
"NFSe","62","NFSE_CaminhoArquivoXML","varchar","200","0","0","True","False",""
"NFSe","63","NFSE_ProtocoloCancelamento","varchar","50","0","0","True","False",""
"NFSe","64","NFSE_DataCancelamento","datetime","8","23","3","True","False",""
"NFSe","65","Emp_codigo","int","4","10","0","True","False",""
"NFSe","66","usr_cod_criacao","int","4","10","0","True","False",""
"NFSe","67","usr_dt_hr_criacao","datetime","8","23","3","True","False",""
"NFSe","68","usr_cod_alteracao","int","4","10","0","True","False",""
"NFSe","69","usr_dt_hr_alteracao","datetime","8","23","3","True","False",""
"NFSeItens","1","NFSe_codigo","float","8","53","0","True","False",""
"NFSeItens","2","NFSeItem_codigo","float","8","53","0","False","False",""
"NFSeItens","3","NFSeItem_descricao","varchar","50","0","0","True","False",""
"NFSeItens","4","NFSeItem_quantidade","float","8","53","0","True","False",""
"NFSeItens","5","NFSeItem_valorunitario","float","8","53","0","True","False",""
"NFSeItens","6","NFSeItem_ValorItem","float","8","53","0","True","False",""
"NFSeItens","7","Emp_codigo","int","4","10","0","True","False",""
"NFSeItens","8","usr_cod_criacao","int","4","10","0","True","False",""
"NFSeItens","9","usr_dt_hr_criacao","datetime","8","23","3","True","False",""
"NFSeItens","10","usr_cod_alteracao","int","4","10","0","True","False",""
"NFSeItens","11","usr_dt_hr_alteracao","datetime","8","23","3","True","False",""
"Nota_entrada","1","Nen_codigo","int","4","10","0","False","False","(0)"
"Nota_entrada","2","Nen_numero_nota","int","4","10","0","True","False","(0)"
"Nota_entrada","3","Nen_dt_nota","smalldatetime","4","16","0","True","False",""
"Nota_entrada","4","Nen_dt_emissao","smalldatetime","4","16","0","True","False",""
"Nota_entrada","5","Nen_cfop","nvarchar","10","0","0","True","False",""
"Nota_entrada","6","Nen_status","nvarchar","2","0","0","True","False",""
"Nota_entrada","7","Nen_obs","ntext","16","0","0","True","False",""
"Nota_entrada","8","Nen_fornecedor","int","4","10","0","True","False","(0)"
"Nota_entrada","9","Nen_base_calculo","money","8","19","4","True","False","(0)"
"Nota_entrada","10","Nen_vl_icms","money","8","19","4","True","False","(0)"
"Nota_entrada","11","Nen_base_cal_icms_subst","money","8","19","4","True","False","(0)"
"Nota_entrada","12","Nen_vl_icms_subst","money","8","19","4","True","False","(0)"
"Nota_entrada","13","Nen_vl_produtos","money","8","19","4","True","False","(0)"
"Nota_entrada","14","Nen_vl_frete","money","8","19","4","True","False","(0)"
"Nota_entrada","15","Nen_vl_seguro","money","8","19","4","True","False","(0)"
"Nota_entrada","16","Nen_outra_despesas","money","8","19","4","True","False","(0)"
"Nota_entrada","17","Nen_vl_ipi","money","8","19","4","True","False","(0)"
"Nota_entrada","18","Nen_vl_total_nota","money","8","19","4","True","False","(0)"
"Nota_entrada","19","Nen_transportadora","int","4","10","0","True","False","(0)"
"Nota_entrada","20","usr_cod_criacao","int","4","10","0","True","False",""
"Nota_entrada","21","usr_dt_hr_criacao","datetime","8","23","3","True","False",""
"Nota_entrada","22","usr_cod_alteracao","int","4","10","0","True","False",""
"Nota_entrada","23","usr_dt_hr_alteracao","datetime","8","23","3","True","False",""
"Nota_entrada","24","Nen_vl_nanota","float","8","53","0","True","False",""
"Nota_entrada","25","Nen_vl_diferenca","float","8","53","0","True","False",""
"Nota_entrada","26","Nen_ValorCredito","float","8","53","0","True","False",""
"Nota_entrada","27","Nen_NumConhecimento","varchar","20","0","0","True","False",""
"Nota_entrada","28","Nen_DtConhecimento","datetime","8","23","3","True","False",""
"Nota_entrada","29","Nen_VlConhecimento","float","8","53","0","True","False",""
"Nota_entrada","30","Nen_TipoFrete","varchar","10","0","0","True","False",""
"Nota_entrada","31","Mod_codigo","int","4","10","0","True","False",""
"Nota_entrada","32","nen_Mod_codigo_fin","int","4","10","0","True","False",""
"Nota_entrada","33","Nen_vl_diferenca_fin","float","8","53","0","True","False",""
"Nota_entrada","36","Nen_SemFinanceiro","bit","1","1","0","True","False",""
"Nota_entrada","37","Nen_desconto","money","8","19","4","True","False",""
"Nota_entrada","38","Nen_NaoCalcIPI","bit","1","1","0","True","False",""
"Nota_entrada","39","Nen_NaoGeraEstoque","bit","1","1","0","True","False",""
"Nota_entrada","40","Nen_modelo","varchar","10","0","0","True","False",""
"Nota_entrada","41","Nen_serie","varchar","3","0","0","True","False",""
"Nota_entrada","42","Nen_StTrib","varchar","3","0","0","True","False",""
"Nota_entrada","43","Emp_codigo","int","4","10","0","True","False",""
"Nota_entrada","44","Pco_codigo","int","4","10","0","True","False",""
"nota_entrada_det","1","Nen_codigo","int","4","10","0","True","False","(0)"
"nota_entrada_det","2","Ned_item","int","4","10","0","True","False","(0)"
"nota_entrada_det","3","Pro_codnosso","nvarchar","40","0","0","True","False",""
"nota_entrada_det","4","Pro_Codbase","nvarchar","40","0","0","True","False",""
"nota_entrada_det","5","Ned_acabamento","nvarchar","20","0","0","True","False",""
"nota_entrada_det","6","Ned_quantidade_solicit","float","8","53","0","True","False",""
"nota_entrada_det","7","Ned_quantidade_recebida","float","8","53","0","True","False","(0)"
"nota_entrada_det","8","Ned_vl_compra","money","8","19","4","True","False","(0)"
"nota_entrada_det","9","Ned_vl_item","money","8","19","4","True","False","(0)"
"nota_entrada_det","10","Ned_vl_custo","money","8","19","4","True","False","(0)"
"nota_entrada_det","11","Ned_item_ordem","int","4","10","0","True","False","(0)"
"nota_entrada_det","12","Ned_cod_ordem","int","4","10","0","True","False","(0)"
"nota_entrada_det","13","Ned_recebido","nvarchar","2","0","0","True","False",""
"nota_entrada_det","14","usr_cod_criacao","int","4","10","0","True","False",""
"nota_entrada_det","15","usr_dt_hr_criacao","smalldatetime","4","16","0","True","False",""
"nota_entrada_det","16","usr_cod_alteracao","int","4","10","0","True","False",""
"nota_entrada_det","17","usr_dt_hr_alteracao","smalldatetime","4","16","0","True","False",""
"nota_entrada_det","18","Ned_vl_produto","float","8","53","0","True","False",""
"nota_entrada_det","19","Ned_vl_ipi","float","8","53","0","True","False",""
"nota_entrada_det","20","Ned_vl_produto_fixo","float","8","53","0","True","False",""
"nota_entrada_det","21","Ned_vl_ipi_fixo","float","8","53","0","True","False",""
"nota_entrada_det","22","Ned_aliq_ipi","float","8","53","0","True","False",""
"nota_entrada_det","23","Ned_aliq_icms","float","8","53","0","True","False",""
"nota_entrada_det","24","Ned_codindice","varchar","20","0","0","True","False",""
"nota_entrada_det","25","Ned_recebimento","varchar","15","0","0","True","False",""
"nota_entrada_det","26","CFOP_codigo","varchar","5","0","0","True","False",""
"nota_entrada_det","27","Ned_desconto","float","8","53","0","True","False",""
"nota_entrada_det","28","TpTrib_codigo","varchar","5","0","0","True","False",""
"nota_entrada_det","29","TpOriPro_codigo","varchar","5","0","0","True","False",""
"nota_entrada_det","30","Ned_NCM","varchar","10","0","0","True","False",""
"nota_entrada_det","31","Ned_ICMSVl","float","8","53","0","True","False",""
"nota_entrada_det","32","Ned_ICMSModBC","int","4","10","0","True","False",""
"nota_entrada_det","33","Ned_ICMSAliq","float","8","53","0","True","False",""
"nota_entrada_det","34","Ned_ICMSBase","float","8","53","0","True","False",""
"nota_entrada_det","35","Ned_ICMSReducao","float","8","53","0","True","False",""
"nota_entrada_det","36","Ned_ICMSSTVl","float","8","53","0","True","False",""
"nota_entrada_det","37","Ned_ICMSSTAliq","float","8","53","0","True","False",""
"nota_entrada_det","38","Ned_ICMSSTBase","float","8","53","0","True","False",""
"nota_entrada_det","39","Ned_ICMSSTIVA","float","8","53","0","True","False",""
"nota_entrada_det","40","Ned_ICMSSTReducao","float","8","53","0","True","False",""
"nota_entrada_det","41","Ned_ICMSModBCST","float","8","53","0","True","False",""
"nota_entrada_det","42","Ned_CSOSN","int","4","10","0","True","False",""
"nota_entrada_det","43","Ned_pCredSN","float","8","53","0","True","False",""
"nota_entrada_det","44","Ned_vCredICMSSN","float","8","53","0","True","False",""
"nota_entrada_det","45","PIS_codigo","char","2","0","0","True","False",""
"nota_entrada_det","46","Ned_PISBase","float","8","53","0","True","False",""
"nota_entrada_det","47","Ned_PISValor","float","8","53","0","True","False",""
"nota_entrada_det","48","Ned_PISAliq","float","8","53","0","True","False",""
"nota_entrada_det","49","Ned_PISBaseProd","float","8","53","0","True","False",""
"nota_entrada_det","50","Ned_PISAliqProd","float","8","53","0","True","False",""
"nota_entrada_det","51","COFINS_codigo","char","2","0","0","True","False",""
"nota_entrada_det","52","Ned_COFINSBase","float","8","53","0","True","False",""
"nota_entrada_det","53","Ned_COFINSBaseProd","float","8","53","0","True","False",""
"nota_entrada_det","54","Ned_COFINSAliq","float","8","53","0","True","False",""
"nota_entrada_det","55","Ned_COFINSAliqProd","float","8","53","0","True","False",""
"nota_entrada_det","56","IPI_codigo","char","2","0","0","True","False",""
"nota_entrada_det","57","Ned_IPIBase","float","8","53","0","True","False",""
"nota_entrada_det","58","Ned_IPIValor","float","8","53","0","True","False",""
"nota_entrada_det","59","Ned_IPIAliq","float","8","53","0","True","False",""
"nota_entrada_det","60","Ned_IPICodSelo","varchar","60","0","0","True","False",""
"nota_entrada_det","61","Ned_IPIQuantSelo","float","8","53","0","True","False",""
"nota_entrada_det","62","Ned_IPIEnquadramento","char","3","0","0","True","False",""
"nota_entrada_det","63","Ned_IIBase","float","8","53","0","True","False",""
"nota_entrada_det","64","Ned_IIDespAduaneira","float","8","53","0","True","False",""
"nota_entrada_det","65","Ned_IIAliq","float","8","53","0","True","False",""
"nota_entrada_det","66","Ned_IIIOF","float","8","53","0","True","False",""
"nota_entrada_det","67","Ned_FreteValor","float","8","53","0","True","False",""
"nota_entrada_det","68","Ned_FreteICMS","float","8","53","0","True","False",""
"nota_entrada_det","69","Ned_SeguroValor","float","8","53","0","True","False",""
"nota_entrada_det","70","Ned_seguroICMS","float","8","53","0","True","False",""
"nota_entrada_det","71","Ned_DispAcValor","float","8","53","0","True","False",""
"nota_entrada_det","72","Ned_DispAcICMS","float","8","53","0","True","False",""
"nota_entrada_det","73","Ned_DescontoValor","float","8","53","0","True","False",""
"nota_entrada_det","74","Ned_CodigoBarra","varchar","100","0","0","True","False",""
"nota_entrada_det","75","Ned_ImportDI","varchar","50","0","0","True","False",""
"nota_entrada_det","76","Ned_ImportData","datetime","8","23","3","True","False",""
"nota_entrada_det","77","Ned_ImportCodExpot","varchar","50","0","0","True","False",""
"nota_entrada_det","78","Ned_ImportUF","varchar","2","0","0","True","False",""
"nota_entrada_det","79","Ned_ImportLocal","varchar","50","0","0","True","False",""
"nota_entrada_det","80","Ned_ImportDataDesen","datetime","8","23","3","True","False",""
"nota_entrada_det","81","Ned_ImportaAdiNumero","int","4","10","0","True","False",""
"nota_entrada_det","82","Ned_ImportaAdinSequ","int","4","10","0","True","False",""
"nota_entrada_det","83","Ned_ImportaAdinCodFab","varchar","50","0","0","True","False",""
"nota_entrada_det","84","Ned_ImportaAdinDesconto","float","8","53","0","True","False",""
"nota_entrada_det","85","Ned_COFINSVALOR","float","8","53","0","True","False",""
"nota_entrada_det","86","Ned_codigo","float","8","53","0","False","False",""
"nota_entrada_det","87","Ned_StTrib","varchar","3","0","0","True","False",""
"nota_entrada_det","88","Emp_codigo","int","4","10","0","True","False",""
"nota_entrada_det","89","Tam_codigo","float","8","53","0","True","False",""
"nota_entrada_det","90","vBCSTRet","float","8","53","0","True","False",""
"nota_entrada_det","91","vICMSSubstituto","float","8","53","0","True","False",""
"nota_entrada_det","92","vICMSSTRet","float","8","53","0","True","False",""
"nota_entrada_det","93","pST","float","8","53","0","True","False",""
"Nota_Entrada_Dif","2","Nen_codigo","int","4","10","0","True","False",""
"Nota_Entrada_Dif","3","NenDf_DifProd","float","8","53","0","True","False",""
"Nota_Entrada_Dif","4","NenDf_DifFinc","float","8","53","0","True","False",""
"Nota_Entrada_Dif","5","NenDf_DesbUsuario","int","4","10","0","True","False",""
"Nota_Entrada_Dif","6","NenDf_DesbData","datetime","8","23","3","True","False",""
"Nota_Entrada_Dif","7","NenDf_Data","datetime","8","23","3","True","False",""
"Nota_Entrada_Dif","8","NenDf_codigo","float","8","53","0","False","False",""
"NotaFiscal","1","NTF_Codigo","float","8","53","0","False","False",""
"NotaFiscal","2","NTF_Numero","float","8","53","0","True","False",""
"NotaFiscal","3","NTF_Serie","varchar","15","0","0","True","False",""
"NotaFiscal","4","NTF_SubSerie","varchar","15","0","0","True","False",""
"NotaFiscal","5","NTF_Modelo","varchar","5","0","0","True","False",""
"NotaFiscal","6","NTF_Tipo","char","1","0","0","True","False",""
"NotaFiscal","7","CFOP_codigo","varchar","5","0","0","True","False",""
"NotaFiscal","8","NTF_NatOperacao","varchar","30","0","0","True","False",""
"NotaFiscal","9","NTF_IESubsTrib","varchar","20","0","0","True","False",""
"NotaFiscal","10","NTF_DtEmissao","datetime","8","23","3","True","False",""
"NotaFiscal","11","NTF_DtSaidaEntrada","datetime","8","23","3","True","False",""
"NotaFiscal","12","NTF_HoraSaida","varchar","8","0","0","True","False",""
"NotaFiscal","13","Cli_Codigo","int","4","10","0","True","False",""
"NotaFiscal","14","NTF_Nome","varchar","60","0","0","True","False",""
"NotaFiscal","15","NTF_InscEst","varchar","20","0","0","True","False",""
"NotaFiscal","16","NTF_CNPJCPF","varchar","20","0","0","True","False",""
"NotaFiscal","17","NTF_Endereco","varchar","50","0","0","True","False",""
"NotaFiscal","18","NTF_EndNumero","varchar","10","0","0","True","False",""
"NotaFiscal","19","NTF_Bairro","varchar","25","0","0","True","False",""
"NotaFiscal","20","NTF_CEP","varchar","10","0","0","True","False",""
"NotaFiscal","21","NTF_Municipio","varchar","40","0","0","True","False",""
"NotaFiscal","22","NTF_UF","char","10","0","0","True","False",""
"NotaFiscal","23","NTF_FoneFax","varchar","20","0","0","True","False",""
"NotaFiscal","24","NTF_BaseICMS","float","8","53","0","True","False",""
"NotaFiscal","25","NTF_VlICMS","float","8","53","0","True","False",""
"NotaFiscal","26","NTF_BaseSubstICMS","float","8","53","0","True","False",""
"NotaFiscal","27","NTF_VlSubstICMS","float","8","53","0","True","False",""
"NotaFiscal","28","NTF_VLProdutos","float","8","53","0","True","False",""
"NotaFiscal","29","NTF_VlFrete","float","8","53","0","True","False",""
"NotaFiscal","30","NTF_VlSeguro","float","8","53","0","True","False",""
"NotaFiscal","31","NTF_DespAcessoria","float","8","53","0","True","False",""
"NotaFiscal","32","NTF_VlIPI","float","8","53","0","True","False",""
"NotaFiscal","33","NTF_VlNota","float","8","53","0","True","False",""
"NotaFiscal","34","Tra_codigo","int","4","10","0","True","False",""
"NotaFiscal","35","NTF_TraNome","varchar","40","0","0","True","False",""
"NotaFiscal","36","NTF_TpFrete","varchar","15","0","0","True","False",""
"NotaFiscal","37","NTF_Placa","varchar","50","0","0","True","False",""
"NotaFiscal","38","NTF_PlacaUF","char","2","0","0","True","False",""
"NotaFiscal","39","NTF_TraCNPJCPF","varchar","20","0","0","True","False",""
"NotaFiscal","40","NTF_TraEndereco","varchar","50","0","0","True","False",""
"NotaFiscal","41","NTF_TraMunicipio","varchar","40","0","0","True","False",""
"NotaFiscal","42","NTF_TraUF","char","2","0","0","True","False",""
"NotaFiscal","43","NTF_TraIE","varchar","20","0","0","True","False",""
"NotaFiscal","44","NTF_TraQuant","float","8","53","0","True","False",""
"NotaFiscal","45","NTF_TraEspecie","varchar","15","0","0","True","False",""
"NotaFiscal","46","NTF_TraMarca","varchar","15","0","0","True","False",""
"NotaFiscal","47","NTF_TraNumero","float","8","53","0","True","False",""
"NotaFiscal","48","NTF_TraPesoLiq","float","8","53","0","True","False",""
"NotaFiscal","49","NTF_TraPesoBruto","float","8","53","0","True","False",""
"NotaFiscal","50","NTF_Dados1","ntext","16","0","0","True","False",""
"NotaFiscal","51","NTF_Dados2","ntext","16","0","0","True","False",""
"NotaFiscal","52","Emp_Codigo","int","4","10","0","True","False",""
"NotaFiscal","53","CatVen_Codigo","int","4","10","0","True","False",""
"NotaFiscal","54","Par_ComissaoVincParc","char","1","0","0","True","False",""
"NotaFiscal","55","NTF_FormaPagamento","int","4","10","0","True","False",""
"NotaFiscal","56","NTF_Impresso","char","1","0","0","True","False",""
"NotaFiscal","57","NTF_Situacao","char","1","0","0","True","False",""
"NotaFiscal","58","NTF_ImportTipo","char","1","0","0","True","False",""
"NotaFiscal","59","NTF_ImportNumero","float","8","53","0","True","False",""
"NotaFiscal","60","Mod_codigo","int","4","10","0","True","False",""
"NotaFiscal","61","usr_cod_criacao","int","4","10","0","True","False",""
"NotaFiscal","62","usr_dt_hr_criacao","datetime","8","23","3","True","False",""
"NotaFiscal","63","usr_cod_alteracao","int","4","10","0","True","False",""
"NotaFiscal","64","usr_dt_hr_alteracao","datetime","8","23","3","True","False",""
"NotaFiscal","65","NTF_ImpCodFor","bit","1","1","0","True","False",""
"NotaFiscal","66","NTF_ChaveNFE","varchar","50","0","0","True","False",""
"NotaFiscal","67","NTF_LoteNFE","float","8","53","0","True","False",""
"NotaFiscal","68","NTF_ProtocoloNFE","varchar","50","0","0","True","False",""
"NotaFiscal","69","NTF_ReciboNFE","varchar","50","0","0","True","False",""
"NotaFiscal","70","mun_codigo","int","4","10","0","True","False",""
"NotaFiscal","71","NTF_TraMunCodigo","int","4","10","0","True","False",""
"NotaFiscal","72","NTF_CaminhoXML","varchar","300","0","0","True","False",""
"NotaFiscal","73","NTF_NomeXML","varchar","100","0","0","True","False",""
"NotaFiscal","74","NTF_status","int","4","10","0","True","False",""
"NotaFiscal","75","NTF_CriarConta","bit","1","1","0","True","False",""
"NotaFiscal","76","NTF_VincECF","bit","1","1","0","True","False",""
"NotaFiscal","77","NTF_NumeroECF","float","8","53","0","True","False",""
"NotaFiscal","78","NTF_ProtocoloNFECanc","varchar","50","0","0","True","False",""
"NotaFiscal","79","NTF_DescMotivoCanc","varchar","30","0","0","True","False",""
"NotaFiscal","80","NTF_CadCodigo","int","4","10","0","True","False",""
"NotaFiscal","81","NTF_CadTipo","char","1","0","0","True","False",""
"NotaFiscal","82","NTF_Email","varchar","100","0","0","True","False",""
"NotaFiscal","83","NTF_ConsumidorFinal","bit","1","1","0","True","False",""
"NotaFiscal","84","NTF_Desconto","float","8","53","0","True","False",""
"NotaFiscal","85","NTF_RefECF","varchar","10","0","0","True","False",""
"NotaFiscal","86","NTF_RefCFe","varchar","10","0","0","True","False",""
"NotaFiscal","87","NTF_ModECF","varchar","2","0","0","True","False",""
"NotaFiscal","88","NTF_NumECF","int","4","10","0","True","False",""
"NotaFiscal","89","NTF_NumCOO","int","4","10","0","True","False",""
"NotaFiscal","90","NTF_EndComplemento","varchar","40","0","0","True","False",""
"NotaFiscal","91","NTF_Manual","bit","1","1","0","True","False",""
"NotaFiscal","92","NTF_VlPIS","float","8","53","0","True","False",""
"NotaFiscal","93","NTF_VlCOFINS","float","8","53","0","True","False",""
"NotaFiscal","94","NTF_VlII","float","8","53","0","True","False",""
"NotaFiscal","95","NTF_TotalTributos","float","8","53","0","True","False",""
"NotaFiscal","96","NTF_finalidade","varchar","20","0","0","True","False",""
"NotaFiscal","97","NTF_FrenteVlServico","float","8","53","0","True","False",""
"NotaFiscal","98","NTF_FrenteBcICMS","float","8","53","0","True","False",""
"NotaFiscal","99","NTF_FrenteAliquota","float","8","53","0","True","False",""
"NotaFiscal","100","NTF_FrenteVlICMS","float","8","53","0","True","False",""
"NotaFiscal","101","NTF_FrenteCFOP","varchar","5","0","0","True","False",""
"NotaFiscal","102","NTF_FrenteMunCodigo","int","4","10","0","True","False",""
"NotaFiscal","103","NTF_FrenteMunicipio","varchar","40","0","0","True","False",""
"NotaFiscal","104","NTF_FrenteUF","varchar","2","0","0","True","False",""
"NotaFiscal","105","NTF_BaseISS","float","8","53","0","True","False",""
"NotaFiscal","106","NTF_ValorISS","float","8","53","0","True","False",""
"NotaFiscal","107","NTF_PISServicos","float","8","53","0","True","False",""
"NotaFiscal","108","NTF_COFINSServicos","float","8","53","0","True","False",""
"NotaFiscal","109","NTF_ValorServicosSemICMS","float","8","53","0","True","False",""
"NotaFiscal","110","NTF_ValorRetidoPIS","float","8","53","0","True","False",""
"NotaFiscal","111","NTF_ValorRetidoCOFINS","float","8","53","0","True","False",""
"NotaFiscal","112","NTF_ValorRetidoCSLL","float","8","53","0","True","False",""
"NotaFiscal","113","NTF_BaseCalcIRRF","float","8","53","0","True","False",""
"NotaFiscal","114","NTF_ValorRetidoIRRF","float","8","53","0","True","False",""
"NotaFiscal","115","NTF_BCRetPrevSocial","float","8","53","0","True","False",""
"NotaFiscal","116","NTF_ValorRetPrevSocial","float","8","53","0","True","False",""
"NotaFiscal","117","NTF_DocEstrangeiro","varchar","20","0","0","True","False",""
"NotaFiscal","118","NTF_ExportacaoMunicipio","varchar","60","0","0","True","False",""
"NotaFiscal","119","NTF_ExportacaoUF","varchar","3","0","0","True","False",""
"NotaFiscal","120","NTF_TipoNota","varchar","5","0","0","True","False",""
"NotaFiscal","121","NTF_FormaPagImpressao","varchar","50","0","0","True","False",""
"NotaFiscal","122","NTF_PagImpressao","varchar","30","0","0","True","False",""
"NotaFiscal","123","vFCP","float","8","53","0","True","False",""
"NotaFiscal","124","vFCPST","float","8","53","0","True","False",""
"NotaFiscal","125","vFCPSTRet","float","8","53","0","True","False",""
"NotaFiscal","126","NTF_ValorPago","float","8","53","0","True","False",""
"NotaFiscal","127","NTF_ValorTroco","float","8","53","0","True","False",""
"NotaFiscal","128","SPEDPres_codigo","varchar","2","0","0","True","False",""
"NotaFiscal","129","SPEDTpFrete_codigo","varchar","2","0","0","True","False",""
"NotaFiscal","130","SPEDFormaPag_codigo","varchar","2","0","0","True","False",""
"NotaFiscal","131","SPEDBanCartao_Codigo","varchar","2","0","0","True","False",""
"NotaFiscal","132","NTF_AnoNFERef","varchar","4","0","0","True","False",""
"NotaFiscal","133","PdvCaixa_codigo","float","8","53","0","True","False",""
"NotaFiscal","134","NTF_CNPJCPFRetirada","varchar","14","0","0","True","False",""
"NotaFiscal","135","NTF_LogradouroRetirada","varchar","60","0","0","True","False",""
"NotaFiscal","136","NTF_NumeroRetirada","varchar","60","0","0","True","False",""
"NotaFiscal","137","NTF_ComplementoRetirada","varchar","60","0","0","True","False",""
"NotaFiscal","138","NTF_BairroRetirada","varchar","60","0","0","True","False",""
"NotaFiscal","139","NTF_MunicipioRetirada","varchar","60","0","0","True","False",""
"NotaFiscal","140","NTF_UFRetirada","varchar","2","0","0","True","False",""
"NotaFiscal","141","NTF_CodigoMunicipioRetirada","int","4","10","0","True","False",""
"NotaFiscal","142","NTF_NomeRetirada","varchar","60","0","0","True","False",""
"NotaFiscal","143","NTF_CEPRetirada","varchar","8","0","0","True","False",""
"NotaFiscal","144","NTF_TelefoneRetirada","varchar","14","0","0","True","False",""
"NotaFiscal","145","NTF_EmailRetirada","varchar","60","0","0","True","False",""
"NotaFiscal","146","NTF_InscEstadualRetirada","varchar","14","0","0","True","False",""
"NotaFiscal","147","NTF_CNPJCPFEntrega","varchar","14","0","0","True","False",""
"NotaFiscal","148","NTF_LogradouroEntrega","varchar","60","0","0","True","False",""
"NotaFiscal","149","NTF_NumeroEntrega","varchar","60","0","0","True","False",""
"NotaFiscal","150","NTF_ComplementoEntrega","varchar","60","0","0","True","False",""
"NotaFiscal","151","NTF_BairroEntrega","varchar","60","0","0","True","False",""
"NotaFiscal","152","NTF_MunicipioEntrega","varchar","60","0","0","True","False",""
"NotaFiscal","153","NTF_UFEntrega","varchar","2","0","0","True","False",""
"NotaFiscal","154","NTF_CodigoMunicipioEntrega","int","4","10","0","True","False",""
"NotaFiscal","155","NTF_NomeEntrega","varchar","60","0","0","True","False",""
"NotaFiscal","156","NTF_CEPEntrega","varchar","8","0","0","True","False",""
"NotaFiscal","157","NTF_TelefoneEntrega","varchar","14","0","0","True","False",""
"NotaFiscal","158","NTF_EmailEntrega","varchar","60","0","0","True","False",""
"NotaFiscal","159","NTF_InscEstadualEntrega","varchar","14","0","0","True","False",""
"NotaFiscal","160","NTF_Offline","bit","1","1","0","True","False",""
"NotaFiscal","161","NTF_OfflineErro","bit","1","1","0","True","False",""
"NotaFiscal","162","NTF_PDV","int","4","10","0","True","False",""
"NotaFiscal","163","NTF_AutorizacaoCartao","varchar","20","0","0","True","False",""
"NotaFiscal","164","NTF_Contribuinte","bit","1","1","0","True","False",""
"NotaFiscal","165","NFT_VIS","float","8","53","0","True","False",""
"NotaFiscal","166","NFT_vBCIBSCBS","float","8","53","0","True","False",""
"NotaFiscal","167","NFT_vIBS","float","8","53","0","True","False",""
"NotaFiscal","168","NFT_vDifUF","float","8","53","0","True","False",""
"NotaFiscal","169","NFT_vIBSUF","float","8","53","0","True","False",""
"NotaFiscal","170","NFT_vDifMun","float","8","53","0","True","False",""
"NotaFiscal","171","NFT_vIBSMun","float","8","53","0","True","False",""
"NotaFiscal","172","NFT_vCBSDif","float","8","53","0","True","False",""
"NotaFiscal","173","NFT_vCBS","float","8","53","0","True","False",""
"NotaFiscal","174","Mdo_codigo","int","4","10","0","True","False",""
"NotaFiscalCCe","1","NTFCCe_codigo","float","8","53","0","False","False",""
"NotaFiscalCCe","2","NTF_Codigo","float","8","53","0","True","False",""
"NotaFiscalCCe","3","NTFCCe_data","datetime","8","23","3","True","False",""
"NotaFiscalCCe","4","NTFCCe_dataReg","datetime","8","23","3","True","False",""
"NotaFiscalCCe","5","NTFCCe_protocolo","varchar","50","0","0","True","False",""
"NotaFiscalCCe","6","NTFCCe_texto","ntext","16","0","0","True","False",""
"NotaFiscalCCe","7","NTFCCe_lote","float","8","53","0","True","False",""
"NotaFiscalCCe","8","NTFCCe_sequencia","float","8","53","0","True","False",""
"NotaFiscalCCe","9","NTF_ChaveNFE","varchar","50","0","0","True","False",""
"NotaFiscalCCe","10","NTFCCe_CNPJ","varchar","18","0","0","True","False",""
"NotaFiscalCCe","11","NTFCCe_orgao","int","4","10","0","True","False",""
"NotaFiscalCCe","12","emp_codigo","int","4","10","0","True","False",""
"NotaFiscalCCe","13","usr_cod_criacao","int","4","10","0","True","False",""
"NotaFiscalCCe","14","usr_dt_hr_criacao","datetime","8","23","3","True","False",""
"NotaFiscalCCe","15","usr_cod_alteracao","int","4","10","0","True","False",""
"NotaFiscalCCe","16","usr_dt_hr_alteracao","datetime","8","23","3","True","False",""
"NotaFiscalComplementar","1","NTFCompl_codigo","float","8","53","0","False","False",""
"NotaFiscalComplementar","2","NTF_Codigo","float","8","53","0","True","False",""
"NotaFiscalComplementar","3","Emp_codigo","int","4","10","0","True","False",""
"NotaFiscalComplementar","4","usr_cod_criacao","int","4","10","0","True","False",""
"NotaFiscalComplementar","5","usr_dt_hr_criacao","datetime","8","23","3","True","False",""
"NotaFiscalComplementar","6","usr_cod_alteracao","int","4","10","0","True","False",""
"NotaFiscalComplementar","7","usr_dt_hr_alteracao","datetime","8","23","3","True","False",""
"NotaFiscalComplementar","8","NTFCompl_NFeRef","float","8","53","0","True","False",""
"NotaFiscalComplementar","9","NTFCompl_Chave","varchar","50","0","0","True","False",""
"NotaFiscalContas","1","NTF_Codigo","float","8","53","0","False","False",""
"NotaFiscalContas","2","NTFC_parcela","int","4","10","0","False","False",""
"NotaFiscalContas","3","NTFC_data","datetime","8","23","3","True","False",""
"NotaFiscalContas","4","NTFC_valor","float","8","53","0","True","False",""
"NotaFiscalContas","5","Mdo_codigo","int","4","10","0","True","False",""
"NotaFiscalContas","6","Emp_codigo","int","4","10","0","True","False",""
"NotaFiscalImportaDoc","1","NTF_Codigo","float","8","53","0","False","False",""
"NotaFiscalImportaDoc","2","NTFImp_DocCodigo","float","8","53","0","False","False",""
"NotaFiscalImportaDoc","3","NTFImp_DocTipo","char","3","0","0","False","False",""
"NotaFiscalImportaDoc","4","ParSV_serie","char","3","0","0","True","False",""
"NotaFiscalProdutos","1","NTFPro_Codigo","float","8","53","0","False","False",""
"NotaFiscalProdutos","2","NTF_Codigo","float","8","53","0","True","False",""
"NotaFiscalProdutos","3","Pro_codnosso","varchar","20","0","0","True","False",""
"NotaFiscalProdutos","4","NTFPro_ProdDescr","varchar","100","0","0","True","False",""
"NotaFiscalProdutos","5","CodAcabamento","varchar","10","0","0","True","False",""
"NotaFiscalProdutos","6","NTFPro_StTrib","varchar","5","0","0","True","False",""
"NotaFiscalProdutos","7","uni_codigo","varchar","5","0","0","True","False",""
"NotaFiscalProdutos","8","NTFPro_Quant","float","8","53","0","True","False",""
"NotaFiscalProdutos","9","NTFPro_Desconto","float","8","53","0","True","False",""
"NotaFiscalProdutos","10","NTFPro_VlUnitario","float","8","53","0","True","False",""
"NotaFiscalProdutos","11","NTFPro_VlTotal","float","8","53","0","True","False",""
"NotaFiscalProdutos","12","NTFPro_ICMS","float","8","53","0","True","False",""
"NotaFiscalProdutos","13","NTFPro_IPI","float","8","53","0","True","False",""
"NotaFiscalProdutos","14","CFOP_codigo","varchar","5","0","0","True","False",""
"NotaFiscalProdutos","15","Emp_Codigo","int","4","10","0","True","False",""
"NotaFiscalProdutos","16","usr_cod_criacao","int","4","10","0","True","False",""
"NotaFiscalProdutos","17","usr_dt_hr_criacao","datetime","8","23","3","True","False",""
"NotaFiscalProdutos","18","usr_cod_alteracao","int","4","10","0","True","False",""
"NotaFiscalProdutos","19","usr_dt_hr_alteracao","datetime","8","23","3","True","False",""
"NotaFiscalProdutos","20","TpTrib_codigo","varchar","5","0","0","True","False",""
"NotaFiscalProdutos","21","TpOriPro_codigo","varchar","5","0","0","True","False",""
"NotaFiscalProdutos","22","NTFPro_NCM","varchar","10","0","0","True","False",""
"NotaFiscalProdutos","23","NTFPro_ICMSVl","float","8","53","0","True","False",""
"NotaFiscalProdutos","24","NTFPro_ICMSModBC","int","4","10","0","True","False",""
"NotaFiscalProdutos","25","NTFPro_ICMSAliq","float","8","53","0","True","False",""
"NotaFiscalProdutos","26","NTFPro_ICMSBase","float","8","53","0","True","False",""
"NotaFiscalProdutos","27","NTFPro_ICMSReducao","float","8","53","0","True","False",""
"NotaFiscalProdutos","28","NTFPro_ICMSSTVl","float","8","53","0","True","False",""
"NotaFiscalProdutos","29","NTFPro_ICMSSTAliq","float","8","53","0","True","False",""
"NotaFiscalProdutos","30","NTFPro_ICMSSTBase","float","8","53","0","True","False",""
"NotaFiscalProdutos","31","NTFPro_ICMSSTIVA","float","8","53","0","True","False",""
"NotaFiscalProdutos","32","NTFPro_ICMSSTReducao","float","8","53","0","True","False",""
"NotaFiscalProdutos","33","NTFPro_ICMSModBCST","int","4","10","0","True","False",""
"NotaFiscalProdutos","34","TbImp_codigo","int","4","10","0","True","False",""
"NotaFiscalProdutos","35","NTFPro_DescricaoComplementar","ntext","16","0","0","True","False",""
"NotaFiscalProdutos","36","NTFPro_CSOSN","int","4","10","0","True","False",""
"NotaFiscalProdutos","37","NTFPro_pCredSN","float","8","53","0","True","False",""
"NotaFiscalProdutos","38","NTFPro_vCredICMSSN","float","8","53","0","True","False",""
"NotaFiscalProdutos","39","PIS_codigo","char","2","0","0","True","False",""
"NotaFiscalProdutos","40","NTFPro_PISBase","float","8","53","0","True","False",""
"NotaFiscalProdutos","41","NTFPro_PISValor","float","8","53","0","True","False",""
"NotaFiscalProdutos","42","NTFPro_PISAliq","float","8","53","0","True","False",""
"NotaFiscalProdutos","43","NTFPro_PISBaseProd","float","8","53","0","True","False",""
"NotaFiscalProdutos","44","NTFPro_PISAliqProd","float","8","53","0","True","False",""
"NotaFiscalProdutos","45","COFINS_codigo","char","2","0","0","True","False",""
"NotaFiscalProdutos","46","NTFPro_COFINSBase","float","8","53","0","True","False",""
"NotaFiscalProdutos","47","NTFPro_COFINSBaseProd","float","8","53","0","True","False",""
"NotaFiscalProdutos","48","NTFPro_COFINSValor","float","8","53","0","True","False",""
"NotaFiscalProdutos","49","NTFPro_COFINSAliq","float","8","53","0","True","False",""
"NotaFiscalProdutos","50","NTFPro_COFINSAliqProd","float","8","53","0","True","False",""
"NotaFiscalProdutos","51","IPI_codigo","char","2","0","0","True","False",""
"NotaFiscalProdutos","52","NTFPro_IPIBase","float","8","53","0","True","False",""
"NotaFiscalProdutos","53","NTFPro_IPIValor","float","8","53","0","True","False",""
"NotaFiscalProdutos","54","NTFPro_IPIAliq","float","8","53","0","True","False",""
"NotaFiscalProdutos","55","NTFPro_IPICodSelo","varchar","60","0","0","True","False",""
"NotaFiscalProdutos","56","NTFPro_IPIQuantSelo","float","8","53","0","True","False",""
"NotaFiscalProdutos","57","NTFPro_IPIEnquadramento","char","3","0","0","True","False",""
"NotaFiscalProdutos","58","NTFPro_IIBase","float","8","53","0","True","False",""
"NotaFiscalProdutos","59","NTFPro_IIDespAduaneira","float","8","53","0","True","False",""
"NotaFiscalProdutos","60","NTFPro_IIAliq","float","8","53","0","True","False",""
"NotaFiscalProdutos","61","NTFPro_IIIOF","float","8","53","0","True","False",""
"NotaFiscalProdutos","62","NTFPro_FreteValor","float","8","53","0","True","False",""
"NotaFiscalProdutos","63","NTFPro_FreteICMS","float","8","53","0","True","False",""
"NotaFiscalProdutos","64","NTFPro_SeguroValor","float","8","53","0","True","False",""
"NotaFiscalProdutos","65","NTFPro_SeguroICMS","float","8","53","0","True","False",""
"NotaFiscalProdutos","66","NTFPro_DispAcValor","float","8","53","0","True","False",""
"NotaFiscalProdutos","67","NTFPro_DispAcICMS","float","8","53","0","True","False",""
"NotaFiscalProdutos","68","NTFPro_DescontoValor","float","8","53","0","True","False",""
"NotaFiscalProdutos","69","NTFPro_CodigoBarra","varchar","100","0","0","True","False",""
"NotaFiscalProdutos","70","NTFPro_ImportDI","varchar","50","0","0","True","False",""
"NotaFiscalProdutos","71","NTFPro_ImportData","datetime","8","23","3","True","False",""
"NotaFiscalProdutos","72","NTFPro_ImportCodExpot","varchar","50","0","0","True","False",""
"NotaFiscalProdutos","73","NTFPro_ImportUF","varchar","2","0","0","True","False",""
"NotaFiscalProdutos","74","NTFPro_ImportLocal","varchar","50","0","0","True","False",""
"NotaFiscalProdutos","75","NTFPro_ImportDataDesen","datetime","8","23","3","True","False",""
"NotaFiscalProdutos","76","NTFPro_ImportaAdiNumero","int","4","10","0","True","False",""
"NotaFiscalProdutos","77","NTFPro_ImportaAdinSequ","int","4","10","0","True","False",""
"NotaFiscalProdutos","78","NTFPro_ImportaAdinCodFab","varchar","50","0","0","True","False",""
"NotaFiscalProdutos","79","NTFPro_ImportaAdinDesconto","float","8","53","0","True","False",""
"NotaFiscalProdutos","80","NTFPro_TotalTributos","float","8","53","0","True","False",""
"NotaFiscalProdutos","81","NTFPro_ISSQNTributacao","nvarchar","40","0","0","True","False",""
"NotaFiscalProdutos","82","NTFPro_ISSQNBaseCalculo","float","8","53","0","True","False",""
"NotaFiscalProdutos","83","NTFPro_ISSQNAliquota","float","8","53","0","True","False",""
"NotaFiscalProdutos","84","NTFPro_ISSQNValor","float","8","53","0","True","False",""
"NotaFiscalProdutos","85","NTFPro_ISSQNMunCodigo","int","4","10","0","True","False",""
"NotaFiscalProdutos","86","NTFPro_ISSQNMunicipio","varchar","40","0","0","True","False",""
"NotaFiscalProdutos","87","NTFPro_ISSQNUF","varchar","2","0","0","True","False",""
"NotaFiscalProdutos","88","ISSQN_Codigo","int","4","10","0","True","False",""
"NotaFiscalProdutos","89","NTFPro_PorcentagemDevolucao","float","8","53","0","True","False",""
"NotaFiscalProdutos","90","NTFPro_VlIPIDevolvido","float","8","53","0","True","False",""
"NotaFiscalProdutos","91","NTFPro_CEST","varchar","10","0","0","True","False",""
"NotaFiscalProdutos","92","NTFPro_GTIN","varchar","50","0","0","True","False",""
"NotaFiscalProdutos","93","vBCFCP","float","8","53","0","True","False",""
"NotaFiscalProdutos","94","pFCP","float","8","53","0","True","False",""
"NotaFiscalProdutos","95","vFCP","float","8","53","0","True","False",""
"NotaFiscalProdutos","96","vBCFCPST","float","8","53","0","True","False",""
"NotaFiscalProdutos","97","pFCPST","float","8","53","0","True","False",""
"NotaFiscalProdutos","98","vFCPST","float","8","53","0","True","False",""
"NotaFiscalProdutos","99","pST","float","8","53","0","True","False",""
"NotaFiscalProdutos","100","vBCFCPSTRet","float","8","53","0","True","False",""
"NotaFiscalProdutos","101","pFCPSTRet","float","8","53","0","True","False",""
"NotaFiscalProdutos","102","vFCPSTRet","float","8","53","0","True","False",""
"NotaFiscalProdutos","103","NTFPro_EscalaRelevante","varchar","1","0","0","True","False",""
"NotaFiscalProdutos","104","NTFPro_cBenef","varchar","10","0","0","True","False",""
"NotaFiscalProdutos","105","vBCSTRet","float","8","53","0","True","False",""
"NotaFiscalProdutos","106","vICMSSubstituto","float","8","53","0","True","False",""
"NotaFiscalProdutos","107","vICMSSTRet","float","8","53","0","True","False",""
"NotaFiscalProdutos","108","Benf_codigo","varchar","10","0","0","True","False",""
"NotaFiscalProdutos","109","pCredSN","float","8","53","0","True","False",""
"NotaFiscalProdutos","110","vCredICMSSN","float","8","53","0","True","False",""
"NotaFiscalProdutos","111","CSTIS","varchar","4","0","0","True","False",""
"NotaFiscalProdutos","112","cClassTribIS","varchar","7","0","0","True","False",""
"NotaFiscalProdutos","113","pIS","float","8","53","0","True","False",""
"NotaFiscalProdutos","114","vBCIS","float","8","53","0","True","False",""
"NotaFiscalProdutos","115","pISEspec","float","8","53","0","True","False",""
"NotaFiscalProdutos","116","uTrib","varchar","6","0","0","True","False",""
"NotaFiscalProdutos","117","qTrib","float","8","53","0","True","False",""
"NotaFiscalProdutos","118","vIS","float","8","53","0","True","False",""
"NotaFiscalProdutos","119","CST","varchar","4","0","0","True","False",""
"NotaFiscalProdutos","120","cClassTrib","varchar","7","0","0","True","False",""
"NotaFiscalProdutos","121","vBC","float","8","53","0","True","False",""
"NotaFiscalProdutos","122","pIBSUF","float","8","53","0","True","False",""
"NotaFiscalProdutos","123","vIBSUF","float","8","53","0","True","False",""
"NotaFiscalProdutos","124","vTribOP","float","8","53","0","True","False",""
"NotaFiscalProdutos","125","pIBSMun","float","8","53","0","True","False",""
"NotaFiscalProdutos","126","vIBSMun","float","8","53","0","True","False",""
"NotaFiscalProdutos","127","IBSpDif","float","8","53","0","True","False",""
"NotaFiscalProdutos","128","IBSvDif","float","8","53","0","True","False",""
"NotaFiscalProdutos","129","vIBS","float","8","53","0","True","False",""
"NotaFiscalProdutos","130","pCBS","float","8","53","0","True","False",""
"NotaFiscalProdutos","131","vCBS","float","8","53","0","True","False",""
"NotaFiscalProdutos","132","CBSpDif","float","8","53","0","True","False",""
"NotaFiscalProdutos","133","CBSvDif","float","8","53","0","True","False",""
"NotaFiscalProdutos","134","CSTReg","varchar","4","0","0","True","False",""
"NotaFiscalProdutos","135","cClassTribReg","varchar","7","0","0","True","False",""
"NotaFiscalProdutos","136","pAliqEfetReg","float","8","53","0","True","False",""
"NotaFiscalProdutos","137","vTribRegIBSUF","float","8","53","0","True","False",""
"NotaFiscalProdutos","138","pAliqEfetRegIBSUF","float","8","53","0","True","False",""
"NotaFiscalProdutos","139","pAliqEfetRegIBSMun","float","8","53","0","True","False",""
"NotaFiscalProdutos","140","vTribRegIBSMun","float","8","53","0","True","False",""
"NotaFiscalProdutos","141","pAliqEfetRegCBS","float","8","53","0","True","False",""
"NotaFiscalProdutos","142","vTribRegCBS","float","8","53","0","True","False",""
"NotaFiscalProdutos","143","xPed","varchar","15","0","0","True","False",""
"NotaFiscalProdutos","144","nItemPed","int","4","10","0","True","False",""
"NotaFiscalTroca","1","NTFT_Codigo","float","8","53","0","False","False",""
"NotaFiscalTroca","2","NTF_Codigo","float","8","53","0","True","False",""
"NotaFiscalTroca","3","Pro_codnosso","varchar","20","0","0","True","False",""
"NotaFiscalTroca","4","CodAcabamento","varchar","10","0","0","True","False",""
"NotaFiscalTroca","5","NTFT_quantidade","float","8","53","0","True","False",""
"NotaFiscalTroca","6","NTFT_VLUnitario","float","8","53","0","True","False",""
"NotaFiscalTroca","7","NTFT_VlTotal","float","8","53","0","True","False",""
"NotaFiscalTroca","8","Emp_Codigo","int","4","10","0","True","False",""
"NotaFiscalTroca","9","usr_cod_criacao","int","4","10","0","True","False",""
"NotaFiscalTroca","10","usr_dt_hr_criacao","datetime","8","23","3","True","False",""
"NotaFiscalTroca","11","usr_cod_alteracao","int","4","10","0","True","False",""
"NotaFiscalTroca","12","usr_dt_hr_alteracao","datetime","8","23","3","True","False",""
"Obras","1","Cli_codigo","int","4","10","0","True","False","(0)"
"Obras","2","Obr_Descricao","nvarchar","100","0","0","True","False",""
"Obras","3","Obr_Endereco","nvarchar","100","0","0","True","False",""
"Obras","4","Obr_numero","nvarchar","20","0","0","True","False",""
"Obras","5","Obr_complemento","nvarchar","80","0","0","True","False",""
"Obras","6","Obr_Bairro","nvarchar","50","0","0","True","False",""
"Obras","7","Obr_Cidade","nvarchar","50","0","0","True","False",""
"Obras","8","Obr_UF","nvarchar","4","0","0","True","False",""
"Obras","9","Obr_CEP","nvarchar","28","0","0","True","False",""
"Obras","10","obr_transf","bit","1","1","0","True","False",""
"Obras","11","Obr_Codigo","float","8","53","0","False","False",""
"Obras","12","mun_codigo","int","4","10","0","True","False",""
"Obras","13","Obr_tipoObra","varchar","11","0","0","True","False",""
"Obras","14","usr_cod_criacao","int","4","10","0","True","False",""
"Obras","15","usr_dt_hr_criacao","datetime","8","23","3","True","False",""
"Obras","16","usr_cod_alteracao","int","4","10","0","True","False",""
"Obras","17","usr_dt_hr_alteracao","datetime","8","23","3","True","False",""
"Obras","18","Emp_codigo","int","4","10","0","True","False",""
"observacoes","1","obs_codigo","float","8","53","0","True","False","(0)"
"observacoes","2","obs_tipo","nvarchar","2","0","0","True","False",""
"observacoes","3","obs_texto","ntext","16","0","0","True","False",""
"observacoes","4","usr_cod_criacao","int","4","10","0","True","False",""
"observacoes","5","usr_dt_hr_criacao","smalldatetime","4","16","0","True","False",""
"observacoes","6","usr_cod_alteracao","int","4","10","0","True","False",""
"observacoes","7","usr_dt_hr_alteracao","smalldatetime","4","16","0","True","False",""
"observacoes","8","obs_relatorio","varchar","50","0","0","True","False",""
"observacoes","9","Emp_codigo","int","4","10","0","True","False",""
"observacoes","11","obs_seq","int","4","10","0","False","False",""
"observacoes","12","Fun_codigo","int","4","10","0","True","False",""
"observacoes","13","Obs_data","datetime","8","23","3","True","False",""
"observacoes","14","Obs_FunNome","varchar","60","0","0","True","False",""
"orcamento","1","orc_codigo","float","8","53","0","True","False","(0)"
"orcamento","2","orc_codigo_pre","float","8","53","0","False","False","(0)"
"orcamento","3","cli_codigo","int","4","10","0","True","False","(0)"
"orcamento","4","orc_arquiteta","float","8","53","0","True","False","(0)"
"orcamento","5","orc_eletricista","float","8","53","0","True","False","(0)"
"orcamento","6","orc_vendedor","float","8","53","0","True","False","(0)"
"orcamento","7","orc_indicacao","float","8","53","0","True","False","(0)"
"orcamento","8","orc_dt_emissao","smalldatetime","4","16","0","True","False",""
"orcamento","9","orc_dt_validade","smalldatetime","4","16","0","True","False",""
"orcamento","10","orc_dt_fechamento","smalldatetime","4","16","0","True","False",""
"orcamento","11","orc_cliente","nvarchar","90","0","0","True","False",""
"orcamento","12","orc_Descricao","nvarchar","100","0","0","True","False",""
"orcamento","13","orc_Endereco","nvarchar","100","0","0","True","False",""
"orcamento","14","orc_numero","nvarchar","20","0","0","True","False",""
"orcamento","15","orc_complemento","nvarchar","80","0","0","True","False",""
"orcamento","16","orc_Bairro","nvarchar","50","0","0","True","False",""
"orcamento","17","orc_Cidade","nvarchar","50","0","0","True","False",""
"orcamento","18","orc_UF","nvarchar","4","0","0","True","False",""
"orcamento","19","orc_CEP","nvarchar","28","0","0","True","False",""
"orcamento","20","orc_tl_luminaria","money","8","19","4","True","False","(0)"
"orcamento","21","orc_desc_luminaria","money","8","19","4","True","False","(0)"
"orcamento","22","orc_desc_por_luminaria","money","8","19","4","True","False","(0)"
"orcamento","23","orc_tl_geral_luminaria","money","8","19","4","True","False","(0)"
"orcamento","24","orc_tl_materiais","money","8","19","4","True","False","(0)"
"orcamento","25","orc_desc_materiais","money","8","19","4","True","False","(0)"
"orcamento","26","orc_desc_por_materiais","money","8","19","4","True","False","(0)"
"orcamento","27","orc_tl_geral_materiais","money","8","19","4","True","False","(0)"
"orcamento","28","orc_tl_servico","money","8","19","4","True","False","(0)"
"orcamento","29","orc_desc_servico","money","8","19","4","True","False","(0)"
"orcamento","30","orc_desc_por_servico","money","8","19","4","True","False","(0)"
"orcamento","31","orc_tl_geral_servico","money","8","19","4","True","False","(0)"
"orcamento","32","orc_tl_orcamento","money","8","19","4","True","False","(0)"
"orcamento","33","orc_desc_orcamento","money","8","19","4","True","False","(0)"
"orcamento","34","orc_desc_por_orcamento","money","8","19","4","True","False","(0)"
"orcamento","35","orc_tl_geral_orcamento","money","8","19","4","True","False","(0)"
"orcamento","36","orc_tl_produto","money","8","19","4","True","False","(0)"
"orcamento","37","orc_desc_produto","money","8","19","4","True","False","(0)"
"orcamento","38","orc_desc_por_produto","money","8","19","4","True","False","(0)"
"orcamento","39","orc_tl_geral_produto","money","8","19","4","True","False","(0)"
"orcamento","40","orc_forma_pag","int","4","10","0","True","False","(0)"
"orcamento","41","orc_obs","ntext","16","0","0","True","False",""
"orcamento","42","orc_tipo","int","4","10","0","True","False","(0)"
"orcamento","43","orc_status","int","4","10","0","True","False","(0)"
"orcamento","44","orc_forma_pag_extra","nvarchar","100","0","0","True","False",""
"orcamento","45","usr_cod_criacao","int","4","10","0","True","False",""
"orcamento","46","usr_dt_hr_criacao","smalldatetime","4","16","0","True","False",""
"orcamento","47","usr_cod_alteracao","int","4","10","0","True","False",""
"orcamento","48","usr_dt_hr_alteracao","smalldatetime","4","16","0","True","False",""
"orcamento","49","Obr_Codigo","float","8","53","0","True","False",""
"orcamento","50","CatVen_Codigo","int","4","10","0","True","False",""
"orcamento","51","Orc_TpAcompObra","char","1","0","0","True","False",""
"orcamento","52","Orc_DtEntregaObra","datetime","8","23","3","True","False",""
"orcamento","53","orc_PagReduzido","bit","1","1","0","True","False",""
"orcamento","54","orc_LimiteDesconto","float","8","53","0","True","False",""
"orcamento","55","Orc_TipoDesc","char","1","0","0","True","False",""
"orcamento","56","Orc_exportacao","bit","1","1","0","True","False",""
"orcamento","57","par_ParcelarVlAcima","float","8","53","0","True","False",""
"orcamento","58","Par_VlMinParcela","float","8","53","0","True","False",""
"orcamento","59","Par_QuantMaxParcela","int","4","10","0","True","False",""
"Orcamento_luminaria_det","1","orc_codigo_pre","float","8","53","0","True","False","(0)"
"Orcamento_luminaria_det","2","old_item","int","4","10","0","True","False","(0)"
"Orcamento_luminaria_det","3","Pro_codnosso","nvarchar","40","0","0","True","False",""
"Orcamento_luminaria_det","4","old_seq","int","4","10","0","True","False","(0)"
"Orcamento_luminaria_det","5","old_seq_item","int","4","10","0","True","False","(0)"
"Orcamento_luminaria_det","6","old_produto","nvarchar","200","0","0","True","False",""
"Orcamento_luminaria_det","7","old_unidade","nvarchar","10","0","0","True","False",""
"Orcamento_luminaria_det","8","old_ambiente","int","4","10","0","True","False","(0)"
"Orcamento_luminaria_det","9","old_acabamento","nvarchar","10","0","0","True","False",""
"Orcamento_luminaria_det","10","old_quantidade","float","8","53","0","True","False","(0)"
"Orcamento_luminaria_det","11","old_vl_unitario","money","8","19","4","True","False","(0)"
"Orcamento_luminaria_det","12","old_vl_item","money","8","19","4","True","False","(0)"
"Orcamento_luminaria_det","13","old_tp_entrada","nvarchar","2","0","0","True","False",""
"Orcamento_luminaria_det","14","old_entrega","bit","1","1","0","True","False",""
"Orcamento_luminaria_det","15","old_devolucao","float","8","53","0","True","False","(0)"
"Orcamento_luminaria_det","16","old_motivo_dev","int","4","10","0","True","False","(0)"
"Orcamento_luminaria_det","17","usr_cod_criacao","int","4","10","0","True","False",""
"Orcamento_luminaria_det","18","usr_dt_hr_criacao","smalldatetime","4","16","0","True","False",""
"Orcamento_luminaria_det","19","usr_cod_alteracao","int","4","10","0","True","False",""
"Orcamento_luminaria_det","20","usr_dt_hr_alteracao","smalldatetime","4","16","0","True","False",""
"Orcamento_luminaria_det","21","old_codindice","varchar","20","0","0","True","False",""
"Orcamento_luminaria_det","22","ain_codigo","float","8","53","0","True","False",""
"Orcamento_luminaria_det","23","old_VlImposto","float","8","53","0","True","False",""
"Orcamento_luminaria_det","24","old_Desconto","float","8","53","0","True","False",""
"orcamento_materiais_det","1","orc_codigo_pre","float","8","53","0","True","False","(0)"
"orcamento_materiais_det","2","oma_item","int","4","10","0","True","False","(0)"
"orcamento_materiais_det","3","Pro_codnosso","nvarchar","40","0","0","True","False",""
"orcamento_materiais_det","4","oma_seq","int","4","10","0","True","False","(0)"
"orcamento_materiais_det","5","oma_seq_item","int","4","10","0","True","False","(0)"
"orcamento_materiais_det","6","oma_produto","nvarchar","80","0","0","True","False",""
"orcamento_materiais_det","7","oma_unidade","nvarchar","10","0","0","True","False",""
"orcamento_materiais_det","8","oma_ambiente","int","4","10","0","True","False","(0)"
"orcamento_materiais_det","9","oma_acabamento","nvarchar","10","0","0","True","False",""
"orcamento_materiais_det","10","oma_quantidade","float","8","53","0","True","False","(0)"
"orcamento_materiais_det","11","oma_vl_unitario","money","8","19","4","True","False","(0)"
"orcamento_materiais_det","12","oma_vl_item","money","8","19","4","True","False","(0)"
"orcamento_materiais_det","13","oma_tp_entrada","nvarchar","2","0","0","True","False",""
"orcamento_materiais_det","14","oma_entrega","bit","1","1","0","True","False",""
"orcamento_materiais_det","15","oma_devolucao","float","8","53","0","True","False","(0)"
"orcamento_materiais_det","16","oma_motivo_dev","int","4","10","0","True","False","(0)"
"orcamento_materiais_det","17","oma_lum_pai","nvarchar","40","0","0","True","False",""
"orcamento_materiais_det","18","oma_item_rel","int","4","10","0","True","False","(0)"
"orcamento_materiais_det","19","oma_mat_pai","nvarchar","40","0","0","True","False",""
"orcamento_materiais_det","20","oma_item_lum","int","4","10","0","True","False","(0)"
"orcamento_materiais_det","21","usr_cod_criacao","int","4","10","0","True","False",""
"orcamento_materiais_det","22","usr_dt_hr_criacao","smalldatetime","4","16","0","True","False",""
"orcamento_materiais_det","23","usr_cod_alteracao","int","4","10","0","True","False",""
"orcamento_materiais_det","24","usr_dt_hr_alteracao","smalldatetime","4","16","0","True","False",""
"orcamento_materiais_det","25","oma_codindice","varchar","20","0","0","True","False",""
"orcamento_materiais_det","26","ain_codigo","float","8","53","0","True","False",""
"orcamento_materiais_det","27","oma_VlImposto","float","8","53","0","True","False",""
"orcamento_materiais_det","28","oma_Desconto","float","8","53","0","True","False",""
"Orcamento_servico_det","1","orc_codigo_pre","float","8","53","0","True","False","(0)"
"Orcamento_servico_det","2","ose_item","int","4","10","0","True","False","(0)"
"Orcamento_servico_det","3","Sev_cod","int","4","10","0","True","False","(0)"
"Orcamento_servico_det","4","ose_descricao","nvarchar","120","0","0","True","False",""
"Orcamento_servico_det","5","ose_ambiente","int","4","10","0","True","False","(0)"
"Orcamento_servico_det","6","ose_quantidade","float","8","53","0","True","False","(0)"
"Orcamento_servico_det","7","ose_vl_unitario","money","8","19","4","True","False","(0)"
"Orcamento_servico_det","8","ose_vl_item","money","8","19","4","True","False","(0)"
"Orcamento_servico_det","9","usr_cod_criacao","int","4","10","0","True","False",""
"Orcamento_servico_det","10","usr_dt_hr_criacao","smalldatetime","4","16","0","True","False",""
"Orcamento_servico_det","11","usr_cod_alteracao","int","4","10","0","True","False",""
"Orcamento_servico_det","12","usr_dt_hr_alteracao","smalldatetime","4","16","0","True","False",""
"Orcamento_servico_det","13","ose_vl_eletrecista","float","8","53","0","True","False",""
"Orcamento_servico_det","14","ain_codigo","float","8","53","0","True","False",""
"ordem_compra","1","Ocp_codigo","int","4","10","0","False","False","(0)"
"ordem_compra","2","Ocp_codigo_pre","int","4","10","0","True","False","(0)"
"ordem_compra","3","Ocp_modo","nvarchar","2","0","0","True","False",""
"ordem_compra","4","Ocp_dt_limite","smalldatetime","4","16","0","True","False",""
"ordem_compra","5","Ocp_dt_ordem","datetime","8","23","3","True","False",""
"ordem_compra","6","Ocp_dt_envio","smalldatetime","4","16","0","True","False",""
"ordem_compra","7","Ocp_status","nvarchar","2","0","0","True","False",""
"ordem_compra","8","Ocp_obs","ntext","16","0","0","True","False",""
"ordem_compra","9","Ocp_fornecedor","int","4","10","0","True","False","(0)"
"ordem_compra","10","Ocp_transportadora","int","4","10","0","True","False","(0)"
"ordem_compra","11","Ocp_mun_trans","nvarchar","50","0","0","True","False",""
"ordem_compra","12","Ocp_uf_trans","nvarchar","4","0","0","True","False",""
"ordem_compra","13","usr_cod_criacao","int","4","10","0","True","False",""
"ordem_compra","14","usr_dt_hr_criacao","datetime","8","23","3","True","False",""
"ordem_compra","15","usr_cod_alteracao","int","4","10","0","True","False",""
"ordem_compra","16","usr_dt_hr_alteracao","datetime","8","23","3","True","False",""
"ordem_compra","17","Ocp_Reagendamento","smalldatetime","4","16","0","True","False",""
"ordem_compra","18","Ocp_dt_prevista","smalldatetime","4","16","0","True","False",""
"ordem_compra","19","Ocp_SubTotal","float","8","53","0","True","False",""
"ordem_compra","20","Ocp_Desconto","float","8","53","0","True","False",""
"ordem_compra","21","Ocp_Acrescimo","float","8","53","0","True","False",""
"ordem_compra","22","Ocp_Total","float","8","53","0","True","False",""
"ordem_compra","23","Ocp_descricao","varchar","50","0","0","True","False",""
"ordem_compra","24","Ocp_PagImpdesc","bit","1","1","0","True","False",""
"ordem_compra","25","Emp_codigo","int","4","10","0","True","False",""
"ordem_compra","26","Ocp_EmpresaCompradora","int","4","10","0","True","False",""
"ordem_compra_det","1","Ocp_codigo","int","4","10","0","True","False","(0)"
"ordem_compra_det","2","Ocd_item","int","4","10","0","True","False","(0)"
"ordem_compra_det","3","Pro_codnosso","nvarchar","40","0","0","True","False",""
"ordem_compra_det","4","Pro_Codbase","nvarchar","40","0","0","True","False",""
"ordem_compra_det","5","Ocd_acabamento","nvarchar","20","0","0","True","False",""
"ordem_compra_det","6","Ocd_quantidade_pedido","float","8","53","0","True","False","(0)"
"ordem_compra_det","7","Ocd_quantidade_solicit","float","8","53","0","True","False","(0)"
"ordem_compra_det","8","Ocd_vl_compra","money","8","19","4","True","False","(0)"
"ordem_compra_det","9","Ocd_vl_item","money","8","19","4","True","False","(0)"
"ordem_compra_det","10","Ocd_vl_custo","money","8","19","4","True","False","(0)"
"ordem_compra_det","11","Ocd_item_ped","int","4","10","0","True","False","(0)"
"ordem_compra_det","12","Ocd_cod_pedido","int","4","10","0","True","False","(0)"
"ordem_compra_det","13","Ocd_cod_venda","int","4","10","0","True","False","(0)"
"ordem_compra_det","14","ocd_ped_av_fan","nvarchar","20","0","0","True","False",""
"ordem_compra_det","15","Ocd_ped_modo","nvarchar","2","0","0","True","False",""
"ordem_compra_det","16","Ocd_recebido","nvarchar","2","0","0","True","False",""
"ordem_compra_det","17","Ocd_dt_ped_compra","smalldatetime","4","16","0","True","False",""
"ordem_compra_det","18","Ocd_nota","int","4","10","0","True","False","(0)"
"ordem_compra_det","19","Ocd_destino","nvarchar","60","0","0","True","False",""
"ordem_compra_det","20","Ocd_quant_motivo","nvarchar","60","0","0","True","False",""
"ordem_compra_det","21","usr_cod_criacao","int","4","10","0","True","False",""
"ordem_compra_det","22","usr_dt_hr_criacao","datetime","8","23","3","True","False",""
"ordem_compra_det","23","usr_cod_alteracao","int","4","10","0","True","False",""
"ordem_compra_det","24","usr_dt_hr_alteracao","datetime","8","23","3","True","False",""
"ordem_compra_det","25","ocd_codindice","varchar","20","0","0","True","False",""
"ordem_compra_det","26","Ocd_recebimento","varchar","15","0","0","True","False",""
"ordem_compra_det","27","Ocd_quant_cancelada","float","8","53","0","True","False",""
"ordem_compra_det","28","Ocpex_codigo","int","4","10","0","True","False",""
"ordem_compra_det","29","Ocpex_cnpj","varchar","25","0","0","True","False",""
"ordem_compra_det","30","Ocdex_item","int","4","10","0","True","False",""
"ordem_compra_det","31","ocp_ReceberOrdemExt","bit","1","1","0","True","False",""
"ordem_compra_det","32","Emp_codigo","int","4","10","0","True","False",""
"ordem_compra_det","33","Tam_codigo","float","8","53","0","True","False",""
"ordem_compra_det","35","Ocd_Sequencia","int","4","10","0","False","False",""
"ordem_compra_det","36","Ocd_NumOrcFornecedor","varchar","10","0","0","True","False",""
"ordem_compra_Pag","1","Ocp_codigo","int","4","10","0","False","False",""
"ordem_compra_Pag","2","Ocpp_parcela","int","4","10","0","False","False",""
"ordem_compra_Pag","3","Ocpp_valor","float","8","53","0","True","False",""
"ordem_compra_Pag","4","Ocpp_data","datetime","8","23","3","True","False",""
"ordem_compra_Pag","5","Mdo_codigo","int","4","10","0","True","False",""
"ordem_compra_Pag","6","usr_cod_criacao","int","4","10","0","True","False",""
"ordem_compra_Pag","7","usr_dt_hr_criacao","datetime","8","23","3","True","False",""
"ordem_compra_Pag","8","usr_cod_alteracao","int","4","10","0","True","False",""
"ordem_compra_Pag","9","usr_dt_hr_alteracao","datetime","8","23","3","True","False",""
"ordem_compra_Pag","11","Ocpp_Sequencia","int","4","10","0","False","False",""
"OrdemCompraDetExt","1","Ocpex_codigo","int","4","10","0","False","False","((0))"
"OrdemCompraDetExt","2","Ocpex_cnpj","varchar","25","0","0","False","False","((0))"
"OrdemCompraDetExt","3","Ocdex_item","int","4","10","0","False","False","((0))"
"OrdemCompraDetExt","4","Pro_codnosso","varchar","20","0","0","True","False",""
"OrdemCompraDetExt","5","Pro_Codbase","varchar","20","0","0","True","False",""
"OrdemCompraDetExt","6","Ocdex_acabamento","varchar","5","0","0","True","False",""
"OrdemCompraDetExt","7","Ocdex_quantidade_pedido","float","8","53","0","True","False","((0))"
"OrdemCompraDetExt","8","Ocdex_quantidade_solicit","float","8","53","0","True","False","((0))"
"OrdemCompraDetExt","9","Ocdex_vl_compra","money","8","19","4","True","False","((0))"
"OrdemCompraDetExt","10","Ocdex_vl_item","money","8","19","4","True","False","((0))"
"OrdemCompraDetExt","11","Ocdex_vl_custo","money","8","19","4","True","False","((0))"
"OrdemCompraDetExt","12","Ocdex_item_ped","int","4","10","0","True","False","((0))"
"OrdemCompraDetExt","13","Ocdex_cod_pedido","int","4","10","0","True","False","((0))"
"OrdemCompraDetExt","14","Ocdex_cod_venda","int","4","10","0","True","False","((0))"
"OrdemCompraDetExt","15","ocdex_ped_av_fan","varchar","10","0","0","True","False",""
"OrdemCompraDetExt","16","Ocdex_ped_modo","varchar","1","0","0","True","False",""
"OrdemCompraDetExt","17","Ocdex_recebido","varchar","1","0","0","True","False",""
"OrdemCompraDetExt","18","Ocdex_dt_ped_compra","datetime","8","23","3","True","False",""
"OrdemCompraDetExt","19","Ocdex_nota","int","4","10","0","True","False","((0))"
"OrdemCompraDetExt","20","Ocdex_destino","varchar","30","0","0","True","False",""
"OrdemCompraDetExt","21","Ocdex_quant_motivo","varchar","30","0","0","True","False",""
"OrdemCompraDetExt","22","usr_cod_criacao","int","4","10","0","True","False",""
"OrdemCompraDetExt","23","usr_dt_hr_criacao","datetime","8","23","3","True","False",""
"OrdemCompraDetExt","24","usr_cod_alteracao","int","4","10","0","True","False",""
"OrdemCompraDetExt","25","usr_dt_hr_alteracao","datetime","8","23","3","True","False",""
"OrdemCompraDetExt","26","ocdex_codindice","varchar","20","0","0","True","False",""
"OrdemCompraDetExt","27","Ocdex_recebimento","varchar","15","0","0","True","False",""
"OrdemCompraDetExt","28","Ocdex_quant_cancelada","float","8","53","0","True","False",""
"OrdemCompraDetExt","29","Ocdex_receber","bit","1","1","0","True","False",""
"OrdemCompraExt","1","Ocpex_codigo","int","4","10","0","False","False","((0))"
"OrdemCompraExt","2","Ocpex_cnpj","varchar","25","0","0","False","False","((0))"
"OrdemCompraExt","3","Ocpex_modo","varchar","1","0","0","True","False",""
"OrdemCompraExt","4","Ocpex_dt_limite","datetime","8","23","3","True","False",""
"OrdemCompraExt","5","Ocpex_dt_ordem","datetime","8","23","3","True","False",""
"OrdemCompraExt","6","Ocpex_dt_envio","datetime","8","23","3","True","False",""
"OrdemCompraExt","7","Ocpex_status","varchar","1","0","0","True","False",""
"OrdemCompraExt","8","Ocpex_obs","text","16","0","0","True","False",""
"OrdemCompraExt","9","Ocpex_fornecedor","int","4","10","0","True","False","((0))"
"OrdemCompraExt","10","Ocpex_transportadora","int","4","10","0","True","False","((0))"
"OrdemCompraExt","11","Ocpex_mun_trans","varchar","25","0","0","True","False",""
"OrdemCompraExt","12","Ocpex_uf_trans","varchar","2","0","0","True","False",""
"OrdemCompraExt","13","usr_cod_criacao","int","4","10","0","True","False",""
"OrdemCompraExt","14","usr_dt_hr_criacao","datetime","8","23","3","True","False",""
"OrdemCompraExt","15","usr_cod_alteracao","int","4","10","0","True","False",""
"OrdemCompraExt","16","usr_dt_hr_alteracao","datetime","8","23","3","True","False",""
"OrdemCompraExt","17","Ocpex_Reagendamento","datetime","8","23","3","True","False",""
"OrdemCompraExt","18","Ocpex_dt_prevista","datetime","8","23","3","True","False",""
"OrdemCompraExt","19","Ocpex_DataEnvioCentral","datetime","8","23","3","True","False",""
"OrdemCompraExt","20","Ocpex_DataRecepcaoCentral","datetime","8","23","3","True","False",""
"OrdemServico","1","OrdServ_Codigo","float","8","53","0","False","False",""
"OrdemServico","2","OrdServ_descricao","nvarchar","200","0","0","True","False",""
"OrdemServico","3","OrdServ_dataemissao","datetime","8","23","3","True","False",""
"OrdemServico","4","OrdServ_horaVisita","time","5","16","7","True","False",""
"OrdemServico","5","OrdServ_DataIniciar","datetime","8","23","3","True","False",""
"OrdemServico","6","OrdServ_Datafinal","datetime","8","23","3","True","False",""
"OrdemServico","7","OrdServ_tipo","char","1","0","0","True","False",""
"OrdemServico","8","OrdServ_situacao","bit","1","1","0","True","False",""
"OrdemServico","9","OrdServ_TpVinculo","char","1","0","0","True","False",""
"OrdemServico","10","OrdServ_CodVinculo","int","4","10","0","True","False",""
"OrdemServico","11","Ven_CodigoPre","float","8","53","0","True","False",""
"OrdemServico","12","OrdServ_observacao","ntext","16","0","0","True","False",""
"OrdemServico","13","emp_codigo","int","4","10","0","True","False",""
"OrdemServico","14","usr_dt_hr_criacao","datetime","8","23","3","True","False",""
"OrdemServico","15","usr_cod_criacao","int","4","10","0","True","False",""
"OrdemServico","16","usr_cod_alteracao","int","4","10","0","True","False",""
"OrdemServico","17","usr_dt_hr_alteracao","datetime","8","23","3","True","False",""
"OrdemServico","18","Fun_codigo","float","8","53","0","True","False",""
"OrdemServico","19","OrdServ_Total","float","8","53","0","True","False",""
"OrdemServico","20","OrdServ_Reclamacao","ntext","16","0","0","True","False",""
"OrdemServico","21","OrdServ_Diagnostico","ntext","16","0","0","True","False",""
"OrdemServico","22","OrdServ_Solucao","ntext","16","0","0","True","False",""
"OrdemServico","23","Obr_Codigo","float","8","53","0","True","False",""
"OrdemServico","24","Ind_Codigo","int","4","10","0","True","False",""
"OrdemServico","25","OrdServ_CodigoPre","float","8","53","0","True","False",""
"OrdemServicoAmbiente","1","OrdServ_Codigo","float","8","53","0","False","False",""
"OrdemServicoAmbiente","2","CodAmbiente","int","4","10","0","False","False",""
"OrdemServicoAmbiente","3","emp_codigo","int","4","10","0","False","False",""
"OrdemServicoAmbiente","4","OrdServAmb_Descricao","varchar","35","0","0","True","False",""
"OrdemServicoAmbiente","5","usr_cod_criacao","int","4","10","0","True","False",""
"OrdemServicoAmbiente","6","usr_dt_hr_criacao","datetime","8","23","3","True","False",""
"OrdemServicoAmbiente","7","usr_cod_alteracao","int","4","10","0","True","False",""
"OrdemServicoAmbiente","8","usr_dt_hr_alteracao","datetime","8","23","3","True","False",""
"OrdemServicoItem","1","OrdServItem_codigo","float","8","53","0","False","False",""
"OrdemServicoItem","2","OrdServ_codigo","float","8","53","0","True","False",""
"OrdemServicoItem","3","sev_cod","int","4","10","0","True","False",""
"OrdemServicoItem","4","OrdServItem_Quantidade","float","8","53","0","True","False",""
"OrdemServicoItem","5","OrdServItem_DataInicial","datetime","8","23","3","True","False",""
"OrdemServicoItem","6","OrdServItem_DataFinal","datetime","8","23","3","True","False",""
"OrdemServicoItem","7","OrdServItem_Observacao","ntext","16","0","0","True","False",""
"OrdemServicoItem","8","OrdServItem_ObservacaoInterna","ntext","16","0","0","True","False",""
"OrdemServicoItem","9","OrdServSit_codigo","int","4","10","0","True","False",""
"OrdemServicoItem","10","emp_codigo","int","4","10","0","True","False",""
"OrdemServicoItem","11","usr_dt_hr_criacao","datetime","8","23","3","True","False",""
"OrdemServicoItem","12","usr_cod_criacao","int","4","10","0","True","False",""
"OrdemServicoItem","13","usr_cod_alteracao","int","4","10","0","True","False",""
"OrdemServicoItem","14","usr_dt_hr_alteracao","datetime","8","23","3","True","False",""
"OrdemServicoItem","15","CodAmbiente","int","4","10","0","True","False",""
"OrdemServicoItem","16","OrdServItem_VlUnitario","float","8","53","0","True","False",""
"OrdemServicoItem","17","OrdServItem_VlItem","float","8","53","0","True","False",""
"OrdemServicoItem","18","VenPro_Seq","int","4","10","0","True","False",""
"OrdemServicoItem","19","OrdServItem_duracaoMin","int","4","10","0","True","False",""
"OrdemServicoItem","20","OrdServItem_HoraInicio","time","5","16","7","True","False",""
"OrdemServicoItem","21","OrdServItem_HoraFinal","time","5","16","7","True","False",""
"OrdemServicoItem","22","OrdServItem_Descricao","nvarchar","4000","0","0","True","False",""
"OrdemServicoProduto","1","OrdServProd_codigo","float","8","53","0","False","False",""
"OrdemServicoProduto","2","OrdServItem_codigo","float","8","53","0","True","False",""
"OrdemServicoProduto","3","Pro_codnosso","nvarchar","40","0","0","True","False",""
"OrdemServicoProduto","4","CodAcabamento","nvarchar","20","0","0","True","False",""
"OrdemServicoProduto","5","OrdServProd_Quantidade","float","8","53","0","True","False",""
"OrdemServicoProduto","6","OrdServProd_VlUnitario","float","8","53","0","True","False",""
"OrdemServicoProduto","7","OrdServProd_VlItem","float","8","53","0","True","False",""
"OrdemServicoProduto","8","emp_codigo","int","4","10","0","True","False",""
"OrdemServicoProduto","9","usr_dt_hr_criacao","datetime","8","23","3","True","False",""
"OrdemServicoProduto","10","usr_cod_criacao","int","4","10","0","True","False",""
"OrdemServicoProduto","11","usr_cod_alteracao","int","4","10","0","True","False",""
"OrdemServicoProduto","12","usr_dt_hr_alteracao","datetime","8","23","3","True","False",""
"OrdemServicoProduto","13","OrdServProd_Localizacao","nvarchar","200","0","0","True","False",""
"OrdemServicoProduto","14","OrdServProd_Simbolo","varchar","30","0","0","True","False",""
"OrdemServicoProduto","15","ASTEC_Codigo","float","8","53","0","True","False",""
"OrdemServicoProduto","16","ASTECProd_Codigo","float","8","53","0","True","False",""
"OrdemServicoProduto","17","Ven_CodigoPre","float","8","53","0","True","False",""
"OrdemServicoProduto","18","OrdServProd_Aplicacao","nvarchar","200","0","0","True","False",""
"OrdemServicoProduto","19","OrdServProd_Operacao","nvarchar","20","0","0","True","False",""
"OrdemServicoProduto","20","OrdServ_CodigoPre","float","8","53","0","True","False",""
"OrdemServicoSituacao","1","OrdServSit_codigo","int","4","10","0","False","False",""
"OrdemServicoSituacao","2","OrdServSit_Descricao","nvarchar","120","0","0","True","False",""
"OrdemServicoSituacao","3","OrdServSit_Situacao","bit","1","1","0","True","False",""
"OrdemServicoSituacao","4","emp_codigo","int","4","10","0","True","False",""
"OrdemServicoSituacao","5","usr_dt_hr_criacao","datetime","8","23","3","True","False",""
"OrdemServicoSituacao","6","usr_cod_criacao","int","4","10","0","True","False",""
"OrdemServicoSituacao","7","usr_cod_alteracao","int","4","10","0","True","False",""
"OrdemServicoSituacao","8","usr_dt_hr_alteracao","datetime","8","23","3","True","False",""
"OrgaoRegistro","1","OrgReg_Codigo","int","4","10","0","False","False",""
"OrgaoRegistro","2","OrgReg_Sigla","varchar","10","0","0","True","False",""
"OrgaoRegistro","3","OrgReg_Descricao","varchar","50","0","0","True","False",""
"OrgaoRegistro","4","OrgReg_Situacao","bit","1","1","0","True","False",""
"OrgaoRegistro","5","usr_cod_criacao","int","4","10","0","True","False",""
"OrgaoRegistro","6","usr_dt_hr_criacao","datetime","8","23","3","True","False",""
"OrgaoRegistro","7","usr_cod_alteracao","int","4","10","0","True","False",""
"OrgaoRegistro","8","usr_dt_hr_alteracao","datetime","8","23","3","True","False",""
"OrgaoRegistro","9","Emp_Codigo","int","4","10","0","True","False",""
"Paises","1","Paises_Codigo","int","4","10","0","False","False",""
"Paises","2","Paises_Descricao","varchar","40","0","0","True","False",""
"Paises","3","Paises_UE","bit","1","1","0","True","False",""
"Paises","4","Paises_Situacao","char","1","0","0","True","False",""
"Paises","5","Paises_Sigla","varchar","5","0","0","True","False",""
"Paises","6","usr_cod_criacao","int","4","10","0","True","False",""
"Paises","7","usr_dt_hr_criacao","datetime","8","23","3","True","False",""
"Paises","8","usr_cod_alteracao","int","4","10","0","True","False",""
"Paises","9","usr_dt_hr_alteracao","datetime","8","23","3","True","False",""
"Paises","10","Paises_CodBACEN","varchar","6","0","0","True","False",""
"Paises","11","Emp_codigo","int","4","10","0","True","False",""
"Paramentros","1","Par_cidade","nvarchar","50","0","0","True","False",""
"Paramentros","2","Par_UF","nvarchar","4","0","0","True","False",""
"Paramentros","3","Par_banco","nvarchar","500","0","0","True","False",""
"Paramentros","4","Par_banco_prod","nvarchar","500","0","0","True","False",""
"Paramentros","5","Par_email","nvarchar","200","0","0","True","False",""
"Paramentros","6","Par_smtp","nvarchar","200","0","0","True","False",""
"Paramentros","7","Par_porta","nvarchar","8","0","0","True","False",""
"Paramentros","8","Par_ftp","nvarchar","200","0","0","True","False",""
"Paramentros","9","Par_passivo","nvarchar","2","0","0","True","False",""
"Paramentros","10","par_entrega","int","4","10","0","True","False",""
"Paramentros","11","par_val_orc","int","4","10","0","True","False",""
"Paramentros","12","par_usuario_email","nvarchar","200","0","0","True","False",""
"Paramentros","13","par_senha_email","nvarchar","50","0","0","True","False",""
"Paramentros","14","par_nome_email","nvarchar","60","0","0","True","False",""
"Paramentros","15","par_dt_validade_1pag","bit","1","1","0","True","False",""
"Paramentros","16","par_dados_empresa","bit","1","1","0","True","False",""
"Paramentros","17","par_mostra_cnpj","bit","1","1","0","True","False",""
"Paramentros","18","par_tipo_acesso","varchar","10","0","0","True","False",""
"Paramentros","19","par_desagio_devolucao","float","8","53","0","True","False",""
"Paramentros","20","Par_TipoEletricista","char","1","0","0","True","False",""
"Paramentros","21","Par_TituloImpVAvulsa","varchar","60","0","0","True","False",""
"Paramentros","22","Par_TituloImpOrcamento","varchar","60","0","0","True","False",""
"Paramentros","23","Par_TituloImpProjeto","varchar","60","0","0","True","False",""
"Paramentros","24","Par_DiasFiltroProjeto","int","4","10","0","True","False",""
"Paramentros","25","Par_DiasFiltroOrcamento","int","4","10","0","True","False",""
"Paramentros","26","Par_DiasFiltroVAvulsa","int","4","10","0","True","False",""
"Paramentros","27","Par_DiasFiltroPedido","int","4","10","0","True","False",""
"Paramentros","28","Par_DiasFiltroOrdem","int","4","10","0","True","False",""
"Paramentros","29","Par_DiasFiltroNotaEntrada","int","4","10","0","True","False",""
"Paramentros","30","Par_PlanoContasAvulsa","int","4","10","0","True","False",""
"Paramentros","31","Par_PlanoContasProjeto","int","4","10","0","True","False",""
"Paramentros","32","Par_PlanoContasNotaEntrada","int","4","10","0","True","False",""
"Paramentros","33","Par_PlanoContasReservaTecnica","int","4","10","0","True","False",""
"Paramentros","34","Par_DiasFiltroReservaTecnica","int","4","10","0","True","False",""
"Paramentros","35","Par_ConInclusaoClientes","bit","1","1","0","True","False",""
"Paramentros","36","Par_PlanoContasCupomFiscal","int","4","10","0","True","False",""
"Paramentros","40","Par_QcargasHorasResidencial","float","8","53","0","True","False",""
"Paramentros","41","Par_QcargasDiasResidencial","float","8","53","0","True","False",""
"Paramentros","42","Par_QcargasDiasComercial","float","8","53","0","True","False",""
"Paramentros","43","Par_QcargasHorasComercial","float","8","53","0","True","False",""
"Paramentros","44","Par_PlanoContasCreditoFornecedor","int","4","10","0","True","False",""
"Paramentros","45","Par_DiasFiltroCreditoFornecedor","int","4","10","0","True","False",""
"Paramentros","46","Par_PlanoContasCreditoCliente","int","4","10","0","True","False",""
"Paramentros","47","Par_DiasFiltroCreditoCliente","int","4","10","0","True","False",""
"Paramentros","48","Par_DiasFiltroControleCheque","int","4","10","0","True","False",""
"Paramentros","49","Par_RHDiasPag","int","4","10","0","True","False",""
"Paramentros","50","Par_RHDiasFechMeta","int","4","10","0","True","False",""
"Paramentros","51","Par_PlanoContasRH","int","4","10","0","True","False",""
"Paramentros","52","Par_ComissaoVincParc","char","1","0","0","True","False",""
"Paramentros","53","SysPaises_codigo","int","4","10","0","True","False",""
"Paramentros","54","Moeda_codigo","int","4","10","0","True","False",""
"Paramentros","55","Par_PlanoContasFactura","int","4","10","0","True","False",""
"Paramentros","56","Par_PlanoContasVendaaDinheiro","int","4","10","0","True","False",""
"Paramentros","57","Par_PlanoContasNotaCredito","int","4","10","0","True","False",""
"Paramentros","58","Par_PlanoContasNotaDebito","int","4","10","0","True","False",""
"Paramentros","59","Par_PlanoContasDevolucao","int","4","10","0","True","False",""
"Paramentros","60","Par_DiasFiltroFactura","int","4","10","0","True","False",""
"Paramentros","61","Par_DiasFiltroFacturaPF","int","4","10","0","True","False",""
"Paramentros","62","Par_DiasFiltroNotaCredito","int","4","10","0","True","False",""
"Paramentros","63","Par_DiasFiltroNotaDebito","int","4","10","0","True","False",""
"Paramentros","64","Par_DiasFiltroVendaDi","int","4","10","0","True","False",""
"Paramentros","65","Par_DiasFiltroGuiaR","int","4","10","0","True","False",""
"Paramentros","66","Par_DiasFiltroGuiaT","int","4","10","0","True","False",""
"Paramentros","67","Par_DiasFiltroDevolucao","int","4","10","0","True","False",""
"Paramentros","68","Par_ComisMostVlConsolid","char","1","0","0","True","False",""
"Paramentros","69","Par_DtInicioComissao","datetime","8","23","3","True","False",""
"Paramentros","70","Par_NFModelo","varchar","5","0","0","True","False",""
"Paramentros","71","Par_NFSerie","varchar","15","0","0","True","False",""
"Paramentros","72","Par_NFSubSerie","varchar","15","0","0","True","False",""
"Paramentros","73","Par_NFTextoFixo","ntext","16","0","0","True","False",""
"Paramentros","74","Par_DiasFiltroNF","int","4","10","0","True","False",""
"Paramentros","75","Par_PlanoContasNF","int","4","10","0","True","False",""
"Paramentros","76","Par_NfIcmsSubsSoma","char","1","0","0","True","False",""
"Paramentros","77","Par_NFModImpressao","int","4","10","0","True","False",""
"Paramentros","78","Par_RTAutomaticoProj","char","1","0","0","True","False",""
"Paramentros","79","Par_RTAutomaticoAvu","char","1","0","0","True","False",""
"Paramentros","80","Par_RTAutomaticoTipo","char","1","0","0","True","False",""
"Paramentros","81","Par_RTPrimeiraPorc","float","8","53","0","True","False",""
"Paramentros","82","Par_OrdemImpDetValor","bit","1","1","0","True","False",""
"Paramentros","83","Par_OrdemImpValor","bit","1","1","0","True","False",""
"Paramentros","84","Par_FTP_Usuario","varchar","20","0","0","True","False",""
"Paramentros","85","Par_FTP_Senha","varchar","20","0","0","True","False",""
"Paramentros","86","Par_CentralCompras","bit","1","1","0","True","False",""
"Paramentros","87","Par_CentralComprasTipo","char","1","0","0","True","False",""
"Paramentros","88","Par_RTFornecedor","bit","1","1","0","True","False",""
"Paramentros","89","Par_OrcPagReduzido","bit","1","1","0","True","False",""
"Paramentros","90","Par_PROImgVert","bit","1","1","0","True","False",""
"Paramentros","91","Par_AVUImgVert","bit","1","1","0","True","False",""
"Paramentros","92","Par_ORCImgVert","bit","1","1","0","True","False",""
"Paramentros","93","Par_FCTImgVert","bit","1","1","0","True","False",""
"Paramentros","94","Par_FCTLinha","bit","1","1","0","True","False",""
"Paramentros","95","Par_FPFImgVert","bit","1","1","0","True","False",""
"Paramentros","96","Par_FPFLinha","bit","1","1","0","True","False",""
"Paramentros","97","Par_NCRImgVert","bit","1","1","0","True","False",""
"Paramentros","98","Par_NCRLinha","bit","1","1","0","True","False",""
"Paramentros","99","Par_NDEImgVert","bit","1","1","0","True","False",""
"Paramentros","100","Par_NDELinha","bit","1","1","0","True","False",""
"Paramentros","101","Par_GREImgVert","bit","1","1","0","True","False",""
"Paramentros","102","Par_GRELinha","bit","1","1","0","True","False",""
"Paramentros","103","Par_GTRImgVert","bit","1","1","0","True","False",""
"Paramentros","104","Par_GTRLinha","bit","1","1","0","True","False",""
"Paramentros","105","Par_VDIImgVert","bit","1","1","0","True","False",""
"Paramentros","106","Par_DEVLinha","bit","1","1","0","True","False",""
"Paramentros","107","Par_DEVImgVert","bit","1","1","0","True","False",""
"Paramentros","108","Par_VDILinha","bit","1","1","0","True","False",""
"Paramentros","109","Par_EstMinVendas","int","4","10","0","True","False",""
"Paramentros","110","Par_EstMinPerioVend","int","4","10","0","True","False",""
"Paramentros","111","Par_EstMinCalcular","bit","1","1","0","True","False",""
"Paramentros","112","Par_CodPadProd","char","1","0","0","True","False",""
"Paramentros","113","Par_LimitCredVdCli","float","8","53","0","True","False",""
"Paramentros","114","Par_LimitCredTtCli","float","8","53","0","True","False",""
"Paramentros","115","Par_FechContaSenhaConj","bit","1","1","0","True","False",""
"Paramentros","116","Par_CodProdEspDesc","char","1","0","0","True","False",""
"Paramentros","117","Par_ProdutoFicticio","bit","1","1","0","True","False",""
"Paramentros","118","Par_FactModelo","int","4","10","0","True","False",""
"Paramentros","119","Par_OrcDescImp","bit","1","1","0","True","False",""
"Paramentros","120","Par_ProDescImp","bit","1","1","0","True","False",""
"Paramentros","121","Par_AvuDescImp","bit","1","1","0","True","False",""
"Paramentros","122","Par_LimitDescCli","float","8","53","0","True","False",""
"Paramentros","123","Par_ServicoComoProduto","bit","1","1","0","True","False",""
"Paramentros","124","Par_CodEspecialUnico","bit","1","1","0","True","False",""
"Paramentros","125","Par_CaminhoEdittor","varchar","200","0","0","True","False",""
"Paramentros","126","Par_GuiaRemVl","bit","1","1","0","True","False",""
"Paramentros","127","Par_GuiaTranspVl","bit","1","1","0","True","False",""
"Paramentros","128","Par_ImpTipoPeca","bit","1","1","0","True","False",""
"Paramentros","129","Par_ImpComLogo","bit","1","1","0","True","False",""
"Paramentros","130","Par_ImpComLogoMSup","float","8","53","0","True","False",""
"Paramentros","131","Par_ImpComLogoMInf","float","8","53","0","True","False",""
"Paramentros","132","Par_EntregaComDuplicata","bit","1","1","0","True","False",""
"Paramentros","133","Par_RequisicaoProdutos","bit","1","1","0","True","False",""
"Paramentros","134","Par_NotaFornecFin","bit","1","1","0","True","False",""
"Paramentros","135","Par_OrdemCompraFin","bit","1","1","0","True","False",""
"Paramentros","136","Par_TextDescNF","varchar","100","0","0","True","False",""
"Paramentros","137","Par_DescNF","bit","1","1","0","True","False",""
"Paramentros","138","Par_SeqNossoCodigo","bit","1","1","0","True","False",""
"Paramentros","139","Par_DescReciboGSVend","varchar","50","0","0","True","False",""
"Paramentros","140","Par_CodPedVendOrc","bit","1","1","0","True","False",""
"Paramentros","141","Par_NfeMostraVlUnitDesc","bit","1","1","0","True","False",""
"Paramentros","142","Par_VendaParcMaior","bit","1","1","0","True","False",""
"Paramentros","143","Par_ClienteDtNascAno","bit","1","1","0","True","False",""
"Paramentros","144","par_ParcelarVlAcima","float","8","53","0","True","False",""
"Paramentros","145","Par_VlMinParcela","float","8","53","0","True","False",""
"Paramentros","146","Par_QuantMaxParcela","int","4","10","0","True","False",""
"Paramentros","147","Par_ProjMostraDtEntrega","bit","1","1","0","True","False",""
"Paramentros","148","Par_OrcMostraDtEntrega","bit","1","1","0","True","False",""
"Paramentros","149","Par_ProjMostraEletricista","bit","1","1","0","True","False",""
"Paramentros","150","Par_OrcMostraEletricista","bit","1","1","0","True","False",""
"Paramentros","151","Par_VAMostraEletricista","bit","1","1","0","True","False",""
"Paramentros","152","Par_ExcMatUnico","bit","1","1","0","True","False",""
"Paramentros","153","Par_PlanoContasJurosFact","int","4","10","0","True","False",""
"Paramentros","154","Par_ModoPagFact","int","4","10","0","True","False",""
"Paramentros","155","Par_BancoCaixaFact","int","4","10","0","True","False",""
"Paramentros","156","Par_ECFExpAut","bit","1","1","0","True","False",""
"Paramentros","157","Par_ECFCExpCaminho","varchar","500","0","0","True","False",""
"Paramentros","158","par_VlUnitInferior","bit","1","1","0","True","False",""
"Paramentros","159","Par_NFQuantItem","int","4","10","0","True","False",""
"Paramentros","160","Par_VendaParcMenor","bit","1","1","0","True","False",""
"Paramentros","161","Par_DevolFinTipo","char","1","0","0","True","False",""
"Paramentros","162","Par_DTControleEntrega","datetime","8","23","3","True","False",""
"Paramentros","163","Par_Vlminparhist","bit","1","1","0","True","False",""
"Paramentros","164","Par_Caminhobackup","varchar","500","0","0","True","False",""
"Paramentros","165","Par_AltQuatAutProdRel","bit","1","1","0","True","False",""
"Paramentros","166","Par_CaminhoBancoExt","varchar","100","0","0","True","False",""
"Paramentros","167","Par_CaminhoBancoExtNFe","varchar","100","0","0","True","False",""
"Paramentros","168","Par_ECFCImpCaminho","varchar","500","0","0","True","False",""
"Paramentros","169","Par_ContaRecdias","int","4","10","0","True","False",""
"Paramentros","170","Par_ContaPagdias","int","4","10","0","True","False",""
"Paramentros","171","Par_ECFImpArqGravados","varchar","500","0","0","True","False",""
"Paramentros","172","Par_ECFImpHora","varchar","5","0","0","True","False",""
"Paramentros","173","Par_DevRetQuantpedOrd","bit","1","1","0","True","False",""
"Paramentros","174","Par_RTautomatico","bit","1","1","0","True","False",""
"Paramentros","175","Par_Layoutcontas","varchar","1","0","0","True","False",""
"Paramentros","176","par_vendacircuito","bit","1","1","0","True","False",""
"Paramentros","177","Par_PoucoGiro","int","4","10","0","True","False",""
"Paramentros","178","Par_MedioGiro","int","4","10","0","True","False",""
"Paramentros","179","Par_AltoGiro","int","4","10","0","True","False",""
"Paramentros","180","Par_CreditaICMS","bit","1","1","0","True","False",""
"Paramentros","181","Par_RTFormaPag","int","4","10","0","True","False",""
"Paramentros","182","Par_RTCentroCusto","int","4","10","0","True","False",""
"Paramentros","183","par_VendaDataEntrega","bit","1","1","0","True","False",""
"Paramentros","184","Par_IPServidorECF","varchar","50","0","0","True","False",""
"Paramentros","185","Par_IPServidorPortaECF","varchar","10","0","0","True","False",""
"Paramentros","186","Par_ObrigatorioPasta","bit","1","1","0","True","False",""
"Paramentros","187","Par_PorcMediaFrete","float","8","53","0","True","False",""
"Paramentros","188","Par_PorcCreditoICMS","float","8","53","0","True","False",""
"Paramentros","189","Par_VendedorECF","varchar","10","0","0","True","False",""
"Paramentros","190","Par_EstFisicoOutrosEst","bit","1","1","0","True","False",""
"Paramentros","191","Par_ECFVersao","char","3","0","0","True","False",""
"Paramentros","192","Par_RTCreditoClienteNaoGerar","bit","1","1","0","True","False",""
"Paramentros","193","Par_ECFDiretorioExportacao","varchar","500","0","0","True","False",""
"Paramentros","194","Par_ECFTempoExportacao","int","4","10","0","True","False",""
"Paramentros","195","Par_LancBancEfetivarAutomatico","bit","1","1","0","True","False",""
"Paramentros","196","Par_NaoImprimirCampoQuitado","bit","1","1","0","True","False",""
"Paramentros","197","Par_OrdemCompImprimirDescAcab","bit","1","1","0","True","False",""
"Paramentros","198","Par_PedNaoImprimirSomaAmbiente","bit","1","1","0","True","False",""
"Paramentros","199","Par_OrcNaoImprimirSomaAmbiente","bit","1","1","0","True","False",""
"Paramentros","200","Par_OrcPedNaoArredondarItem","bit","1","1","0","True","False",""
"Paramentros","201","Par_VendaAmbiente","char","1","0","0","True","False",""
"Paramentros","202","Par_OrcPedDiminuirImagem","bit","1","1","0","True","False",""
"Paramentros","203","Par_DataInicialRelEst","datetime","8","23","3","True","False",""
"Paramentros","204","Par_VendaImpCabUnico","bit","1","1","0","True","False",""
"Paramentros","205","Par_ContEntregaTipo","varchar","1","0","0","True","False",""
"Paramentros","206","Par_DirArquivoRemessa","varchar","200","0","0","True","False",""
"Paramentros","207","Par_DirArquivoRetorno","varchar","200","0","0","True","False",""
"Paramentros","208","Par_DirBoletoLogo","varchar","200","0","0","True","False",""
"Paramentros","209","Par_MostrarAtendenteIndicacao","bit","1","1","0","True","False",""
"Paramentros","210","Par_impostofixoRT","float","8","53","0","True","False",""
"Paramentros","211","Par_impostofixoComissao","float","8","53","0","True","False",""
"Paramentros","212","Par_VendaImposto","bit","1","1","0","True","False",""
"Paramentros","213","Par_BuscaImposto","bit","1","1","0","True","False",""
"Paramentros","214","Emp_codigo","int","4","10","0","True","False",""
"Paramentros","215","Par_ImpFornecOrc","bit","1","1","0","True","False",""
"Paramentros","216","Par_ImpFornecPed","bit","1","1","0","True","False",""
"Paramentros","217","Par_CodigoBarraAcabamento","bit","1","1","0","True","False",""
"Paramentros","218","Par_ImprimirLogoParceirosOrc","bit","1","1","0","True","False",""
"Paramentros","219","Par_ImprimirLogoParceirosPed","bit","1","1","0","True","False",""
"Paramentros","220","Par_id","int","4","10","0","False","False",""
"Paramentros","221","Par_CEPWebService","varchar","30","0","0","True","False",""
"Paramentros","222","Par_CEPChaveAcesso","varchar","50","0","0","True","False",""
"Paramentros","223","Par_CEPProxyHost","varchar","50","0","0","True","False",""
"Paramentros","224","Par_CEPProxyPort","varchar","10","0","0","True","False",""
"Paramentros","225","Par_CEPProxyUser","varchar","30","0","0","True","False",""
"Paramentros","226","Par_CEPProxyPass","varchar","30","0","0","True","False",""
"Paramentros","227","Par_IndicacaoDtNascAno","bit","1","1","0","True","False",""
"Paramentros","228","Par_ContEntregaNumero","bit","1","1","0","True","False",""
"Paramentros","229","Par_ImprimirTamanho","bit","1","1","0","True","False",""
"Paramentros","230","ParParticiapacaoDevolucao","bit","1","1","0","True","False",""
"Paramentros","231","Par_DiasFiltroDemonstracao","int","4","10","0","True","False",""
"Paramentros","232","Par_AdmistracaoMista","bit","1","1","0","True","False",""
"Paramentros","233","Par_CaminhoOrcamento","varchar","500","0","0","True","False",""
"Paramentros","234","Par_CaminhoPedidoVenda","varchar","500","0","0","True","False",""
"Paramentros","235","Par_CaminhoRelatorio","varchar","500","0","0","True","False",""
"Paramentros","236","Par_OrdemCompraConta","bit","1","1","0","True","False",""
"Paramentros","237","Par_ConEstoqueFiltroSimples","bit","1","1","0","True","False",""
"Paramentros","238","Par_MostrarDifalVenda","bit","1","1","0","True","False",""
"Paramentros","239","Par_CarrinhoComprasFiltroSimples","bit","1","1","0","True","False",""
"Paramentros","240","Par_ComprasAtulizarVlTabela","bit","1","1","0","True","False",""
"Paramentros","241","Par_ParticipacaoDesconto","bit","1","1","0","True","False",""
"Paramentros","242","Par_EstTransfCodigo","varchar","1","0","0","True","False",""
"Paramentros","243","Par_ProfExternoPadrao","int","4","10","0","True","False",""
"Paramentros","244","Par_ClientePadrao","int","4","10","0","True","False",""
"Paramentros","245","Par_MultiEmpresaCompraTodos","bit","1","1","0","True","False",""
"Paramentros","246","Par_DiaProcessaVenda","int","4","10","0","True","False",""
"Paramentros","247","Par_OrdemServicoComServ","bit","1","1","0","True","False",""
"Paramentros","248","Par_MostrarPecaNoLugarDescricao","bit","1","1","0","True","False",""
"Paramentros","249","Par_NotaFornecedorApenasXML","bit","1","1","0","True","False",""
"Paramentros","250","Par_NotaFornecedorVerificarNCM","bit","1","1","0","True","False",""
"Paramentros","251","Par_AtualizarValoresServicos","bit","1","1","0","True","False",""
"Paramentros","252","Par_MudarTituloOrcCab","bit","1","1","0","True","False",""
"Paramentros","253","Par_CodigoBarraAutomatico","bit","1","1","0","True","False",""
"Paramentros","254","Par_ValorMinimoFrete","float","8","53","0","True","False",""
"Paramentros","255","Par_PorcentagemFrete","float","8","53","0","True","False",""
"Paramentros","256","Par_MargemEsquerda","float","8","53","0","True","False",""
"Paramentros","257","Par_MargemDireita","float","8","53","0","True","False",""
"Paramentros","258","Par_MargemSuperior","float","8","53","0","True","False",""
"Paramentros","259","Par_MargemInferior","float","8","53","0","True","False",""
"Paramentros","260","Par_CtApagar_DiasAnterior","int","4","10","0","True","False",""
"Paramentros","261","Par_CtApagar_DiasPosterior","int","4","10","0","True","False",""
"Paramentros","262","Par_CtReceber_DiasAnterior","int","4","10","0","True","False",""
"Paramentros","263","Par_CtReceber_DiasPosterior","int","4","10","0","True","False",""
"Paramentros","264","Par_VendaNãoImprimirCNPJIE","bit","1","1","0","True","False",""
"Paramentros","265","Par_AssistenciaNãoMovEstoque","bit","1","1","0","True","False",""
"Paramentros","266","Par_CadClienteCaixaAlta","bit","1","1","0","True","False",""
"Paramentros","267","Par_ControleSepEntProdutos","bit","1","1","0","True","False",""
"Paramentros","268","Par_ImpOrdPedObsAntesPag","bit","1","1","0","True","False",""
"Paramentros","269","Par_IndiceGrupoUsuario","bit","1","1","0","True","False",""
"Paramentros","270","Par_EstoquePorEmpresa","bit","1","1","0","True","False",""
"Paramentros","271","Par_AcessoPorEmpresaOrcPed","bit","1","1","0","True","False",""
"Paramentros","272","Par_ImpProdporAmbOrcPed","bit","1","1","0","True","False",""
"Paramentros","273","Par_MostrarQuantitValorCusto","bit","1","1","0","True","False",""
"Paramentros","274","Par_DataConclusaoAutomatica","bit","1","1","0","True","False",""
"Paramentros","275","Par_TermoRecNoFinal","bit","1","1","0","True","False",""
"Paramentros","276","Par_VendaCampoSimbolo","bit","1","1","0","True","False",""
"Paramentros","277","Par_VendaCampoAplicacao","bit","1","1","0","True","False",""
"Paramentros","278","Par_BloqEmpPedVenda","bit","1","1","0","True","False",""
"Paramentros","279","Par_NaoEmpDifOrcPed","bit","1","1","0","True","False",""
"Paramentros","280","Par_ParticipacaoSemDevolucao","bit","1","1","0","True","False",""
"Paramentros","281","Par_DescPorFuncVenda","bit","1","1","0","True","False",""
"Paramentros","282","Par_NaoMostraForConsulta","bit","1","1","0","True","False",""
"Paramentros","283","Par_QuantDiasPasta","int","4","10","0","True","False",""
"Paramentros","284","Par_TermoRecTextoFinal","bit","1","1","0","True","False",""
"Paramentros","285","Par_MultiEmpCriarFinanEmpEsc","bit","1","1","0","True","False",""
"Paramentros","286","Par_TipoEntregaObrigatorio","bit","1","1","0","True","False",""
"Paramentros","287","Par_IndiceVendaMaisCasasDec","bit","1","1","0","True","False",""
"ParamentrosCliente","1","Tsu_codigo","int","4","10","0","True","False",""
"ParamentrosCliente","2","ParCli_fisica","bit","1","1","0","True","False",""
"ParamentrosCliente","3","ParCli_juridica","bit","1","1","0","True","False",""
"ParamentrosDesagio","1","ParDes_data","datetime","8","23","3","False","False",""
"ParamentrosDesagio","2","ParDes_porcentagem","float","8","53","0","False","False",""
"ParamentrosDesagio","3","GrupoProduto_Codigo","int","4","10","0","False","False",""
"ParamentrosNFe","1","ParNFe_CaminhoCert","varchar","400","0","0","True","False",""
"ParamentrosNFe","2","ParNFe_SenhaCert","varchar","25","0","0","True","False",""
"ParamentrosNFe","3","ParNFe_NumSerieCert","varchar","50","0","0","True","False",""
"ParamentrosNFe","4","ParNFe_DanfeModo","char","1","0","0","True","False",""
"ParamentrosNFe","5","ParNFe_FormaEmissao","char","1","0","0","True","False",""
"ParamentrosNFe","6","ParNFe_WSerUFDest","char","2","0","0","True","False",""
"ParamentrosNFe","7","ParNFe_WSerTipoAmb","char","1","0","0","True","False",""
"ParamentrosNFe","8","ParNFe_VisualizarMensagem","bit","1","1","0","True","False",""
"ParamentrosNFe","9","ParNFe_ProxyHost","varchar","50","0","0","True","False",""
"ParamentrosNFe","10","ParNFe_ProxyPort","int","4","10","0","True","False",""
"ParamentrosNFe","11","ParNFe_ProxyUsuario","varchar","30","0","0","True","False",""
"ParamentrosNFe","12","ParNFe_ProxySenha","varchar","25","0","0","True","False",""
"ParamentrosNFe","13","ParNFe_EmailSMTP","varchar","300","0","0","True","False",""
"ParamentrosNFe","14","ParNFe_EmailPorta","int","4","10","0","True","False",""
"ParamentrosNFe","15","ParNFe_EmailUsuario","varchar","150","0","0","True","False",""
"ParamentrosNFe","16","ParNFe_EmailSenha","varchar","25","0","0","True","False",""
"ParamentrosNFe","17","ParNFe_EmailTitulo","varchar","150","0","0","True","False",""
"ParamentrosNFe","18","ParNFe_EmailTituloNumNF","bit","1","1","0","True","False",""
"ParamentrosNFe","19","ParNFe_EmailSMTPSeguro","bit","1","1","0","True","False",""
"ParamentrosNFe","20","ParNFe_EmailMensagem","text","16","0","0","True","False",""
"ParamentrosNFe","21","ParNFe_Modelo","int","4","10","0","True","False",""
"ParamentrosNFe","22","ParNFe_serie","int","4","10","0","True","False",""
"ParamentrosNFe","23","ParNFe_subserie","varchar","15","0","0","True","False",""
"ParamentrosNFe","24","ParNFe_DiasFiltroCad","int","4","10","0","True","False",""
"ParamentrosNFe","25","ParNFe_PlanoContas","int","4","10","0","True","False",""
"ParamentrosNFe","26","ParNFe_observacao","text","16","0","0","True","False",""
"ParamentrosNFe","27","Emp_codigo","int","4","10","0","True","False",""
"ParamentrosNFe","28","ParNFe_logo","varchar","250","0","0","True","False",""
"ParamentrosNFe","29","ParNFe_MostraEmail","bit","1","1","0","True","False",""
"ParamentrosNFe","30","ParNFe_MostraSite","bit","1","1","0","True","False",""
"ParamentrosNFe","31","ParNFe_ReciboNFe","char","1","0","0","True","False",""
"ParamentrosNFe","32","ParNFe_MostraFax","bit","1","1","0","True","False",""
"ParamentrosNFe","33","ParNFe_ExpandirLogo","bit","1","1","0","True","False",""
"ParamentrosNFe","34","ParNFe_MargemDireita","float","8","53","0","True","False",""
"ParamentrosNFe","35","ParNFe_MargemEsquerda","float","8","53","0","True","False",""
"ParamentrosNFe","36","ParNFe_MargemSuperior","float","8","53","0","True","False",""
"ParamentrosNFe","37","ParNFe_MargemInferior","float","8","53","0","True","False",""
"ParamentrosNFe","38","ParNFe_FormularioContinuo","bit","1","1","0","True","False",""
"ParamentrosNFe","39","ParNFe_FonteDANFE","varchar","50","0","0","True","False",""
"ParamentrosNFe","40","ParNFe_NumeroCopias","int","4","10","0","True","False",""
"ParamentrosNFe","41","ParNFe_LarguraCodProd","int","4","10","0","True","False",""
"ParamentrosNFe","42","ParNFe_ProdutoFolha","int","4","10","0","True","False",""
"ParamentrosNFe","43","ParNFe_CaminhoXMLNFE","varchar","300","0","0","True","False",""
"ParamentrosNFe","44","ParNFe_CaminhoXMLCAN","varchar","300","0","0","True","False",""
"ParamentrosNFe","45","ParNFe_CaminhoXMLdpec","varchar","300","0","0","True","False",""
"ParamentrosNFe","46","ParNFe_CaminhoXMLinu","varchar","300","0","0","True","False",""
"ParamentrosNFe","47","ParNFe_CaminhoPDF","varchar","300","0","0","True","False",""
"ParamentrosNFe","48","ParNFe_BuscaAutCodImp","bit","1","1","0","True","False",""
"ParamentrosNFe","49","ParNFe_EmailEnvioAut","bit","1","1","0","True","False",""
"ParamentrosNFe","50","ParNFe_CodFornecedor","bit","1","1","0","True","False",""
"ParamentrosNFe","51","ParNFe_CaminhoBancoExtNFe","varchar","100","0","0","True","False",""
"ParamentrosNFe","52","ParNFe_ImprimirCredICMS","bit","1","1","0","True","False",""
"ParamentrosNFe","53","ParNFe_CaminhoXMLCCe","varchar","300","0","0","True","False",""
"ParamentrosNFe","54","ParNFe_CSC","varchar","100","0","0","True","False",""
"ParamentrosNFe","55","ParNFe_idCSC","varchar","100","0","0","True","False",""
"ParamentrosNFe","56","ParNFe_SalvarSOAP","bit","1","1","0","True","False",""
"ParamentrosNFe","57","ParNFe_ModeloImpressao","varchar","1","0","0","True","False",""
"ParamentrosNFe","58","ParNFe_ModoImpressao","varchar","50","0","0","True","False",""
"ParamentrosNFe","59","ParNFe_ESCPOSImpressora","varchar","30","0","0","True","False",""
"ParamentrosNFe","60","ParNFe_ESCPOSPorta","varchar","10","0","0","True","False",""
"ParamentrosNFe","61","ParNFe_ESCPOSPortaVelocidade","varchar","10","0","0","True","False",""
"ParamentrosNFe","62","ParNFe_ESCPOSLinhaCupom","int","4","10","0","True","False",""
"ParamentrosNFe","63","ParNFe_ESCPOSItensUmaLinha","bit","1","1","0","True","False",""
"ParamentrosNFe","64","ParNFe_ESCPOSDescAcrePorItem","bit","1","1","0","True","False",""
"ParamentrosNFe","65","ParNFe_NFSECaminhoLogoPrefeitura","varchar","100","0","0","True","False",""
"ParamentrosNFe","66","ParNFe_NFSECaminhoLogoEmpresa","varchar","100","0","0","True","False",""
"ParamentrosNFe","67","ParNFe_NFSENomePrefeitura","varchar","100","0","0","True","False",""
"ParamentrosNFe","68","ParNFe_NFSECaminhoArquivos","varchar","100","0","0","True","False",""
"ParamentrosNFe","69","ParNFe_NFSECaminhoSchemas","varchar","200","0","0","True","False",""
"ParamentrosNFe","70","ParNFe_NFSESenha","varchar","20","0","0","True","False",""
"ParamentrosNFe","71","ParNFe_NFSEUsuario","varchar","50","0","0","True","False",""
"ParamentrosNFe","72","ParNFe_EmailSMTPSeguroTLS","bit","1","1","0","True","False",""
"ParamentrosNFe","73","ParNFe_NFeNumManual","bit","1","1","0","True","False",""
"ParamentrosNFe","74","ParNFe_NFCeNumManual","bit","1","1","0","True","False",""
"ParamentrosNFe","75","ParNFe_ECF_MOD","varchar","20","0","0","True","False",""
"ParamentrosNFe","76","ParNFe_ECF_FAB","varchar","21","0","0","True","False",""
"ParamentrosNFe","77","ParNFe_ECF_CX","int","4","10","0","True","False",""
"ParamentrosNFe","78","ParNFe_MargemDireitaNFCe","float","8","53","0","True","False",""
"ParamentrosNFe","79","ParNFe_MargemEsquerdaNFCe","float","8","53","0","True","False",""
"ParamentrosNFe","80","ParNFe_MargemSuperiorNFCe","float","8","53","0","True","False",""
"ParamentrosNFe","81","ParNFe_LarguraBobinaNFCe","float","8","53","0","True","False",""
"ParamentrosNFe","82","ParNFe_MargemInferiorNFCe","float","8","53","0","True","False",""
"ParamentrosNFe","83","ParNFe_AmbienteMDFe","char","1","0","0","True","False",""
"ParamentrosNFe","84","ParNFe_MDFePasta","varchar","1000","0","0","True","False",""
"ParamentrosNFe","85","ParNFe_MDFeSchemas","varchar","1000","0","0","True","False",""
"ParamentrosNFe","86","ParNFe_MDFePastaPDF","varchar","1000","0","0","True","False",""
"ParamentrosNFe","87","ParNFe_MDFeTipoImpressao","varchar","100","0","0","True","False",""
"ParamentrosNFe","88","ParNFe_Codigo","int","4","10","0","False","False",""
"ParamentrosNFe","89","ParNFe_MultiEmpresaTodosProd","bit","1","1","0","True","False",""
"ParamentrosNFe","90","Parnfe_ImprimirFormaPag","varchar","20","0","0","True","False",""
"ParamentrosNFe","91","ParNFe_ForcarGerarTagRejeicao938","bit","1","1","0","True","False",""
"ParamentrosNFe","92","ParNFe_CaminhoXMLDFE","varchar","300","0","0","True","False",""
"ParamentrosNFe","93","ParNFe_DadosAdicioSimplesMod1","bit","1","1","0","True","False",""
"ParamentrosNFe","94","ParNFe_DestacarDesconto","bit","1","1","0","True","False",""
"ParamentrosProfissional","1","Tsu_codigo","int","4","10","0","True","False",""
"ParamentrosProfissional","2","ParProf_fisica","bit","1","1","0","True","False",""
"ParamentrosProfissional","3","ParProf_juridica","bit","1","1","0","True","False",""
"ParamentrosSerieVenda","1","ParSV_serie","char","3","0","0","False","False",""
"ParamentrosSerieVenda","2","ParSV_numeroOrc","float","8","53","0","True","False",""
"ParamentrosSerieVenda","3","ParSV_numeroPed","float","8","53","0","True","False",""
"ParamentrosSerieVenda","4","ParSV_Descricao","varchar","50","0","0","True","False",""
"ParamentrosSerieVenda","5","ParSV_situacao","bit","1","1","0","True","False",""
"ParamentrosSerieVenda","6","Emp_codigo","int","4","10","0","True","False",""
"ParamentrosSerieVenda","7","usr_cod_criacao","int","4","10","0","True","False",""
"ParamentrosSerieVenda","8","usr_dt_hr_criacao","datetime","8","23","3","True","False",""
"ParamentrosSerieVenda","9","usr_cod_alteracao","int","4","10","0","True","False",""
"ParamentrosSerieVenda","10","usr_dt_hr_alteracao","datetime","8","23","3","True","False",""
"ParametrosRTCategoriaVenda","1","CatVen_Codigo","int","4","10","0","False","False",""
"ParametrosRTCategoriaVenda","2","emp_codigo","int","4","10","0","False","False",""
"ParametrosRTCategoriaVenda","3","usr_cod_criacao","int","4","10","0","True","False",""
"ParametrosRTCategoriaVenda","4","usr_dt_hr_criacao","datetime","8","23","3","True","False",""
"ParametrosRTCategoriaVenda","5","usr_cod_alteracao","int","4","10","0","True","False",""
"ParametrosRTCategoriaVenda","6","usr_dt_hr_alteracao","datetime","8","23","3","True","False",""
"ParametrosRTDiaPag","1","ParRTDiapag_dia","int","4","10","0","False","False",""
"ParametrosRTDiaPag","2","emp_codigo","int","4","10","0","False","False",""
"ParametrosRTDiaPag","3","usr_cod_criacao","int","4","10","0","True","False",""
"ParametrosRTDiaPag","4","usr_dt_hr_criacao","datetime","8","23","3","True","False",""
"ParametrosRTDiaPag","5","usr_cod_alteracao","int","4","10","0","True","False",""
"ParametrosRTDiaPag","6","usr_dt_hr_alteracao","datetime","8","23","3","True","False",""
"ParametrosRTGrupoProdutos","1","GrupoProduto_Codigo","int","4","10","0","False","False",""
"ParametrosRTGrupoProdutos","2","ParRTGrupProd_porcentagem","float","8","53","0","False","False",""
"ParametrosRTGrupoProdutos","3","Emp_codigo","int","4","10","0","True","False",""
"ParametrosRTGrupoProdutos","4","ParRTGrupProd_Operador","varchar","10","0","0","True","False",""
"ParametrosRTGrupoProdutos","5","ParRTGrupProd_Desconto","float","8","53","0","True","False",""
"ParametrosRTGrupoProdutosDesconto","1","GrupoProduto_Codigo","int","4","10","0","False","False",""
"ParametrosRTGrupoProdutosDesconto","2","ParRTGrupProdDesc_operador","varchar","10","0","0","False","False",""
"ParametrosRTGrupoProdutosDesconto","3","ParRTGrupProdDesc_operadorNum","float","8","53","0","False","False",""
"ParametrosRTGrupoProdutosDesconto","4","ParRTGrupProdDesc_porcentagem","float","8","53","0","True","False",""
"ParametrosRTGrupoProdutosDesconto","5","Emp_codgo","int","4","10","0","True","False",""
"ParametrosRTIndicacao","1","Ind_codigo","int","4","10","0","False","False",""
"ParametrosRTIndicacao","2","emp_codigo","int","4","10","0","False","False",""
"ParametrosRTIndicacao","3","usr_cod_criacao","int","4","10","0","True","False",""
"ParametrosRTIndicacao","4","usr_dt_hr_criacao","datetime","8","23","3","True","False",""
"ParametrosRTIndicacao","5","usr_cod_alteracao","int","4","10","0","True","False",""
"ParametrosRTIndicacao","6","usr_dt_hr_alteracao","datetime","8","23","3","True","False",""
"Pasta","1","Pasta_codigo","float","8","53","0","False","False",""
"Pasta","2","Pasta_Descricao","varchar","100","0","0","True","False",""
"Pasta","3","Pasta_DtEmissao","datetime","8","23","3","True","False",""
"Pasta","4","Pasta_DtFechamento","datetime","8","23","3","True","False",""
"Pasta","5","Obr_codigo","int","4","10","0","True","False",""
"Pasta","6","emp_codigo","int","4","10","0","True","False",""
"Pasta","7","cli_codigo","int","4","10","0","True","False",""
"Pasta","8","Pasta_Situacao","char","1","0","0","True","False",""
"Pasta","9","Pasta_obs","varchar","5000","0","0","True","False",""
"Pasta","10","Pasta_CodPreVendaPai","float","8","53","0","True","False",""
"Pasta","11","Pasta_VendaPaiUsuario","bit","1","1","0","True","False",""
"Pasta","12","usr_cod_criacao","int","4","10","0","True","False",""
"Pasta","13","usr_dt_hr_criacao","datetime","8","23","3","True","False",""
"Pasta","14","usr_cod_alteracao","int","4","10","0","True","False",""
"Pasta","15","usr_dt_hr_alteracao","datetime","8","23","3","True","False",""
"PDVCaixa","1","PdvCaixa_codigo","float","8","53","0","False","False",""
"PDVCaixa","2","cba_codigo","nchar","20","0","0","True","False",""
"PDVCaixa","3","fun_codigo","int","4","10","0","True","False",""
"PDVCaixa","4","PdvCaixa_Estacao","int","4","10","0","True","False",""
"PDVCaixa","5","PdvCaixa_NomePC","varchar","50","0","0","True","False",""
"PDVCaixa","6","PdvCaixa_fechamento","datetime","8","23","3","True","False",""
"PDVCaixa","7","PdvCaixa_ValorAbertura","float","8","53","0","True","False",""
"PDVCaixa","8","PdvCaixa_ValorFechamento","float","8","53","0","True","False",""
"PDVCaixa","9","usr_cod_criacao","int","4","10","0","True","False",""
"PDVCaixa","10","usr_dt_hr_criacao","datetime","8","23","3","True","False",""
"PDVCaixa","11","usr_cod_alteracao","int","4","10","0","True","False",""
"PDVCaixa","12","usr_dt_hr_alteracao","datetime","8","23","3","True","False",""
"PDVCaixa","13","Emp_codigo","int","4","10","0","True","False",""
"PDVSangria","1","PDVSangria_codigo","float","8","53","0","False","False",""
"PDVSangria","2","PdvCaixa_codigo","float","8","53","0","True","False",""
"PDVSangria","3","PDVSangria_data","datetime","8","23","3","True","False",""
"PDVSangria","4","PDVSangria_Valor","float","8","53","0","True","False",""
"PDVSangria","5","fun_codigo","int","4","10","0","True","False",""
"PDVSangria","6","usr_cod_criacao","int","4","10","0","True","False",""
"PDVSangria","7","usr_dt_hr_criacao","datetime","8","23","3","True","False",""
"PDVSangria","8","usr_cod_alteracao","int","4","10","0","True","False",""
"PDVSangria","9","usr_dt_hr_alteracao","datetime","8","23","3","True","False",""
"PDVSangria","10","Emp_codigo","int","4","10","0","True","False",""
"PDVSuprimento","1","PDVSupri_codigo","float","8","53","0","False","False",""
"PDVSuprimento","2","PdvCaixa_codigo","float","8","53","0","True","False",""
"PDVSuprimento","3","PDVSupri_data","datetime","8","23","3","True","False",""
"PDVSuprimento","4","PDVSupri_Valor","float","8","53","0","True","False",""
"PDVSuprimento","5","fun_codigo","int","4","10","0","True","False",""
"PDVSuprimento","6","usr_cod_criacao","int","4","10","0","True","False",""
"PDVSuprimento","7","usr_dt_hr_criacao","datetime","8","23","3","True","False",""
"PDVSuprimento","8","usr_cod_alteracao","int","4","10","0","True","False",""
"PDVSuprimento","9","usr_dt_hr_alteracao","datetime","8","23","3","True","False",""
"PDVSuprimento","10","Emp_codigo","int","4","10","0","True","False",""
"pedido","1","ped_codigo","float","8","53","0","True","False","(0)"
"pedido","2","ped_codigo_pre","float","8","53","0","False","False","(0)"
"pedido","3","cli_codigo","int","4","10","0","True","False","(0)"
"pedido","4","ped_arquiteta","float","8","53","0","True","False","(0)"
"pedido","5","ped_eletricista","float","8","53","0","True","False","(0)"
"pedido","6","ped_vendedor","float","8","53","0","True","False","(0)"
"pedido","7","ped_indicacao","float","8","53","0","True","False","(0)"
"pedido","8","ped_dt_emissao","smalldatetime","4","16","0","True","False",""
"pedido","9","ped_dt_fechamento","smalldatetime","4","16","0","True","False",""
"pedido","10","ped_dt_fechamento_projeto","smalldatetime","4","16","0","True","False",""
"pedido","11","ped_cliente","nvarchar","90","0","0","True","False",""
"pedido","12","ped_Descricao","nvarchar","100","0","0","True","False",""
"pedido","13","ped_Endereco","nvarchar","100","0","0","True","False",""
"pedido","14","ped_numero","nvarchar","20","0","0","True","False",""
"pedido","15","ped_complemento","nvarchar","80","0","0","True","False",""
"pedido","16","ped_Bairro","nvarchar","50","0","0","True","False",""
"pedido","17","ped_Cidade","nvarchar","50","0","0","True","False",""
"pedido","18","ped_UF","nvarchar","4","0","0","True","False",""
"pedido","19","ped_CEP","nvarchar","28","0","0","True","False",""
"pedido","20","ped_tl_luminaria","money","8","19","4","True","False","(0)"
"pedido","21","ped_desc_luminaria","money","8","19","4","True","False","(0)"
"pedido","22","ped_desc_por_luminaria","money","8","19","4","True","False","(0)"
"pedido","23","ped_tl_geral_luminaria","money","8","19","4","True","False","(0)"
"pedido","24","ped_tl_materiais","money","8","19","4","True","False","(0)"
"pedido","25","ped_desc_materiais","money","8","19","4","True","False","(0)"
"pedido","26","ped_desc_por_materiais","money","8","19","4","True","False","(0)"
"pedido","27","ped_tl_geral_materiais","money","8","19","4","True","False","(0)"
"pedido","28","ped_tl_servico","money","8","19","4","True","False","(0)"
"pedido","29","ped_desc_servico","money","8","19","4","True","False","(0)"
"pedido","30","ped_desc_por_servico","money","8","19","4","True","False","(0)"
"pedido","31","ped_tl_geral_servico","money","8","19","4","True","False","(0)"
"pedido","32","ped_tl_orcamento","money","8","19","4","True","False","(0)"
"pedido","33","ped_desc_orcamento","money","8","19","4","True","False","(0)"
"pedido","34","ped_desc_por_orcamento","money","8","19","4","True","False","(0)"
"pedido","35","ped_tl_geral_orcamento","money","8","19","4","True","False","(0)"
"pedido","36","ped_tl_produto","money","8","19","4","True","False","(0)"
"pedido","37","ped_desc_produto","money","8","19","4","True","False","(0)"
"pedido","38","ped_desc_por_produto","money","8","19","4","True","False","(0)"
"pedido","39","ped_tl_geral_produto","money","8","19","4","True","False","(0)"
"pedido","40","ped_forma_pag","int","4","10","0","True","False","(0)"
"pedido","41","ped_obs","ntext","16","0","0","True","False",""
"pedido","42","ped_tipo","int","4","10","0","True","False","(0)"
"pedido","43","ped_status","nvarchar","2","0","0","True","False",""
"pedido","44","ped_orcamento","int","4","10","0","True","False","(0)"
"pedido","45","ped_projeto","nvarchar","20","0","0","True","False",""
"pedido","46","cen_codigo","int","4","10","0","True","False","(0)"
"pedido","47","usr_cod_criacao","int","4","10","0","True","False",""
"pedido","48","usr_dt_hr_criacao","smalldatetime","4","16","0","True","False",""
"pedido","49","usr_cod_alteracao","int","4","10","0","True","False",""
"pedido","50","usr_dt_hr_alteracao","smalldatetime","4","16","0","True","False",""
"pedido","51","Obr_Codigo","float","8","53","0","True","False",""
"pedido","52","Ped_ValorCredito","float","8","53","0","True","False",""
"pedido","53","CatVen_Codigo","int","4","10","0","True","False",""
"pedido","54","Par_ComissaoVincParc","char","1","0","0","True","False",""
"pedido","55","Ped_DescComMat","float","8","53","0","True","False",""
"pedido","56","Ped_DescComLum","float","8","53","0","True","False",""
"pedido","57","Ped_TpAcompObra","char","1","0","0","True","False",""
"pedido","58","Ped_DtEntregaObra","datetime","8","23","3","True","False",""
"pedido","59","Ped_RTAutomaticoTipo","char","1","0","0","True","False",""
"pedido","60","Ped_CalcularRT","char","1","0","0","True","False",""
"pedido","61","ped_LimiteDesconto","float","8","53","0","True","False",""
"pedido","62","ped_requisicao","bit","1","1","0","True","False",""
"pedido","63","Ped_TipoDesc","char","1","0","0","True","False",""
"pedido","64","par_ParcelarVlAcima","float","8","53","0","True","False",""
"pedido","65","Par_VlMinParcela","float","8","53","0","True","False",""
"pedido","66","Par_QuantMaxParcela","int","4","10","0","True","False",""
"pedido","67","ped_financeiro","bit","1","1","0","True","False",""
"pedido","68","ped_compra","bit","1","1","0","True","False",""
"pedido","69","ped_estoque","bit","1","1","0","True","False",""
"pedido_compra","1","Pcp_codigo","int","4","10","0","False","False","(0)"
"pedido_compra","2","Pcp_pedido_venda","int","4","10","0","True","False","(0)"
"pedido_compra","3","Pcp_modo","nvarchar","2","0","0","True","False",""
"pedido_compra","4","Pcp_dt_limite","smalldatetime","4","16","0","True","False",""
"pedido_compra","5","Pcp_dt_pedido","smalldatetime","4","16","0","True","False",""
"pedido_compra","6","Pcp_status","nvarchar","2","0","0","True","False",""
"pedido_compra","7","Pcp_obs","ntext","16","0","0","True","False",""
"pedido_compra","8","Pcp_ped_av_fan","nvarchar","20","0","0","True","False",""
"pedido_compra","9","usr_cod_criacao","int","4","10","0","True","False",""
"pedido_compra","10","usr_dt_hr_criacao","smalldatetime","4","16","0","True","False",""
"pedido_compra","11","usr_cod_alteracao","int","4","10","0","True","False",""
"pedido_compra","12","usr_dt_hr_alteracao","smalldatetime","4","16","0","True","False",""
"pedido_compra","13","ParSV_serie","char","3","0","0","True","False",""
"pedido_compra","14","Emp_codigo","int","4","10","0","True","False",""
"Pedido_compra_det","1","Pcp_codigo","int","4","10","0","True","False","(0)"
"Pedido_compra_det","2","Pcd_item","int","4","10","0","True","False","(0)"
"Pedido_compra_det","3","Pro_codnosso","nvarchar","40","0","0","True","False",""
"Pedido_compra_det","4","Pcd_acabamento","nvarchar","20","0","0","True","False",""
"Pedido_compra_det","5","Pcd_quantidade_projeto","float","8","53","0","True","False",""
"Pedido_compra_det","6","Pcd_quantidade_solicit","float","8","53","0","True","False",""
"Pedido_compra_det","7","Pcd_saida","int","4","10","0","True","False","(0)"
"Pedido_compra_det","8","Pcd_destino","nvarchar","60","0","0","True","False",""
"Pedido_compra_det","9","usr_cod_criacao","int","4","10","0","True","False",""
"Pedido_compra_det","10","usr_dt_hr_criacao","smalldatetime","4","16","0","True","False",""
"Pedido_compra_det","11","usr_cod_alteracao","int","4","10","0","True","False",""
"Pedido_compra_det","12","usr_dt_hr_alteracao","smalldatetime","4","16","0","True","False",""
"Pedido_compra_det","13","pcd_codindice","varchar","20","0","0","True","False",""
"Pedido_compra_det","14","Pcd_recebimento","varchar","15","0","0","True","False",""
"Pedido_compra_det","15","Emp_codigo","int","4","10","0","True","False",""
"Pedido_compra_det","16","Tam_codigo","float","8","53","0","True","False",""
"Pedido_compra_det","17","Pcp_Sequencia","int","4","10","0","False","True",""
"pedido_luminaria_det","1","ped_codigo_pre","float","8","53","0","True","False","(0)"
"pedido_luminaria_det","2","pld_item","int","4","10","0","True","False","(0)"
"pedido_luminaria_det","3","Pro_codnosso","nvarchar","40","0","0","True","False",""
"pedido_luminaria_det","4","pld_seq","int","4","10","0","True","False","(0)"
"pedido_luminaria_det","5","pld_seq_item","int","4","10","0","True","False","(0)"
"pedido_luminaria_det","6","pld_produto","nvarchar","200","0","0","True","False",""
"pedido_luminaria_det","7","pld_unidade","nvarchar","10","0","0","True","False",""
"pedido_luminaria_det","8","pld_ambiente","int","4","10","0","True","False","(0)"
"pedido_luminaria_det","9","pld_acabamento","nvarchar","10","0","0","True","False",""
"pedido_luminaria_det","10","pld_quantidade","float","8","53","0","True","False","(0)"
"pedido_luminaria_det","11","pld_quantidade_original","float","8","53","0","True","False","(0)"
"pedido_luminaria_det","12","pld_vl_unitario","money","8","19","4","True","False","(0)"
"pedido_luminaria_det","13","pld_vl_item","money","8","19","4","True","False","(0)"
"pedido_luminaria_det","14","pld_tp_entrada","nvarchar","2","0","0","True","False",""
"pedido_luminaria_det","15","pld_entrega","bit","1","1","0","True","False",""
"pedido_luminaria_det","16","pld_devolucao","float","8","53","0","True","False","(0)"
"pedido_luminaria_det","17","pld_motivo_dev","int","4","10","0","True","False","(0)"
"pedido_luminaria_det","18","pld_quant_devolvida","float","8","53","0","True","False","(0)"
"pedido_luminaria_det","19","pld_saida_comp","int","4","10","0","True","False","(0)"
"pedido_luminaria_det","20","usr_cod_criacao","int","4","10","0","True","False",""
"pedido_luminaria_det","21","usr_dt_hr_criacao","smalldatetime","4","16","0","True","False",""
"pedido_luminaria_det","22","usr_cod_alteracao","int","4","10","0","True","False",""
"pedido_luminaria_det","23","usr_dt_hr_alteracao","smalldatetime","4","16","0","True","False",""
"pedido_luminaria_det","24","pld_codindice","varchar","20","0","0","True","False",""
"pedido_luminaria_det","25","ain_codigo","float","8","53","0","True","False",""
"pedido_luminaria_det","26","pld_VlImposto","float","8","53","0","True","False",""
"pedido_luminaria_det","27","pld_Desconto","float","8","53","0","True","False",""
"pedido_materiais_det","1","ped_codigo_pre","float","8","53","0","True","False","(0)"
"pedido_materiais_det","2","pma_item","int","4","10","0","True","False","(0)"
"pedido_materiais_det","3","Pro_codnosso","nvarchar","40","0","0","True","False",""
"pedido_materiais_det","4","pma_seq","int","4","10","0","True","False","(0)"
"pedido_materiais_det","5","pma_seq_item","int","4","10","0","True","False","(0)"
"pedido_materiais_det","6","pma_produto","nvarchar","200","0","0","True","False",""
"pedido_materiais_det","7","pma_unidade","nvarchar","10","0","0","True","False",""
"pedido_materiais_det","8","pma_ambiente","int","4","10","0","True","False","(0)"
"pedido_materiais_det","9","pma_acabamento","nvarchar","10","0","0","True","False",""
"pedido_materiais_det","10","pma_quantidade","float","8","53","0","True","False","(0)"
"pedido_materiais_det","11","pma_quantidade_original","float","8","53","0","True","False","(0)"
"pedido_materiais_det","12","pma_vl_unitario","money","8","19","4","True","False","(0)"
"pedido_materiais_det","13","pma_vl_item","money","8","19","4","True","False","(0)"
"pedido_materiais_det","14","pma_tp_entrada","nvarchar","2","0","0","True","False",""
"pedido_materiais_det","15","pma_entrega","bit","1","1","0","True","False",""
"pedido_materiais_det","16","pma_devolucao","float","8","53","0","True","False","(0)"
"pedido_materiais_det","17","pma_motivo_dev","int","4","10","0","True","False","(0)"
"pedido_materiais_det","18","pma_quant_devolvida","float","8","53","0","True","False","(0)"
"pedido_materiais_det","19","pma_saida_comp","int","4","10","0","True","False","(0)"
"pedido_materiais_det","20","pma_lum_pai","nvarchar","40","0","0","True","False",""
"pedido_materiais_det","21","pma_item_rel","int","4","10","0","True","False","(0)"
"pedido_materiais_det","22","pma_mat_pai","nvarchar","40","0","0","True","False",""
"pedido_materiais_det","23","pma_item_lum","int","4","10","0","True","False","(0)"
"pedido_materiais_det","24","usr_cod_criacao","int","4","10","0","True","False",""
"pedido_materiais_det","25","usr_dt_hr_criacao","smalldatetime","4","16","0","True","False",""
"pedido_materiais_det","26","usr_cod_alteracao","int","4","10","0","True","False",""
"pedido_materiais_det","27","usr_dt_hr_alteracao","smalldatetime","4","16","0","True","False",""
"pedido_materiais_det","28","pma_codindice","varchar","20","0","0","True","False",""
"pedido_materiais_det","29","ain_codigo","float","8","53","0","True","False",""
"pedido_materiais_det","30","pma_VlImposto","float","8","53","0","True","False",""
"pedido_materiais_det","31","pma_Desconto","float","8","53","0","True","False",""
"pedido_servico_det","1","ped_codigo_pre","float","8","53","0","True","False","(0)"
"pedido_servico_det","2","pse_item","int","4","10","0","True","False","(0)"
"pedido_servico_det","3","Sev_cod","int","4","10","0","True","False","(0)"
"pedido_servico_det","4","pse_descricao","nvarchar","120","0","0","True","False",""
"pedido_servico_det","5","pse_ambiente","int","4","10","0","True","False","(0)"
"pedido_servico_det","6","pse_quantidade","float","8","53","0","True","False","(0)"
"pedido_servico_det","7","pse_vl_unitario","money","8","19","4","True","False","(0)"
"pedido_servico_det","8","pse_vl_item","money","8","19","4","True","False","(0)"
"pedido_servico_det","9","pse_quantidade_original","float","8","53","0","True","False","(0)"
"pedido_servico_det","10","pse_saida_comp","int","4","10","0","True","False","(0)"
"pedido_servico_det","11","usr_cod_criacao","int","4","10","0","True","False",""
"pedido_servico_det","12","usr_dt_hr_criacao","smalldatetime","4","16","0","True","False",""
"pedido_servico_det","13","usr_cod_alteracao","int","4","10","0","True","False",""
"pedido_servico_det","14","usr_dt_hr_alteracao","smalldatetime","4","16","0","True","False",""
"pedido_servico_det","15","pse_vl_eletrecista","float","8","53","0","True","False",""
"pedido_servico_det","16","ain_codigo","float","8","53","0","True","False",""
"Plano_Contas","1","Pco_codigo","int","4","10","0","False","False",""
"Plano_Contas","2","Pco_descricao","varchar","60","0","0","True","False",""
"Plano_Contas","3","Pco_tipo","char","1","0","0","True","False",""
"Plano_Contas","4","Pco_pai","int","4","10","0","True","False",""
"Plano_Contas","5","Pco_CreditoDebito","char","1","0","0","True","False",""
"Plano_Contas","6","Pco_cod_masc","varchar","10","0","0","True","False",""
"Plano_Contas","7","Pco_FixaVariavel","varchar","1","0","0","True","False",""
"Plano_Contas","8","Pco_situacao","char","1","0","0","True","False",""
"Plano_Contas","9","Pco_Aporte","char","1","0","0","True","False",""
"Plano_Contas","10","Pct_codigo","int","4","10","0","True","False",""
"Plano_Contas","11","Emp_codigo","int","4","10","0","True","False",""
"Plano_Contas","12","usr_cod_criacao","int","4","10","0","True","False",""
"Plano_Contas","13","usr_dt_hr_criacao","datetime","8","23","3","True","False",""
"Plano_Contas","14","usr_dt_hr_alteracao","datetime","8","23","3","True","False",""
"Plano_Contas","15","usr_cod_alteracao","int","4","10","0","True","False",""
"Plano_Contas","16","Pco_hierarquia","varchar","20","0","0","True","False",""
"Plano_Contas","17","Pco_DRE","varchar","50","0","0","True","False",""
"Plano_Contas","18","Pco_CustoMercVendida","bit","1","1","0","True","False",""
"Plano_Contas_Tipo","1","Pct_codigo","int","4","10","0","False","False",""
"Plano_Contas_Tipo","2","Pct_descricao","varchar","40","0","0","True","False",""
"Plano_Contas_Tipo","3","Pct_situacao","char","1","0","0","True","False",""
"Porcentagem_Tributos","1","PTrib_ncm","varchar","10","0","0","False","False",""
"Porcentagem_Tributos","2","Ptrib_Porc","float","8","53","0","True","False",""
"Porcentagem_Tributos","3","usr_cod_criacao","int","4","10","0","True","False",""
"Porcentagem_Tributos","4","usr_dt_hr_criacao","datetime","8","23","3","True","False",""
"Porcentagem_Tributos","5","usr_cod_alteracao","int","4","10","0","True","False",""
"Porcentagem_Tributos","6","usr_dt_hr_alteracao","datetime","8","23","3","True","False",""
"Porcentagem_Tributos","7","Emp_codigo","int","4","10","0","True","False",""
"Porcentagem_Tributos","8","Ptrib_ProcImportados","float","8","53","0","True","False",""
"Porcentagem_Tributos","9","Ptrib_ProcEstadual","float","8","53","0","True","False",""
"Porcentagem_Tributos","10","Ptrib_ProcMunicipal","float","8","53","0","True","False",""
"Porcentagem_Tributos","11","Ptrib_VigenciaInicio","datetime","8","23","3","True","False",""
"Porcentagem_Tributos","12","Ptrib_VigenciaFinal","datetime","8","23","3","True","False",""
"Porcentagem_Tributos","13","Ptrib_Chave","varchar","15","0","0","True","False",""
"Porcentagem_Tributos","14","Ptrib_versao","varchar","15","0","0","False","False",""
"Porcentagem_Tributos","15","Ptrib_descricao","varchar","500","0","0","True","False",""
"Porcentagem_Tributos","16","Ptrib_ex","int","4","10","0","True","False",""
"Porcentagem_Tributos","17","Ptrib_tipo","int","4","10","0","True","False",""
"pos_venda","1","Pve_codigo","float","8","53","0","False","False",""
"pos_venda","2","Pve_tipo","varchar","2","0","0","True","False",""
"pos_venda","3","Pve_cliente","float","8","53","0","True","False",""
"pos_venda","4","usr_cod_criacao","int","4","10","0","True","False",""
"pos_venda","5","usr_dt_hr_criacao","datetime","8","23","3","True","False",""
"pos_venda","6","usr_cod_alteracao","int","4","10","0","True","False",""
"pos_venda","7","usr_dt_hr_alteracao","datetime","8","23","3","True","False",""
"pos_venda","8","Pve_data","datetime","8","23","3","True","False",""
"Pos_venda_det","1","Pvd_codigo","float","8","53","0","False","False",""
"Pos_venda_det","2","Pve_codigo","float","8","53","0","False","False",""
"Pos_venda_det","3","Pvd_data","datetime","8","23","3","True","False",""
"Pos_venda_det","4","Pvd_texto","text","16","0","0","True","False",""
"Pos_venda_det","5","Pvd_tipo","nvarchar","60","0","0","True","False",""
"Pos_venda_det","6","pvd_avulso","float","8","53","0","True","False",""
"Pos_venda_det","7","pvd_orcamento","float","8","53","0","True","False",""
"Pos_venda_det","8","pvd_projeto","float","8","53","0","True","False",""
"Pos_venda_det","9","usr_cod_criacao","int","4","10","0","True","False",""
"Pos_venda_det","10","usr_dt_hr_criacao","datetime","8","23","3","True","False",""
"Pos_venda_det","11","usr_cod_alteracao","int","4","10","0","True","False",""
"Pos_venda_det","12","usr_dt_hr_alteracao","datetime","8","23","3","True","False",""
"Preco_Produto","1","Pre_Codnosso","nvarchar","40","0","0","True","False",""
"Preco_Produto","2","Pre_Acabamento","nvarchar","20","0","0","True","False",""
"Preco_Produto","3","Pre_Codindice","nvarchar","200","0","0","True","False",""
"Preco_Produto","4","Pre_Tabela","money","8","19","4","True","False","(0)"
"Preco_Produto","5","Pre_compra","money","8","19","4","True","False","(0)"
"Preco_Produto","6","Pre_Custo","money","8","19","4","True","False","(0)"
"Preco_Produto","7","Pre_Venda","money","8","19","4","True","False","(0)"
"Preco_Produto","8","Pre_Lucro","money","8","19","4","True","False","(0)"
"Preco_Produto","9","Pre_PorLucro","money","8","19","4","True","False","(0)"
"Preco_Produto","10","Pre_est_min","float","8","53","0","True","False","(0)"
"Preco_Produto","11","Pre_tp_vl","nvarchar","40","0","0","True","False",""
"Preco_Produto","12","usr_cod_criacao","int","4","10","0","True","False",""
"Preco_Produto","13","usr_dt_hr_criacao","smalldatetime","4","16","0","True","False",""
"Preco_Produto","14","usr_cod_alteracao","int","4","10","0","True","False",""
"Preco_Produto","15","usr_dt_hr_alteracao","smalldatetime","4","16","0","True","False",""
"Preco_Produto","16","Pre_Ativo","char","1","0","0","True","False",""
"Preco_Produto","17","pre_codigo","numeric","9","18","0","False","True",""
"Preco_Produto","18","Pre_EstMinCalcular","bit","1","1","0","True","False",""
"Preco_Produto","19","Pre_VlNFor","money","8","19","4","True","False",""
"Preco_Produto","20","Pre_CodBarra","varchar","100","0","0","True","False",""
"Preco_Produto","21","Emp_codigo","int","4","10","0","True","False",""
"Preco_Produto","22","Pre_Fornecedor","int","4","10","0","True","False",""
"Preco_Produto","23","Tam_codigo","float","8","53","0","True","False",""
"Preco_Produto","24","Pre_CodForTamanho","varchar","30","0","0","True","False",""
"Preco_Produto","25","pre_observacao","varchar","300","0","0","True","False",""
"Preco_Produto_Log","1","PreLog_Codnosso","varchar","20","0","0","False","False",""
"Preco_Produto_Log","2","PreLog_Acabamento","nvarchar","20","0","0","False","False",""
"Preco_Produto_Log","3","PreLog_Codindice","nvarchar","200","0","0","True","False",""
"Preco_Produto_Log","4","PreLog_tp_vl","varchar","50","0","0","True","False",""
"Preco_Produto_Log","5","usr_dt_hr_criacao","smalldatetime","4","16","0","True","False",""
"Preco_Produto_Log","6","usr_cod_criacao","int","4","10","0","True","False",""
"Preco_Produto_Log","7","PreLog_Ativo","char","1","0","0","True","False",""
"Preco_Produto_Log","8","PreLog_Tabela","money","8","19","4","True","False","(0)"
"Preco_Produto_Log","9","PreLog_compra","money","8","19","4","True","False","(0)"
"Preco_Produto_Log","10","PreLog_Custo","money","8","19","4","True","False","(0)"
"Preco_Produto_Log","11","PreLog_Venda","money","8","19","4","True","False","(0)"
"Preco_Produto_Log","12","PreLog_Lucro","money","8","19","4","True","False","(0)"
"Preco_Produto_Log","13","PreLog_PorLucro","money","8","19","4","True","False","(0)"
"Preco_Produto_Log","14","PreLog_est_min","float","8","53","0","True","False","(0)"
"Preco_Produto_Log","15","PreLog_VlNFor","money","8","19","4","True","False",""
"Preco_Produto_Log","16","PreLog_CodBarra","varchar","100","0","0","True","False",""
"Preco_Produto_Log","17","PreLog_observacao","varchar","300","0","0","True","False",""
"Produto_Relacionados","1","Pre_Cod_Prod_Pai","nvarchar","40","0","0","False","False",""
"Produto_Relacionados","2","Pre_Cod_Prod_filho","nvarchar","40","0","0","False","False",""
"Produto_Relacionados","3","pre_codigofor_pai","int","4","10","0","False","False","(0)"
"Produto_Relacionados","4","pre_codigofor_filho","int","4","10","0","False","False","(0)"
"Produto_Relacionados","5","pre_quantidade","float","8","53","0","True","False","(0)"
"Produto_Relacionados","6","pre_padrao","nvarchar","2","0","0","True","False",""
"Produto_Relacionados","7","pre_nao_relacionado","nvarchar","2","0","0","True","False",""
"Produto_Relacionados","8","usr_cod_criacao","int","4","10","0","True","False",""
"Produto_Relacionados","9","usr_dt_hr_criacao","smalldatetime","4","16","0","True","False",""
"Produto_Relacionados","10","usr_cod_alteracao","int","4","10","0","True","False",""
"Produto_Relacionados","11","usr_dt_hr_alteracao","smalldatetime","4","16","0","True","False",""
"Produto_Relacionados","12","pre_situacao","varchar","1","0","0","True","False",""
"Produto_Relacionados","13","pre_comissao","float","8","53","0","True","False",""
"Produto_Relacionados","14","Pre_Grupo","int","4","10","0","True","False",""
"produtos","1","Pro_codnosso","nvarchar","40","0","0","False","False",""
"produtos","2","Pro_Codbase","nvarchar","40","0","0","True","False",""
"produtos","3","For_codigo","int","4","10","0","True","False","(0)"
"produtos","4","Pro_tp_produto","varchar","30","0","0","True","False",""
"produtos","5","Pro_tp_peca","varchar","30","0","0","True","False",""
"produtos","6","Pro_descricao","nvarchar","200","0","0","True","False",""
"produtos","7","Pro_descricao_for","nvarchar","200","0","0","True","False",""
"produtos","8","Pro_quant_minima","float","8","53","0","True","False","(0)"
"produtos","9","Pro_foto","nvarchar","200","0","0","True","False",""
"produtos","10","Pro_dt_vigencia","datetime","8","23","3","True","False",""
"produtos","11","Pro_exportado","nvarchar","2","0","0","True","False",""
"produtos","12","Pro_ativo","nvarchar","2","0","0","True","False",""
"produtos","13","Pro_unidade","nvarchar","10","0","0","True","False",""
"produtos","14","Pro_comissao","money","8","19","4","True","False","(0)"
"produtos","15","Pro_lamp_reator","int","4","10","0","True","False","(0)"
"produtos","16","usr_cod_criacao","int","4","10","0","True","False",""
"produtos","17","usr_dt_hr_criacao","datetime","8","23","3","True","False",""
"produtos","18","usr_cod_alteracao","int","4","10","0","True","False",""
"produtos","19","usr_dt_hr_alteracao","datetime","8","23","3","True","False",""
"produtos","20","GrupoProduto_codigo","int","4","10","0","True","False",""
"produtos","21","Pro_CodReduzido","float","8","53","0","True","False",""
"produtos","22","Trib_Codigo","int","4","10","0","True","False",""
"produtos","23","Pro_AliqICMS","float","8","53","0","True","False",""
"produtos","24","Pro_Tensao","float","8","53","0","True","False",""
"produtos","25","Pro_Consumo","float","8","53","0","True","False",""
"produtos","26","Pro_TensaoBi","float","8","53","0","True","False",""
"produtos","27","Pro_VaoLivre","float","8","53","0","True","False",""
"produtos","28","Pro_Angulacao","float","8","53","0","True","False",""
"produtos","29","Pro_Temp_Cor","float","8","53","0","True","False",""
"produtos","30","pro_tempoInstalacao","int","4","10","0","True","False",""
"produtos","31","TpTrib_codigo","varchar","5","0","0","True","False",""
"produtos","32","TpOriPro_codigo","varchar","5","0","0","True","False",""
"produtos","33","Pro_CodEspecial","varchar","21","0","0","True","False",""
"produtos","34","Pro_Ecoreee","float","8","53","0","True","False",""
"produtos","35","pro_NCM","varchar","10","0","0","True","False",""
"produtos","36","Pro_IVA_ST","float","8","53","0","True","False",""
"produtos","37","pro_AliqPIS","float","8","53","0","True","False",""
"produtos","38","pro_AliqIPI","float","8","53","0","True","False",""
"produtos","39","pro_AliqCOFINS","float","8","53","0","True","False",""
"produtos","40","COFINS_codigo","char","2","0","0","True","False",""
"produtos","41","PIS_codigo","char","2","0","0","True","False",""
"produtos","42","IPI_codigo","char","2","0","0","True","False",""
"produtos","43","TbImp_codigo","int","4","10","0","True","False",""
"produtos","44","Pro_DescricaoComplementar","ntext","16","0","0","True","False",""
"produtos","45","Pro_TipoProduto","char","2","0","0","True","False",""
"produtos","46","Pro_GeneroProdServ","char","2","0","0","True","False",""
"produtos","47","Desig_Codigo","numeric","9","18","0","True","False",""
"produtos","48","Marca_Codigo","numeric","9","18","0","True","False",""
"produtos","49","Prod_DescricaoLivre","ntext","16","0","0","True","False",""
"produtos","50","Prod_ExibirSite","bit","1","1","0","True","False",""
"produtos","51","Fab_Codigo","numeric","9","18","0","True","False",""
"produtos","52","Pro_CorteNicho","varchar","20","0","0","True","False",""
"produtos","53","Pro_PesoLiq","float","8","53","0","True","False",""
"produtos","54","Pro_PesoBruto","float","8","53","0","True","False",""
"produtos","55","Pro_DescricaoComplementarFor","varchar","8000","0","0","True","False",""
"produtos","56","Pro_Dimensoes","varchar","50","0","0","True","False",""
"produtos","57","Pro_PrazoEntrega","int","4","10","0","True","False",""
"produtos","58","Pro_UnidadeEntrada","nvarchar","10","0","0","True","False",""
"produtos","59","Pro_QuantEntrada","float","8","53","0","True","False",""
"produtos","60","Pro_QuantSaida","float","8","53","0","True","False",""
"produtos","61","Pro_AlturaProduto","float","8","53","0","True","False",""
"produtos","62","Pro_LarguraProduto","float","8","53","0","True","False",""
"produtos","63","Pro_ComprimentoProduto","float","8","53","0","True","False",""
"produtos","64","Pro_RaioProduto","float","8","53","0","True","False",""
"produtos","65","Pro_AlturaCaixa","float","8","53","0","True","False",""
"produtos","66","Pro_LarguraCaixa","float","8","53","0","True","False",""
"produtos","67","Pro_ComprimentoCaixa","float","8","53","0","True","False",""
"produtos","68","Pro_RaioCaixa","float","8","53","0","True","False",""
"produtos","69","Pro_CEST","varchar","10","0","0","True","False",""
"produtos","70","ClasProd_codigo","int","4","10","0","True","False",""
"produtos","71","Emp_codigo","int","4","10","0","True","False",""
"produtos","72","Pro_Lumen","float","8","53","0","True","False",""
"produtos","73","Pro_NecMontagem","bit","1","1","0","True","False",""
"produtos","74","Pro_AlturaAssento","float","8","53","0","True","False",""
"produtos","75","Pro_PesoSuportado","float","8","53","0","True","False",""
"produtos","76","Pro_Garantia","float","8","53","0","True","False",""
"produtos","77","Pro_QuantPes","int","4","10","0","True","False",""
"produtos","78","Pro_QuantPortas","int","4","10","0","True","False",""
"produtos","79","Pro_QuantGavetas","int","4","10","0","True","False",""
"produtos","80","Pro_QuantPrateleiras","int","4","10","0","True","False",""
"produtos","81","Pro_ComEspelho","bit","1","1","0","True","False",""
"produtos","82","TpLinha_Codigo","float","8","53","0","True","False",""
"produtos","83","Pro_EmpresaCompradora","int","4","10","0","True","False",""
"produtos","84","Pro_ForaLinha","bit","1","1","0","True","False",""
"produtos","85","Pro_ConsultarValor","bit","1","1","0","True","False",""
"produtos","86","Pro_SobreMedida","bit","1","1","0","True","False",""
"ProdutosCaracteristicas","1","ProdCaract_codigo","float","8","53","0","False","False",""
"ProdutosCaracteristicas","2","ProdCaract_CodFornecedor","varchar","10","0","0","True","False",""
"ProdutosCaracteristicas","3","Caract_Codigo","float","8","53","0","True","False",""
"ProdutosCaracteristicas","4","ProdCaract_valor","float","8","53","0","True","False",""
"ProdutosCaracteristicas","5","ProdCaract_Situacao","bit","1","1","0","True","False",""
"ProdutosCaracteristicas","6","ProdCaract_ordem","int","4","10","0","True","False",""
"ProdutosCaracteristicas","7","usr_cod_criacao","int","4","10","0","True","False",""
"ProdutosCaracteristicas","8","usr_dt_hr_criacao","datetime","8","23","3","True","False",""
"ProdutosCaracteristicas","9","usr_cod_alteracao","int","4","10","0","True","False",""
"ProdutosCaracteristicas","10","usr_dt_hr_alteracao","datetime","8","23","3","True","False",""
"ProdutosCaracteristicas","11","Emp_codigo","int","4","10","0","True","False",""
"ProdutosCaracteristicas","12","Pro_codnosso","nvarchar","40","0","0","True","False",""
"ProdutosFornecedores","1","Pro_codnosso","nvarchar","40","0","0","False","False",""
"ProdutosFornecedores","2","For_codigo","int","4","10","0","False","False",""
"ProdutosFornecedores","3","ProdFor_CodigoProduto","nvarchar","120","0","0","True","False",""
"ProdutosFornecedores","4","ProdFor_DescricaoProduto","nvarchar","240","0","0","True","False",""
"ProdutosFornecedores","5","ProdFor_CodigoBarra","nvarchar","120","0","0","True","False",""
"ProdutosFornecedores","6","ProdFor_Situacao","bit","1","1","0","True","False",""
"ProdutosFornecedores","7","ProdFor_Padrao","bit","1","1","0","True","False",""
"ProdutosFornecedores","8","Emp_codigo","int","4","10","0","True","False",""
"ProdutosFornecedores","9","usr_cod_criacao","int","4","10","0","True","False",""
"ProdutosFornecedores","10","usr_dt_hr_criacao","datetime","8","23","3","True","False",""
"ProdutosFornecedores","11","usr_cod_alteracao","int","4","10","0","True","False",""
"ProdutosFornecedores","12","usr_dt_hr_alteracao","datetime","8","23","3","True","False",""
"ProdutosFornecedores","13","ProdFor_DescricaoCompl","varchar","8000","0","0","True","False",""
"ProdutosFornecedores","14","ProdFor_Codigo","int","4","10","0","True","False",""
"ProdutosFornecedores","15","ProdFor_prazo_entrega","int","4","10","0","True","False",""
"ProdutosFornecedores","16","ProdFor_EmbFechada","char","10","0","0","True","False",""
"ProdutosFornecedores","17","ProdFor_QtdeMinEmb","int","4","10","0","True","False",""
"ProdutosFornecedores","18","ProdFor_GTIN","varchar","50","0","0","True","False",""
"ProdutosLocEstoque","1","Pro_codnosso","nvarchar","40","0","0","False","False",""
"ProdutosLocEstoque","2","CodAcabamento","nvarchar","20","0","0","False","False",""
"ProdutosLocEstoque","3","EstTp_Codigo","int","4","10","0","False","False",""
"ProdutosLocEstoque","4","ProdLocEst_Predio","nvarchar","20","0","0","True","False",""
"ProdutosLocEstoque","5","ProdLocEst_Rua","nvarchar","20","0","0","True","False",""
"ProdutosLocEstoque","6","ProdLocEst_Numero","nvarchar","20","0","0","True","False",""
"ProdutosLocEstoque","7","ProdLocEst_Apto","nvarchar","20","0","0","True","False",""
"ProdutosLocEstoque","8","Emp_codigo","int","4","10","0","True","False",""
"ProdutosLocEstoque","9","usr_cod_criacao","int","4","10","0","True","False",""
"ProdutosLocEstoque","10","usr_dt_hr_criacao","datetime","8","23","3","True","False",""
"ProdutosLocEstoque","11","usr_dt_hr_alteracao","datetime","8","23","3","True","False",""
"ProdutosLocEstoque","12","usr_cod_alteracao","int","4","10","0","True","False",""
"ProdutosLocEstoque","13","ProdLocEst_Codigo","int","4","10","0","True","False",""
"ProdutosPromPrioritario","1","ProdProPrio_codigo","float","8","53","0","False","False",""
"ProdutosPromPrioritario","2","ProdProPrio_situacao","bit","1","1","0","True","False",""
"ProdutosPromPrioritario","3","ProdProPrio_descricao","varchar","60","0","0","True","False",""
"ProdutosPromPrioritario","4","ProdProPrio_tipo","char","1","0","0","True","False",""
"ProdutosPromPrioritario","5","ProdProPrio_Modo","char","1","0","0","True","False",""
"ProdutosPromPrioritario","6","ProdProPrio_DataInicial","datetime","8","23","3","True","False",""
"ProdutosPromPrioritario","7","ProdProPrio_DataFinal","datetime","8","23","3","True","False",""
"ProdutosPromPrioritario","8","Emp_codigo","int","4","10","0","True","False",""
"ProdutosPromPrioritario","9","usr_cod_criacao","int","4","10","0","True","False",""
"ProdutosPromPrioritario","10","usr_dt_hr_criacao","datetime","8","23","3","True","False",""
"ProdutosPromPrioritario","11","usr_cod_alteracao","int","4","10","0","True","False",""
"ProdutosPromPrioritario","12","usr_dt_hr_alteracao","datetime","8","23","3","True","False",""
"ProdutosPromPrioritarioDet","1","ProdProPrioDet_codigo","float","8","53","0","False","False",""
"ProdutosPromPrioritarioDet","2","ProdProPrio_codigo","float","8","53","0","True","False",""
"ProdutosPromPrioritarioDet","3","Pro_codnosso","nvarchar","40","0","0","True","False",""
"ProdutosPromPrioritarioDet","4","ProdProPrioDet_Valor","float","8","53","0","True","False",""
"ProdutosPromPrioritarioDet","5","CodAcabamento","nvarchar","20","0","0","True","False",""
"ProdutosPromPrioritarioDet","6","Emp_codigo","int","4","10","0","True","False",""
"ProdutosPromPrioritarioDet","7","usr_cod_criacao","int","4","10","0","True","False",""
"ProdutosPromPrioritarioDet","8","usr_dt_hr_criacao","datetime","8","23","3","True","False",""
"ProdutosPromPrioritarioDet","9","usr_cod_alteracao","int","4","10","0","True","False",""
"ProdutosPromPrioritarioDet","10","usr_dt_hr_alteracao","datetime","8","23","3","True","False",""
"ProdutosRelacionados","1","ProdRel_codigo","float","8","53","0","False","False",""
"ProdutosRelacionados","2","ProdRel_Descricao","varchar","50","0","0","True","False",""
"ProdutosRelacionados","3","ProdRel_Situacao","bit","1","1","0","True","False",""
"ProdutosRelacionados","4","Emp_codigo","int","4","10","0","True","False",""
"ProdutosRelacionados","5","usr_cod_criacao","int","4","10","0","True","False",""
"ProdutosRelacionados","6","usr_dt_hr_criacao","datetime","8","23","3","True","False",""
"ProdutosRelacionados","7","usr_cod_alteracao","int","4","10","0","True","False",""
"ProdutosRelacionados","8","usr_dt_hr_alteracao","datetime","8","23","3","True","False",""
"ProdutosRelacionadosCadProdutos","1","ProdRelCadProd_codigo","float","8","53","0","False","False",""
"ProdutosRelacionadosCadProdutos","2","Pro_codnosso","nvarchar","40","0","0","True","False",""
"ProdutosRelacionadosCadProdutos","3","ProdRel_codigo","float","8","53","0","True","False",""
"ProdutosRelacionadosCadProdutos","4","ProdRelCadProd_situacao","bit","1","1","0","True","False",""
"ProdutosRelacionadosCadProdutos","5","ProdRelCadProd_padrao","bit","1","1","0","True","False",""
"ProdutosRelacionadosCadProdutos","6","Emp_codigo","int","4","10","0","True","False",""
"ProdutosRelacionadosCadProdutos","7","usr_cod_criacao","int","4","10","0","True","False",""
"ProdutosRelacionadosCadProdutos","8","usr_dt_hr_criacao","datetime","8","23","3","True","False",""
"ProdutosRelacionadosCadProdutos","9","usr_cod_alteracao","int","4","10","0","True","False",""
"ProdutosRelacionadosCadProdutos","10","usr_dt_hr_alteracao","datetime","8","23","3","True","False",""
"ProdutosRelacionadosCadProdutosAcab","1","ProdRelCadProdAcab_codigo","float","8","53","0","False","False",""
"ProdutosRelacionadosCadProdutosAcab","2","Pro_codnosso","varchar","20","0","0","True","False",""
"ProdutosRelacionadosCadProdutosAcab","3","CodAcabamento","nvarchar","20","0","0","True","False",""
"ProdutosRelacionadosCadProdutosAcab","4","Tam_codigo","float","8","53","0","True","False",""
"ProdutosRelacionadosCadProdutosAcab","5","ProdRelCadProdAcab_situacao","bit","1","1","0","True","False",""
"ProdutosRelacionadosCadProdutosAcab","6","ProdRelCadProdAcab_padrao","bit","1","1","0","True","False",""
"ProdutosRelacionadosCadProdutosAcab","7","Emp_codigo","int","4","10","0","True","False",""
"ProdutosRelacionadosCadProdutosAcab","8","usr_cod_criacao","int","4","10","0","True","False",""
"ProdutosRelacionadosCadProdutosAcab","9","usr_dt_hr_criacao","datetime","8","23","3","True","False",""
"ProdutosRelacionadosCadProdutosAcab","10","usr_cod_alteracao","int","4","10","0","True","False",""
"ProdutosRelacionadosCadProdutosAcab","11","usr_dt_hr_alteracao","datetime","8","23","3","True","False",""
"ProdutosRelacionadosCadProdutosAcab","12","ProdRel_codigo","float","8","53","0","True","False",""
"ProdutosRelacionadosDet","1","ProdRelDet_Codigo","float","8","53","0","False","False",""
"ProdutosRelacionadosDet","2","ProdRel_codigo","float","8","53","0","True","False",""
"ProdutosRelacionadosDet","3","Pro_codnosso","nvarchar","40","0","0","True","False",""
"ProdutosRelacionadosDet","4","CodAcabamento","nvarchar","20","0","0","True","False",""
"ProdutosRelacionadosDet","5","ProdRelDet_Quantidade","float","8","53","0","True","False",""
"ProdutosRelacionadosDet","6","ProdRelDet_padrao","bit","1","1","0","True","False",""
"ProdutosRelacionadosDet","7","ProdRelDet_NaoRelacionado","bit","1","1","0","True","False",""
"ProdutosRelacionadosDet","8","Emp_codigo","int","4","10","0","True","False",""
"ProdutosRelacionadosDet","9","usr_cod_criacao","int","4","10","0","True","False",""
"ProdutosRelacionadosDet","10","usr_dt_hr_criacao","datetime","8","23","3","True","False",""
"ProdutosRelacionadosDet","11","usr_cod_alteracao","int","4","10","0","True","False",""
"ProdutosRelacionadosDet","12","usr_dt_hr_alteracao","datetime","8","23","3","True","False",""
"ProdutosRelacionadosDet","13","Tam_codigo","float","8","53","0","True","False",""
"ProdutosServiços","1","ProdServ_codigo","float","8","53","0","False","False",""
"ProdutosServiços","2","sev_cod","int","4","10","0","True","False",""
"ProdutosServiços","3","Pro_codnosso","nvarchar","40","0","0","True","False",""
"ProdutosServiços","4","ProdServ_situacao","bit","1","1","0","True","False",""
"ProdutosServiços","5","ProdServ_padrao","bit","1","1","0","True","False",""
"ProdutosServiços","6","ProdServ_Quantidade","float","8","53","0","True","False",""
"ProdutosServiços","7","Emp_codigo","int","4","10","0","True","False",""
"ProdutosServiços","8","usr_cod_criacao","int","4","10","0","True","False",""
"ProdutosServiços","9","usr_dt_hr_criacao","datetime","8","23","3","True","False",""
"ProdutosServiços","10","usr_cod_alteracao","int","4","10","0","True","False",""
"ProdutosServiços","11","usr_dt_hr_alteracao","datetime","8","23","3","True","False",""
"Profissão","1","COD_ATIVID","int","4","10","0","False","False","(0)"
"Profissão","2","NOME_ATIVI","nvarchar","70","0","0","True","False",""
"Profissão","3","usr_cod_criacao","int","4","10","0","True","False",""
"Profissão","4","usr_dt_hr_criacao","smalldatetime","4","16","0","True","False",""
"Profissão","5","usr_cod_alteracao","int","4","10","0","True","False",""
"Profissão","6","usr_dt_hr_alteracao","smalldatetime","4","16","0","True","False",""
"Profissão","7","Prof_situacao","char","1","0","0","True","False",""
"Profissão","8","Emp_codigo","int","4","10","0","True","False",""
"Promocao","1","Prom_Codigo","float","8","53","0","False","False",""
"Promocao","2","Prom_Descricao","nvarchar","120","0","0","True","False",""
"Promocao","3","Prom_DataInicial","datetime","8","23","3","True","False",""
"Promocao","4","Prom_DataFinal","datetime","8","23","3","True","False",""
"Promocao","5","Prom_tipo","nchar","2","0","0","True","False",""
"Promocao","6","Prom_Situacao","bit","1","1","0","True","False",""
"Promocao","7","Emp_codigo","int","4","10","0","True","False",""
"Promocao","8","usr_cod_criacao","int","4","10","0","True","False",""
"Promocao","9","usr_dt_hr_criacao","datetime","8","23","3","True","False",""
"Promocao","10","usr_cod_alteracao","int","4","10","0","True","False",""
"Promocao","11","usr_dt_hr_alteracao","datetime","8","23","3","True","False",""
"Promocao","12","Prom_DescGeral","float","8","53","0","True","False",""
"PromocaoEstoque","1","PromEst_Codigo","float","8","53","0","False","False",""
"PromocaoEstoque","2","Prom_Codigo","float","8","53","0","True","False",""
"PromocaoEstoque","3","Pro_codnosso","nvarchar","40","0","0","True","False",""
"PromocaoEstoque","4","CodAcabamento","nvarchar","20","0","0","True","False",""
"PromocaoEstoque","5","PromEst_QuantCriacao","float","8","53","0","True","False",""
"PromocaoEstoque","6","PromEst_Quantidade","float","8","53","0","True","False",""
"PromocaoEstoque","7","EstTp_Codigo","int","4","10","0","True","False",""
"PromocaoEstoque","8","Emp_codigo","int","4","10","0","True","False",""
"PromocaoEstoque","9","usr_cod_criacao","int","4","10","0","True","False",""
"PromocaoEstoque","10","usr_dt_hr_criacao","datetime","8","23","3","True","False",""
"PromocaoEstoque","11","usr_cod_alteracao","int","4","10","0","True","False",""
"PromocaoEstoque","12","usr_dt_hr_alteracao","datetime","8","23","3","True","False",""
"PromocaoProdutos","1","PromProd_codigo","float","8","53","0","False","False",""
"PromocaoProdutos","2","Prom_Codigo","float","8","53","0","True","False",""
"PromocaoProdutos","3","Pro_codnosso","nvarchar","40","0","0","True","False",""
"PromocaoProdutos","4","CodAcabamento","nvarchar","20","0","0","True","False",""
"PromocaoProdutos","5","PromProd_TerminarEstoque","bit","1","1","0","True","False",""
"PromocaoProdutos","6","Emp_codigo","int","4","10","0","True","False",""
"PromocaoProdutos","7","usr_cod_criacao","int","4","10","0","True","False",""
"PromocaoProdutos","8","usr_dt_hr_criacao","datetime","8","23","3","True","False",""
"PromocaoProdutos","9","usr_cod_alteracao","int","4","10","0","True","False",""
"PromocaoProdutos","10","usr_dt_hr_alteracao","datetime","8","23","3","True","False",""
"PromocaoProdutos","11","PromProd_QuantMinimaCompra","float","8","53","0","True","False",""
"PromocaoProdutos","12","PromProd_VlNormal","float","8","53","0","True","False",""
"PromocaoProdutos","13","PromProd_Vlpromocional","float","8","53","0","True","False",""
"PromocaoProdutos","14","PromProd_desconto","float","8","53","0","True","False",""
"PromocaoProdutos","15","PromProd_LucroBruto","float","8","53","0","True","False",""
"PromocaoProdutos","16","PromProd_LucroLiq","float","8","53","0","True","False",""
"QuadroCargas","1","QCargas_Codigo","float","8","53","0","False","False",""
"QuadroCargas","2","QCargas_Nome","varchar","50","0","0","True","False",""
"QuadroCargas","3","QCargas_Obs","varchar","500","0","0","True","False",""
"QuadroCargas","4","usr_cod_criacao","int","4","10","0","True","False",""
"QuadroCargas","5","usr_dt_hr_criacao","datetime","8","23","3","True","False",""
"QuadroCargas","6","usr_cod_alteracao","int","4","10","0","True","False",""
"QuadroCargas","7","usr_dt_hr_alteracao","datetime","8","23","3","True","False",""
"QuadroCargasProjeto","1","QCargas_Codigo","float","8","53","0","False","False",""
"QuadroCargasProjeto","2","ped_codigo","float","8","53","0","False","False",""
"QuadroCargasProjeto","3","ParSV_serie","char","3","0","0","True","False",""
"QuadroCargasProjeto","4","ven_codigopre","float","8","53","0","True","False",""
"QuadroCargasProjeto","5","Ven_Tipo","char","1","0","0","True","False",""
"RacaCor","1","RacaCor_Codigo","int","4","10","0","False","False",""
"RacaCor","2","RacaCor_Descricao","varchar","50","0","0","True","False",""
"RacaCor","3","RacaCor_Ativo","bit","1","1","0","True","False",""
"RacaCor","4","usr_cod_criacao","int","4","10","0","True","False",""
"RacaCor","5","usr_dt_hr_criacao","datetime","8","23","3","True","False",""
"RacaCor","6","usr_cod_alteracao","int","4","10","0","True","False",""
"RacaCor","7","usr_dt_hr_alteracao","datetime","8","23","3","True","False",""
"Rateio","1","Rateio_Codigo","float","8","53","0","False","False",""
"Rateio","2","Rateio_descricao","varchar","50","0","0","True","False",""
"Rateio","3","Rateio_Situacao","char","1","0","0","True","False",""
"Rateio","4","Rateio_Obs","varchar","2000","0","0","True","False",""
"Rateio","5","Emp_Codigo","int","4","10","0","True","False",""
"Rateio","6","usr_cod_criacao","int","4","10","0","True","False",""
"Rateio","7","usr_dt_hr_criacao","datetime","8","23","3","True","False",""
"Rateio","8","usr_cod_alteracao","int","4","10","0","True","False",""
"Rateio","9","usr_dt_hr_alteracao","datetime","8","23","3","True","False",""
"RateioDet","1","Rateio_Codigo","float","8","53","0","False","False",""
"RateioDet","2","CatRem_Codigo","int","4","10","0","False","False",""
"RateioDet","3","RateioDet_Porcentagem","float","8","53","0","True","False",""
"RateioDet","4","usr_cod_criacao","int","4","10","0","False","False",""
"RateioDet","5","usr_dt_hr_criacao","datetime","8","23","3","True","False",""
"RateioDet","6","usr_cod_alteracao","int","4","10","0","True","False",""
"RateioDet","7","usr_dt_hr_alteracao","datetime","8","23","3","True","False",""
"Regiao","1","Regiao_Codigo","int","4","10","0","False","False",""
"Regiao","2","Regiao_Descricao","varchar","40","0","0","True","False",""
"Regiao","3","Regiao_Situacao","char","1","0","0","True","False",""
"Regiao","4","usr_cod_criacao","int","4","10","0","True","False",""
"Regiao","5","usr_dt_hr_criacao","datetime","8","23","3","True","False",""
"Regiao","6","usr_cod_alteracao","int","4","10","0","True","False",""
"Regiao","7","usr_dt_hr_alteracao","datetime","8","23","3","True","False",""
"Regiao","8","Emp_codigo","int","4","10","0","True","False",""
"RequisicaoEstoq","1","ReqEst_Codigo","float","8","53","0","False","False",""
"RequisicaoEstoq","2","ReqEst_TipoDoc","char","3","0","0","True","False",""
"RequisicaoEstoq","3","ReqEst_NumDoc","int","4","10","0","True","False",""
"RequisicaoEstoq","4","ReqEst_Data","datetime","8","23","3","True","False",""
"RequisicaoEstoq","5","ReqEst_Situacao","char","1","0","0","True","False",""
"RequisicaoEstoq","6","usr_cod_criacao","int","4","10","0","True","False",""
"RequisicaoEstoq","7","usr_dt_hr_criacao","datetime","8","23","3","True","False",""
"RequisicaoEstoq","8","usr_cod_alteracao","int","4","10","0","True","False",""
"RequisicaoEstoq","9","usr_dt_hr_alteracao","datetime","8","23","3","True","False",""
"RequisicaoEstoq","10","ParSV_serie","char","3","0","0","True","False",""
"RequisicaoEstoqProd","1","ReqEst_Codigo","float","8","53","0","False","False",""
"RequisicaoEstoqProd","2","Pro_codnosso","nvarchar","40","0","0","True","False",""
"RequisicaoEstoqProd","3","CodAcabamento","nvarchar","20","0","0","True","False",""
"RequisicaoEstoqProd","4","Ipr_descricao","nvarchar","90","0","0","True","False",""
"RequisicaoEstoqProd","5","ReqEstProd_Quant","float","8","53","0","True","False",""
"RequisicaoEstoqProd","6","CodAmbiente","int","4","10","0","True","False",""
"RequisicaoEstoqProd","7","usr_cod_criacao","int","4","10","0","True","False",""
"RequisicaoEstoqProd","8","usr_dt_hr_criacao","datetime","8","23","3","True","False",""
"RequisicaoEstoqProd","9","usr_cod_alteracao","int","4","10","0","True","False",""
"RequisicaoEstoqProd","10","usr_dt_hr_alteracao","datetime","8","23","3","True","False",""
"Reserva_Estoque","1","Res_Codigo","float","8","53","0","False","False",""
"Reserva_Estoque","2","Res_Ordem","float","8","53","0","True","False",""
"Reserva_Estoque","3","Res_OrdemItem","float","8","53","0","True","False",""
"Reserva_Estoque","4","Res_Projeto","float","8","53","0","True","False",""
"Reserva_Estoque","5","Res_VendaAvulsa","float","8","53","0","True","False",""
"Reserva_Estoque","6","Res_CodigoProduto","varchar","21","0","0","True","False",""
"Reserva_Estoque","7","Res_Acabamento","varchar","5","0","0","True","False",""
"Reserva_Estoque","8","Res_Quantidade","float","8","53","0","True","False",""
"Reserva_Estoque","9","ParSV_serie","char","3","0","0","True","False",""
"Reserva_Estoque","10","Emp_codigo","int","4","10","0","True","False",""
"Reserva_Estoque","11","Tam_codigo","float","8","53","0","True","False",""
"Reserva_tecnica","1","Ret_codigo","float","8","53","0","False","False",""
"Reserva_tecnica","2","Ret_projeto_avulsa","float","8","53","0","True","False",""
"Reserva_tecnica","3","Ret_tipo","nvarchar","30","0","0","True","False",""
"Reserva_tecnica","4","Ret_data","datetime","8","23","3","True","False",""
"Reserva_tecnica","5","Cli_codigo","float","8","53","0","True","False",""
"Reserva_tecnica","6","Ind_codigo","float","8","53","0","True","False",""
"Reserva_tecnica","7","Ret_observacao","text","16","0","0","True","False",""
"Reserva_tecnica","8","Ret_tec_luminaria","float","8","53","0","True","False",""
"Reserva_tecnica","9","Ret_tec_materiais","float","8","53","0","True","False",""
"Reserva_tecnica","10","Ret_tec_servico","float","8","53","0","True","False",""
"Reserva_tecnica","11","Ret_tec_total","float","8","53","0","True","False",""
"Reserva_tecnica","12","Ret_situacao","nvarchar","30","0","0","True","False",""
"Reserva_tecnica","13","usr_cod_criacao","int","4","10","0","True","False",""
"Reserva_tecnica","14","usr_dt_hr_criacao","datetime","8","23","3","True","False",""
"Reserva_tecnica","15","usr_cod_alteracao","int","4","10","0","True","False",""
"Reserva_tecnica","16","usr_dt_hr_alteracao","datetime","8","23","3","True","False",""
"Reserva_tecnica","17","Ret_TpFinanceiro","char","1","0","0","True","False",""
"Reserva_tecnica","18","ParSV_serie","char","3","0","0","True","False",""
"Reserva_tecnica_GrupoProd","1","Ret_codigo","float","8","53","0","False","False",""
"Reserva_tecnica_GrupoProd","2","GrupoProduto_Codigo","int","4","10","0","False","False",""
"Reserva_tecnica_GrupoProd","3","RetGProd_PorcRT","float","8","53","0","False","False",""
"Reserva_tecnica_GrupoProd","4","usr_cod_criacao","int","4","10","0","True","False",""
"Reserva_tecnica_GrupoProd","5","usr_dt_hr_criacao","datetime","8","23","3","True","False",""
"Reserva_tecnica_GrupoProd","6","usr_cod_alteracao","int","4","10","0","True","False",""
"Reserva_tecnica_GrupoProd","7","usr_dt_hr_alteracao","datetime","8","23","3","True","False",""
"Reserva_tecnica_GrupoProd","8","RetGProd_DescPorc","float","8","53","0","True","False",""
"Reserva_tecnica_GrupoProd","9","RetGProd_Operador","varchar","10","0","0","True","False",""
"RTClassTrib","1","RTCST_Codigo","varchar","4","0","0","False","False",""
"RTClassTrib","2","RTClassTrib_Codigo","varchar","7","0","0","False","False",""
"RTClassTrib","3","RTClassTrib_Descricao","varchar","300","0","0","True","False",""
"RTClassTrib","4","RTClassTrib_ReducaoBase","float","8","53","0","True","False",""
"RTClassTrib","5","RTClassTrib_ReducaoAliq","float","8","53","0","True","False",""
"RTClassTrib","6","RTClassTrib_TributRegular","bit","1","1","0","True","False",""
"RTClassTrib","7","RTClassTrib_CredPresumido","bit","1","1","0","True","False",""
"RTClassTrib","8","RTClassTrib_EstornoCredito","bit","1","1","0","True","False",""
"RTClassTrib","9","RTClassTrib_TipoAliq","varchar","100","0","0","True","False",""
"RTCST","1","RTCST_Codigo","varchar","4","0","0","False","False",""
"RTCST","2","RTCST_Descricao","varchar","200","0","0","True","False",""
"RTCST","3","RTCST_Tributacao","bit","1","1","0","True","False",""
"RTCST","4","RTCST_ReducaoBase","bit","1","1","0","True","False",""
"RTCST","5","RTCST_ReducaoAliq","bit","1","1","0","True","False",""
"RTCST","6","RTCST_TransfCredito","bit","1","1","0","True","False",""
"RTCST","7","RTCST_Diferimento","bit","1","1","0","True","False",""
"RTCST","8","RTCST_Monofasica","bit","1","1","0","True","False",""
"RTCST","9","RTCST_CredPresIBSZFM","bit","1","1","0","True","False",""
"RTCST","10","RTCST_AjusteCredito","bit","1","1","0","True","False",""
"Saida_comp_luminaria_det","1","scp_codigo_pre","float","8","53","0","True","False","(0)"
"Saida_comp_luminaria_det","2","sld_item","int","4","10","0","True","False","(0)"
"Saida_comp_luminaria_det","3","Pro_codnosso","nvarchar","40","0","0","True","False",""
"Saida_comp_luminaria_det","4","sld_seq","int","4","10","0","True","False","(0)"
"Saida_comp_luminaria_det","5","sld_seq_item","int","4","10","0","True","False","(0)"
"Saida_comp_luminaria_det","6","sld_produto","nvarchar","200","0","0","True","False",""
"Saida_comp_luminaria_det","7","sld_unidade","nvarchar","10","0","0","True","False",""
"Saida_comp_luminaria_det","8","sld_ambiente","int","4","10","0","True","False","(0)"
"Saida_comp_luminaria_det","9","sld_acabamento","nvarchar","10","0","0","True","False",""
"Saida_comp_luminaria_det","10","sld_quantidade","float","8","53","0","True","False","(0)"
"Saida_comp_luminaria_det","11","sld_vl_unitario","money","8","19","4","True","False","(0)"
"Saida_comp_luminaria_det","12","sld_vl_item","money","8","19","4","True","False","(0)"
"Saida_comp_luminaria_det","13","sld_tp_entrada","nvarchar","2","0","0","True","False",""
"Saida_comp_luminaria_det","14","sld_entrega","bit","1","1","0","True","False",""
"Saida_comp_luminaria_det","15","sld_devolucao","float","8","53","0","True","False","(0)"
"Saida_comp_luminaria_det","16","sld_motivo_dev","int","4","10","0","True","False","(0)"
"Saida_comp_luminaria_det","17","usr_cod_criacao","int","4","10","0","True","False",""
"Saida_comp_luminaria_det","18","usr_dt_hr_criacao","smalldatetime","4","16","0","True","False",""
"Saida_comp_luminaria_det","19","usr_cod_alteracao","int","4","10","0","True","False",""
"Saida_comp_luminaria_det","20","usr_dt_hr_alteracao","smalldatetime","4","16","0","True","False",""
"Saida_comp_luminaria_det","21","sld_codindice","varchar","20","0","0","True","False",""
"Saida_comp_luminaria_det","22","sld_VlImposto","float","8","53","0","True","False",""
"Saida_comp_luminaria_det","23","sld_desconto","float","8","53","0","True","False",""
"Saida_comp_materiais_det","1","scp_codigo_pre","float","8","53","0","True","False","(0)"
"Saida_comp_materiais_det","2","sma_item","int","4","10","0","True","False","(0)"
"Saida_comp_materiais_det","3","Pro_codnosso","nvarchar","40","0","0","True","False",""
"Saida_comp_materiais_det","4","sma_seq","int","4","10","0","True","False","(0)"
"Saida_comp_materiais_det","5","sma_seq_item","int","4","10","0","True","False","(0)"
"Saida_comp_materiais_det","6","sma_produto","nvarchar","200","0","0","True","False",""
"Saida_comp_materiais_det","7","sma_unidade","nvarchar","10","0","0","True","False",""
"Saida_comp_materiais_det","8","sma_ambiente","int","4","10","0","True","False","(0)"
"Saida_comp_materiais_det","9","sma_acabamento","nvarchar","10","0","0","True","False",""
"Saida_comp_materiais_det","10","sma_quantidade","float","8","53","0","True","False","(0)"
"Saida_comp_materiais_det","11","sma_vl_unitario","money","8","19","4","True","False","(0)"
"Saida_comp_materiais_det","12","sma_vl_item","money","8","19","4","True","False","(0)"
"Saida_comp_materiais_det","13","sma_tp_entrada","nvarchar","2","0","0","True","False",""
"Saida_comp_materiais_det","14","sma_entrega","bit","1","1","0","True","False",""
"Saida_comp_materiais_det","15","sma_devolucao","float","8","53","0","True","False","(0)"
"Saida_comp_materiais_det","16","sma_motivo_dev","int","4","10","0","True","False","(0)"
"Saida_comp_materiais_det","17","sma_lum_pai","nvarchar","40","0","0","True","False",""
"Saida_comp_materiais_det","18","sma_item_rel","int","4","10","0","True","False","(0)"
"Saida_comp_materiais_det","19","sma_mat_pai","nvarchar","40","0","0","True","False",""
"Saida_comp_materiais_det","20","sma_item_lum","int","4","10","0","True","False","(0)"
"Saida_comp_materiais_det","21","usr_cod_criacao","int","4","10","0","True","False",""
"Saida_comp_materiais_det","22","usr_dt_hr_criacao","smalldatetime","4","16","0","True","False",""
"Saida_comp_materiais_det","23","usr_cod_alteracao","int","4","10","0","True","False",""
"Saida_comp_materiais_det","24","usr_dt_hr_alteracao","smalldatetime","4","16","0","True","False",""
"Saida_comp_materiais_det","25","sma_codindice","varchar","20","0","0","True","False",""
"Saida_comp_materiais_det","26","sma_VlImposto","float","8","53","0","True","False",""
"Saida_comp_materiais_det","27","sma_desconto","float","8","53","0","True","False",""
"Saida_comp_servico_det","1","Scp_codigo_pre","float","8","53","0","True","False","(0)"
"Saida_comp_servico_det","2","sse_item","int","4","10","0","True","False","(0)"
"Saida_comp_servico_det","3","Sev_cod","int","4","10","0","True","False","(0)"
"Saida_comp_servico_det","4","sse_descricao","nvarchar","120","0","0","True","False",""
"Saida_comp_servico_det","5","sse_ambiente","int","4","10","0","True","False","(0)"
"Saida_comp_servico_det","6","sse_quantidade","float","8","53","0","True","False","(0)"
"Saida_comp_servico_det","7","sse_vl_unitario","money","8","19","4","True","False","(0)"
"Saida_comp_servico_det","8","sse_vl_item","money","8","19","4","True","False","(0)"
"Saida_comp_servico_det","9","usr_cod_criacao","int","4","10","0","True","False",""
"Saida_comp_servico_det","10","usr_dt_hr_criacao","smalldatetime","4","16","0","True","False",""
"Saida_comp_servico_det","11","usr_cod_alteracao","int","4","10","0","True","False",""
"Saida_comp_servico_det","12","usr_dt_hr_alteracao","smalldatetime","4","16","0","True","False",""
"Saida_comp_servico_det","13","sse_vl_eletrecista","float","8","53","0","True","False",""
"Saida_complementacao","1","Scp_codigo","float","8","53","0","True","False","(0)"
"Saida_complementacao","2","Scp_codigo_pre","float","8","53","0","False","False","(0)"
"Saida_complementacao","3","ped_codigo","float","8","53","0","True","False","(0)"
"Saida_complementacao","4","Scp_data","smalldatetime","4","16","0","True","False",""
"Saida_complementacao","5","scp_cliente","nvarchar","90","0","0","True","False",""
"Saida_complementacao","6","scp_tl_luminaria","money","8","19","4","True","False","(0)"
"Saida_complementacao","7","scp_desc_luminaria","money","8","19","4","True","False","(0)"
"Saida_complementacao","8","scp_desc_por_luminaria","money","8","19","4","True","False","(0)"
"Saida_complementacao","9","scp_tl_geral_luminaria","money","8","19","4","True","False","(0)"
"Saida_complementacao","10","scp_tl_materiais","money","8","19","4","True","False","(0)"
"Saida_complementacao","11","scp_desc_materiais","money","8","19","4","True","False","(0)"
"Saida_complementacao","12","scp_desc_por_materiais","money","8","19","4","True","False","(0)"
"Saida_complementacao","13","scp_tl_geral_materiais","money","8","19","4","True","False","(0)"
"Saida_complementacao","14","scp_tl_servico","money","8","19","4","True","False","(0)"
"Saida_complementacao","15","scp_desc_servico","money","8","19","4","True","False","(0)"
"Saida_complementacao","16","scp_desc_por_servico","money","8","19","4","True","False","(0)"
"Saida_complementacao","17","scp_tl_geral_servico","money","8","19","4","True","False","(0)"
"Saida_complementacao","18","scp_tl_saida","money","8","19","4","True","False","(0)"
"Saida_complementacao","19","scp_desc_saida","money","8","19","4","True","False","(0)"
"Saida_complementacao","20","scp_desc_por_saida","money","8","19","4","True","False","(0)"
"Saida_complementacao","21","scp_tl_geral_saida","money","8","19","4","True","False","(0)"
"Saida_complementacao","22","scp_status","nvarchar","2","0","0","True","False",""
"Saida_complementacao","23","usr_cod_criacao","int","4","10","0","True","False",""
"Saida_complementacao","24","usr_dt_hr_criacao","smalldatetime","4","16","0","True","False",""
"Saida_complementacao","25","usr_cod_alteracao","int","4","10","0","True","False",""
"Saida_complementacao","26","usr_dt_hr_alteracao","smalldatetime","4","16","0","True","False",""
"Saida_complementacao","27","cli_codigo","int","4","10","0","True","False",""
"Servicos","1","sev_cod","int","4","10","0","False","False",""
"Servicos","2","Serv_Desc","nvarchar","120","0","0","True","False",""
"Servicos","3","Serv_Pc_Eletricista","money","8","19","4","True","False",""
"Servicos","4","Serv_Preco","money","8","19","4","False","False",""
"Servicos","5","usr_cod_criacao","int","4","10","0","True","False",""
"Servicos","6","usr_dt_hr_criacao","smalldatetime","4","16","0","True","False",""
"Servicos","7","usr_cod_alteracao","int","4","10","0","True","False",""
"Servicos","8","usr_dt_hr_alteracao","smalldatetime","4","16","0","True","False",""
"Servicos","10","Serv_tipo","varchar","12","0","0","True","False",""
"Servicos","11","Serv_situacao","char","1","0","0","True","False",""
"Servicos","12","Serv_tempoInstalacao","int","4","10","0","True","False",""
"Servicos","13","Serv_NFSECodigo","varchar","10","0","0","True","False",""
"Servicos","14","GrupoProduto_codigo","int","4","10","0","True","False",""
"Servicos","15","Emp_codigo","int","4","10","0","True","False",""
"Servicos","16","Serv_NaoAtualizarValor","bit","1","1","0","True","False",""
"Servicos","17","Serv_Entrega","bit","1","1","0","True","False",""
"Setor","1","Setor_codigo","int","4","10","0","False","False",""
"Setor","2","Setor_Nome","varchar","35","0","0","True","False",""
"Setor","3","usr_cod_criacao","int","4","10","0","True","False",""
"Setor","4","usr_dt_hr_criacao","datetime","8","23","3","True","False",""
"Setor","5","usr_cod_alteracao","int","4","10","0","True","False",""
"Setor","6","usr_dt_hr_alteracao","datetime","8","23","3","True","False",""
"Setor","7","Setor_situacao","char","1","0","0","True","False",""
"Setor","8","Emp_codigo","int","4","10","0","True","False",""
"SisBackup","1","ID","numeric","9","18","0","False","False",""
"SisBackup","2","Datahora","datetime","8","23","3","False","False",""
"SisBackup","3","CodUsuario","numeric","9","18","0","True","False",""
"SisBackup","4","NomeArquivo","varchar","100","0","0","True","False",""
"SisBackup","5","local_arquivo","varchar","255","0","0","True","False",""
"Siscontrole","1","Sct_codigo","int","4","10","0","False","False",""
"Siscontrole","2","Sct_texto","text","16","0","0","True","False",""
"Siscontrole","3","Sct_dias","varchar","50","0","0","True","False",""
"Siscontrole","4","Sct_data","varchar","50","0","0","True","False",""
"Siscontrole","5","Sct_valido","varchar","50","0","0","True","False",""
"SisGrupo_Usuario","1","Cod_grupo","int","4","10","0","False","False",""
"SisGrupo_Usuario","2","Descricao","char","25","0","0","True","False",""
"SisGrupo_Usuario","3","SisGru_situacao","char","1","0","0","True","False",""
"SisGrupo_Usuario","4","SisGru_GrupoPrivado","bit","1","1","0","True","False",""
"SisOpcoes","1","id","numeric","9","18","0","False","False",""
"SisOpcoes","2","idPai","numeric","9","18","0","False","False",""
"SisOpcoes","3","Caption","varchar","80","0","0","True","False",""
"SisOpcoes","4","NomeMenu","varchar","100","0","0","True","False",""
"SisOpcoes","5","idApresentacao","numeric","9","18","0","True","False",""
"SisOpcoes","6","SisOpcoes_paises","varchar","50","0","0","True","False",""
"SisOpcoes","7","SisOpcoes_Sistema","varchar","10","0","0","True","False",""
"SisOpcoes","8","MenuWeb","bit","1","1","0","True","False",""
"SisOpcoesEspecial","1","SisOpEsp_Codigo","float","8","53","0","False","False",""
"SisOpcoesEspecial","2","SisOpEsp_Titulo","varchar","40","0","0","True","False",""
"SisOpcoesEspecial","3","SisOpEsp_Descricao","varchar","250","0","0","True","False",""
"SisPermissao","1","id","numeric","9","18","0","False","False",""
"SisPermissao","2","idUsuario","numeric","9","18","0","False","False",""
"SisPermissao","3","idPai","numeric","9","18","0","False","False",""
"SisPermissao","4","Alterar","char","1","0","0","True","False",""
"SisPermissao","5","Excluir","char","1","0","0","True","False",""
"SisPermissao","6","Consultar","char","1","0","0","True","False",""
"SisPermissao","7","Imprimir","char","1","0","0","True","False",""
"SisPermissao","8","Inserir","char","1","0","0","True","False",""
"SisPermissao","9","idApresentacao","numeric","9","18","0","True","False",""
"SisPermissao","10","idGrupo","numeric","9","18","0","True","False",""
"SisPermissao","11","Emp_codigo","varchar","10","0","0","True","False",""
"SisPermissaoEspecial","1","SisPerEsp_Codigo","float","8","53","0","False","False",""
"SisPermissaoEspecial","2","SisOpEsp_Codigo","float","8","53","0","True","False",""
"SisPermissaoEspecial","3","idUsuario","numeric","9","18","0","True","False",""
"SisPermissaoEspecial","4","idGrupo","numeric","9","18","0","True","False",""
"SisPermissaoEspecial","5","SisPerEsp_permissao","bit","1","1","0","True","False",""
"SisPermissaoEspecial","6","Emp_codigo","int","4","10","0","True","False",""
"SisSeqTabela","1","SeqTab_Tabela","varchar","50","0","0","False","False",""
"SisSeqTabela","2","SeqTab_Campo","varchar","50","0","0","False","False",""
"SisSeqTabela","3","SeqTab_Numero","float","8","53","0","True","False",""
"SisSeqTabela","4","Emp_codigo","int","4","10","0","False","False",""
"SisUsuarios","1","Id","numeric","9","18","0","False","False",""
"SisUsuarios","2","Login","varchar","15","0","0","True","False",""
"SisUsuarios","3","Senha","varchar","1000","0","0","True","False",""
"SisUsuarios","4","Nome","varchar","40","0","0","True","False",""
"SisUsuarios","5","Grupo","int","4","10","0","True","False",""
"SisUsuarios","6","Nivel","char","1","0","0","True","False",""
"SisUsuarios","7","SisUsu_situacao","char","1","0","0","True","False",""
"SisUsuarios","8","SisUsu_monitor","char","1","0","0","True","False",""
"SisUsuarios","9","fun_codigo","int","4","10","0","True","False",""
"SisUsuarios","10","SisUsu_EmailPorta","int","4","10","0","True","False",""
"SisUsuarios","11","SisUsu_EmailUsuario","varchar","30","0","0","True","False",""
"SisUsuarios","12","SisUsu_EmailSenha","varchar","30","0","0","True","False",""
"SisUsuarios","13","SisUsu_EmailNome","varchar","30","0","0","True","False",""
"SisUsuarios","14","SisUsu_EmailSMTP","varchar","200","0","0","True","False",""
"SisUsuarios","15","SisUsu_EmailEmail","varchar","200","0","0","True","False",""
"SisUsuarios","16","Emp_codigo","int","4","10","0","True","False",""
"SisUsuarios","17","SisUsu_EmailTLS","bit","1","1","0","True","False",""
"SisUsuarios","18","SisUsu_EmailSSL","bit","1","1","0","True","False",""
"SisUsuarios","19","SisUsu_PDVSangria","bit","1","1","0","True","False",""
"SisUsuarios","20","SisUsu_PDVOperar","bit","1","1","0","True","False",""
"SisUsuarios","21","SisUsu_LiberarSepEnt","bit","1","1","0","True","False",""
"SisUsuarios","22","SisUsu_EnviarEmailEstoque","bit","1","1","0","True","False",""
"SisUsuarios","23","SisUsu_TelefoneWhatsapp","varchar","20","0","0","True","False",""
"SisUsuariosContasBancarias","1","ID","int","4","10","0","False","False",""
"SisUsuariosContasBancarias","2","cba_codigo","int","4","10","0","False","False",""
"SisUsuariosContasBancarias","3","usr_cod_criacao","int","4","10","0","True","False",""
"SisUsuariosContasBancarias","4","usr_dt_hr_criacao","datetime","8","23","3","True","False",""
"SisUsuariosContasBancarias","5","usr_cod_alteracao","int","4","10","0","True","False",""
"SisUsuariosContasBancarias","6","usr_dt_hr_alteracao","datetime","8","23","3","True","False",""
"SisUsuariosContasBancarias","7","Emp_codigo","int","4","10","0","True","False",""
"SisUsuariosEmpresa","1","ID","numeric","9","18","0","False","False",""
"SisUsuariosEmpresa","2","Emp_codigo","int","4","10","0","False","False",""
"SisUsuariosGrid","1","UsuGrid_NomeColuna","varchar","200","0","0","False","False",""
"SisUsuariosGrid","2","UsuGrid_Codigo","float","8","53","0","False","False",""
"SisUsuariosGrid","3","UsuGrid_Grid","varchar","30","0","0","True","False",""
"SisUsuariosGrid","4","usr_cod_criacao","int","4","10","0","True","False",""
"SisUsuariosGrid","5","usr_dt_hr_criacao","datetime","8","23","3","True","False",""
"SisUsuariosGrid","6","UsuGrid_Ordem","int","4","10","0","True","False",""
"SisUsuariosGrid","7","UsuGrid_TamanhoColuna","int","4","10","0","True","False",""
"SisUsuariosGrid","8","emp_codigo","int","4","10","0","True","False",""
"SisUsuariosGrupo","1","SisUsGrupo_codigo","float","8","53","0","False","False",""
"SisUsuariosGrupo","2","id","float","8","53","0","True","False",""
"SisUsuariosGrupo","3","SisUsGrupo_Grupo","int","4","10","0","True","False",""
"SisUsuariosGrupo","4","Emp_codigo","int","4","10","0","True","False",""
"SisVersao","1","banco","int","4","10","0","True","False",""
"SisVersao","2","executavel","float","8","53","0","True","False",""
"SisVersao","3","ajuda","int","4","10","0","True","False",""
"SisVersao","4","relatorio","int","4","10","0","True","False",""
"SisVersao","5","data","datetime","8","23","3","True","False",""
"SPEDBandeiraCartao","1","SPEDBanCartao_Codigo","nvarchar","4","0","0","False","False",""
"SPEDBandeiraCartao","2","SPEDBanCartao_Descricao","nvarchar","100","0","0","True","False",""
"SPEDBandeiraCartao","3","SPEDBanCartao_Situacao","bit","1","1","0","True","False",""
"SPEDFormaPagamento","1","SPEDFormaPag_codigo","nvarchar","4","0","0","False","False",""
"SPEDFormaPagamento","2","SPEDFormaPag_Descricao","nvarchar","100","0","0","True","False",""
"SPEDFormaPagamento","3","SPEDFormaPag_Situacao","bit","1","1","0","True","False",""
"SPEDPRESENCA","1","SPEDPres_codigo","varchar","2","0","0","False","False",""
"SPEDPRESENCA","2","SPEDPres_Descricao","varchar","100","0","0","True","False",""
"SPEDPRESENCA","3","SPEDPres_Situacao","bit","1","1","0","True","False",""
"SPEDTipoFrete","1","SPEDTpFrete_codigo","varchar","2","0","0","False","False",""
"SPEDTipoFrete","2","SPEDTpFrete_Descricao","varchar","100","0","0","True","False",""
"SPEDTipoFrete","3","SPEDTpFrete_Situacao","bit","1","1","0","True","False",""
"SysPaises","1","SysPaises_codigo","int","4","10","0","False","False",""
"SysPaises","2","SysPaises_descricao","varchar","40","0","0","True","False",""
"SysPaises","3","SysPaises_UE","bit","1","1","0","True","False",""
"SysPaises","4","SysPaises_sigla","varchar","5","0","0","True","False",""
"SysPaises","5","SysPaises_FormatoData","varchar","10","0","0","True","False",""
"SysPaises","6","usr_cod_criacao","int","4","10","0","True","False",""
"SysPaises","7","usr_dt_hr_criacao","datetime","8","23","3","True","False",""
"SysPaises","8","usr_cod_alteracao","int","4","10","0","True","False",""
"SysPaises","9","usr_dt_hr_alteracao","datetime","8","23","3","True","False",""
"TabelaImposto","1","TbImp_codigo","int","4","10","0","False","False",""
"TabelaImposto","2","TbImp_descricao","varchar","150","0","0","True","False",""
"TabelaImposto","3","CFOP_codigo","varchar","5","0","0","True","False",""
"TabelaImposto","4","TpOriPro_codigo","varchar","5","0","0","True","False",""
"TabelaImposto","5","TpTrib_codigo","varchar","5","0","0","True","False",""
"TabelaImposto","6","TbImp_TpMdobc","int","4","10","0","True","False",""
"TabelaImposto","7","TbImp_TpMdobcSt","int","4","10","0","True","False",""
"TabelaImposto","8","COFINS_codigo","char","2","0","0","True","False",""
"TabelaImposto","9","IPI_codigo","char","2","0","0","True","False",""
"TabelaImposto","10","PIS_codigo","char","2","0","0","True","False",""
"TabelaImposto","11","TbImp_icms","float","8","53","0","True","False",""
"TabelaImposto","12","TbImp_icmsreducao","float","8","53","0","True","False",""
"TabelaImposto","13","TbImp_icmsst","float","8","53","0","True","False",""
"TabelaImposto","14","TbImp_iva","float","8","53","0","True","False",""
"TabelaImposto","15","TbImp_ipi","float","8","53","0","True","False",""
"TabelaImposto","16","TbImp_pis","float","8","53","0","True","False",""
"TabelaImposto","17","TbImp_cofins","float","8","53","0","True","False",""
"TabelaImposto","18","TbImp_importacao","float","8","53","0","True","False",""
"TabelaImposto","19","TbImp_irrf","float","8","53","0","True","False",""
"TabelaImposto","20","TbImp_csll","float","8","53","0","True","False",""
"TabelaImposto","21","TbImp_issqn","float","8","53","0","True","False",""
"TabelaImposto","22","TbImp_ipisomaicms","bit","1","1","0","True","False",""
"TabelaImposto","23","TbImp_bcsimple","bit","1","1","0","True","False",""
"TabelaImposto","24","TbImp_obs","text","16","0","0","True","False",""
"TabelaImposto","25","TbImp_NaoAltEstoque","bit","1","1","0","True","False",""
"TabelaImposto","26","Emp_codigo","int","4","10","0","True","False",""
"TabelaImposto","27","usr_cod_criacao","int","4","10","0","True","False",""
"TabelaImposto","28","usr_dt_hr_criacao","datetime","8","23","3","True","False",""
"TabelaImposto","29","usr_cod_alteracao","int","4","10","0","True","False",""
"TabelaImposto","30","usr_dt_hr_alteracao","datetime","8","23","3","True","False",""
"TabelaImposto","31","TbImp_CSOSN","int","4","10","0","True","False",""
"TabelaImposto","32","TbImp_CreditoSN","float","8","53","0","True","False",""
"TabelaImposto","33","TbImp_icmsstExterna","float","8","53","0","True","False",""
"TabelaImposto","34","TbImp_consumidorFinal","bit","1","1","0","True","False",""
"TabelaImposto","35","TbImp_NCM","varchar","10","0","0","True","False",""
"TabelaImposto","36","TbImp_Operacao","char","1","0","0","True","False",""
"TabelaImposto","37","TbImp_UF","char","2","0","0","True","False",""
"TabelaImposto","38","TbImp_situacao","bit","1","1","0","True","False",""
"TabelaImposto","39","TbImp_ISSQNTributacao","nvarchar","40","0","0","True","False",""
"TabelaImposto","40","TbImp_ISSQNAliquota","float","8","53","0","True","False",""
"TabelaImposto","41","TbImp_ISSQNMunCodigo","int","4","10","0","True","False",""
"TabelaImposto","42","TbImp_ISSQNMunicipio","varchar","40","0","0","True","False",""
"TabelaImposto","43","TbImp_ISSQNUF","varchar","2","0","0","True","False",""
"TabelaImposto","44","ISSQN_Codigo","int","4","10","0","True","False",""
"TabelaImposto","45","TbImp_isento","bit","1","1","0","True","False",""
"TabelaImposto","46","TpTrib_Pessoa","char","1","0","0","True","False",""
"TabelaImposto","47","TpTrib_CalcularDifal","bit","1","1","0","True","False",""
"TabelaImposto","48","TpTrib_ContribuinteICMS","bit","1","1","0","True","False",""
"TabelaImposto","49","Benf_codigo","varchar","10","0","0","True","False",""
"TabelaImposto","50","CSTIS","varchar","4","0","0","True","False",""
"TabelaImposto","51","cClassTribIS","varchar","7","0","0","True","False",""
"TabelaImposto","52","pIS","float","8","53","0","True","False",""
"TabelaImposto","53","CST","varchar","4","0","0","True","False",""
"TabelaImposto","54","cClassTrib","varchar","7","0","0","True","False",""
"TabelaImposto","55","pIBSUF","float","8","53","0","True","False",""
"TabelaImposto","56","CSTReg","varchar","4","0","0","True","False",""
"TabelaImposto","57","cClassTribReg","varchar","7","0","0","True","False",""
"TabelaImposto","58","pAliqEfetRegIBSUF","float","8","53","0","True","False",""
"TabelaImposto","59","pAliqEfetRegIBSMun","float","8","53","0","True","False",""
"TabelaImposto","60","pAliqEfetRegCBS","float","8","53","0","True","False",""
"TabelaImposto","61","pIBSMun","float","8","53","0","True","False",""
"TabelaImposto","62","pCBS","float","8","53","0","True","False",""
"tamanho","1","Tam_codigo","float","8","53","0","False","False",""
"tamanho","2","Tam_descricao","nvarchar","60","0","0","True","False",""
"tamanho","3","Tam_situacao","bit","1","1","0","True","False",""
"tamanho","4","usr_cod_criacao","int","4","10","0","True","False",""
"tamanho","5","usr_dt_hr_criacao","datetime","8","23","3","True","False",""
"tamanho","6","usr_cod_alteracao","int","4","10","0","True","False",""
"tamanho","7","usr_dt_hr_alteracao","datetime","8","23","3","True","False",""
"tamanho","8","Emp_codigo","int","4","10","0","True","False",""
"tamanho","9","GrupoProduto_Codigo","int","4","10","0","True","False",""
"tamanho","10","tam_CodFor","varchar","30","0","0","True","False",""
"tamanho","11","for_codigo","int","4","10","0","True","False",""
"Texto_Substituicao","1","Tsu_codigo","int","4","10","0","False","False",""
"Texto_Substituicao","2","Tsu_texto","varchar","35","0","0","True","False",""
"Texto_Substituicao","3","Tsu_campo","varchar","35","0","0","True","False",""
"Texto_Substituicao","4","Tsu_tabela","varchar","35","0","0","True","False",""
"Texto_Substituicao","5","Tsu_descricao","varchar","50","0","0","True","False",""
"Texto_Substituicao","6","Tsu_alinhamento","char","1","0","0","True","False",""
"Tipo_documento","1","Tpd_codigo","int","4","10","0","False","False",""
"Tipo_documento","2","Tpd_descricao","varchar","40","0","0","True","False",""
"Tipo_documento","3","Tpd_situacao","char","1","0","0","True","False",""
"Tipo_documento","4","Emp_codigo","int","4","10","0","True","False",""
"Tipo_documento","5","usr_cod_criacao","int","4","10","0","True","False",""
"Tipo_documento","6","usr_dt_hr_criacao","datetime","8","23","3","True","False",""
"Tipo_documento","7","usr_dt_hr_alteracao","datetime","8","23","3","True","False",""
"Tipo_documento","8","usr_cod_alteracao","int","4","10","0","True","False",""
"Tipo_Relatorio","1","TpRel_codigo","int","4","10","0","False","False",""
"Tipo_Relatorio","2","TpRel_relatorio","varchar","255","0","0","True","False",""
"TipoCategoriaVenda","1","TpCatVenda_codigo","int","4","10","0","False","False",""
"TipoCategoriaVenda","2","TpCatVenda_descricao","nvarchar","100","0","0","True","False",""
"TipoCategoriaVenda","3","TpCatVenda_situacao","bit","1","1","0","True","False",""
"TipoCOFINS","1","COFINS_codigo","char","2","0","0","False","False",""
"TipoCOFINS","2","COFINS_descricao","varchar","500","0","0","True","False",""
"TipoCOFINS","3","COFINS_situacao","bit","1","1","0","True","False",""
"TipoCOFINS","4","COFINS_TIPO","char","2","0","0","True","False",""
"TipoContaFinanceira","1","Tcf_codigo","int","4","10","0","False","False",""
"TipoContaFinanceira","2","Tcf_descricao","varchar","50","0","0","True","False",""
"TipoContaFinanceira","3","usr_cod_criacao","int","4","10","0","True","False",""
"TipoContaFinanceira","4","usr_dt_hr_criacao","datetime","8","23","3","True","False",""
"TipoContaFinanceira","5","usr_cod_alteracao","int","4","10","0","True","False",""
"TipoContaFinanceira","6","usr_dt_hr_alteracao","datetime","8","23","3","True","False",""
"TipoCSOSN","1","CSOSN_codigo","int","4","10","0","False","False",""
"TipoCSOSN","2","CSOSN_descricao","varchar","500","0","0","True","False",""
"TipoCSOSN","3","CSOSN_situacao","bit","1","1","0","True","False",""
"TipoExpedicao","1","TpExp_Codigo","int","4","10","0","False","False",""
"TipoExpedicao","2","TpExp_Descricao","varchar","30","0","0","True","False",""
"TipoExpedicao","3","TpExp_Situacao","char","1","0","0","True","False",""
"TipoExpedicao","4","usr_cod_criacao","int","4","10","0","True","False",""
"TipoExpedicao","5","usr_dt_hr_criacao","datetime","8","23","3","True","False",""
"TipoExpedicao","6","usr_cod_alteracao","int","4","10","0","True","False",""
"TipoExpedicao","7","usr_dt_hr_alteracao","datetime","8","23","3","True","False",""
"TipoIPI","1","IPI_codigo","char","2","0","0","False","False",""
"TipoIPI","2","IPI_descricao","varchar","500","0","0","True","False",""
"TipoIPI","3","IPI_situacao","bit","1","1","0","True","False",""
"TipoIPI","4","IPI_TIPO","char","2","0","0","True","False",""
"TipoLinha","1","TpLinha_Codigo","float","8","53","0","False","False",""
"TipoLinha","2","TpLinha_Descricao","varchar","50","0","0","False","False",""
"TipoLinha","3","TpLinha_Situacao","bit","1","1","0","True","False",""
"TipoLinha","4","TpLinha_Sigla","char","5","0","0","True","False",""
"TipoLinha","5","TpPeca_Codigo","varchar","30","0","0","True","False",""
"TipoLinha","6","for_codigo","int","4","10","0","True","False",""
"TipoLinha","7","emp_codigo","int","4","10","0","True","False",""
"TipoLinha","8","usr_cod_criacao","int","4","10","0","True","False",""
"TipoLinha","9","usr_dt_hr_criacao","datetime","8","23","3","True","False",""
"TipoLinha","10","usr_cod_alteracao","int","4","10","0","True","False",""
"TipoLinha","11","usr_dt_hr_alteracao","datetime","8","23","3","True","False",""
"TipoModBaseICMS","1","TpMdoBC_Tipo","char","6","0","0","False","False",""
"TipoModBaseICMS","2","TpMdoBC_Codigo","int","4","10","0","False","False",""
"TipoModBaseICMS","3","TpMdoBC_Descricao","varchar","300","0","0","True","False",""
"TipoMotivo","1","TpMot_codigo","int","4","10","0","False","False",""
"TipoMotivo","2","TpMot_descricao","varchar","50","0","0","True","False",""
"TipoMotivo","3","TpMot_situacao","bit","1","1","0","True","False",""
"TipoMotivo","4","Emp_codigo","int","4","10","0","True","False",""
"TipoMotivo","5","usr_cod_criacao","int","4","10","0","True","False",""
"TipoMotivo","6","usr_dt_hr_criacao","datetime","8","23","3","True","False",""
"TipoMotivo","7","usr_cod_alteracao","int","4","10","0","True","False",""
"TipoMotivo","8","usr_dt_hr_alteracao","datetime","8","23","3","True","False",""
"TipoOrigemProduto","1","TpOriPro_codigo","varchar","5","0","0","False","False",""
"TipoOrigemProduto","2","TpOriPro_Descricao","varchar","200","0","0","True","False",""
"TipoOrigemProduto","3","TpOriPro_Situacao","char","1","0","0","True","False",""
"TipoOrigemProduto","4","Emp_Codigo","int","4","10","0","True","False",""
"TipoOrigemProduto","5","usr_cod_criacao","int","4","10","0","True","False",""
"TipoOrigemProduto","6","usr_dt_hr_criacao","datetime","8","23","3","True","False",""
"TipoOrigemProduto","7","usr_cod_alteracao","int","4","10","0","True","False",""
"TipoOrigemProduto","8","usr_dt_hr_alteracao","datetime","8","23","3","True","False",""
"TipoPeca","1","TpPeca_Codigo","varchar","30","0","0","False","False",""
"TipoPeca","3","TpPeca_Situacao","char","1","0","0","True","False",""
"TipoPeca","4","usr_cod_criacao","int","4","10","0","True","False",""
"TipoPeca","5","usr_dt_hr_criacao","datetime","8","23","3","True","False",""
"TipoPeca","6","usr_cod_alteracao","int","4","10","0","True","False",""
"TipoPeca","7","usr_dt_hr_alteracao","datetime","8","23","3","True","False",""
"TipoPeca","8","GrupoProduto_codigo","int","4","10","0","False","False",""
"TipoPeca","9","TpPeca_Sigla","char","5","0","0","True","False",""
"TipoPeca","10","emp_codigo","int","4","10","0","True","False",""
"TipoPIS","1","PIS_codigo","char","2","0","0","False","False",""
"TipoPIS","2","PIS_descricao","varchar","500","0","0","True","False",""
"TipoPIS","3","PIS_situacao","bit","1","1","0","True","False",""
"TipoPIS","4","PIS_TIPO","char","2","0","0","True","False",""
"TiposContatos","1","TpCont_codigo","int","4","10","0","False","False",""
"TiposContatos","2","TpCont_descricao","nvarchar","100","0","0","True","False",""
"TiposContatos","3","TpCont_situacao","bit","1","1","0","True","False",""
"TiposContatos","4","Emp_codigo","int","4","10","0","True","False",""
"TiposContatos","5","usr_cod_criacao","int","4","10","0","True","False",""
"TiposContatos","6","usr_dt_hr_criacao","datetime","8","23","3","True","False",""
"TiposContatos","7","usr_cod_alteracao","int","4","10","0","True","False",""
"TiposContatos","8","usr_dt_hr_alteracao","datetime","8","23","3","True","False",""
"TipoTributacaoServico","1","TipoTribServ_Codigo","varchar","2","0","0","False","False",""
"TipoTributacaoServico","2","TipoTribServ_Descricao","varchar","50","0","0","True","False",""
"TipoTributadaICMS","1","TpTrib_codigo","varchar","5","0","0","False","False",""
"TipoTributadaICMS","2","TpTrib_Descricao","varchar","100","0","0","True","False",""
"TipoTributadaICMS","3","TpTrib_Situacao","char","1","0","0","True","False",""
"TipoTributadaICMS","4","Emp_Codigo","int","4","10","0","True","False",""
"TipoTributadaICMS","5","usr_cod_criacao","int","4","10","0","True","False",""
"TipoTributadaICMS","6","usr_dt_hr_criacao","datetime","8","23","3","True","False",""
"TipoTributadaICMS","7","usr_cod_alteracao","int","4","10","0","True","False",""
"TipoTributadaICMS","8","usr_dt_hr_alteracao","datetime","8","23","3","True","False",""
"Transferencia","1","Tra_codigo","float","8","53","0","False","False",""
"Transferencia","2","Tra_tipo","nvarchar","4","0","0","True","False",""
"Transferencia","3","Tra_situacao","nvarchar","2","0","0","True","False",""
"Transferencia","4","Emp_codigo","int","4","10","0","True","False",""
"Transferencia","5","Tra_Bcx_origem","int","4","10","0","True","False",""
"Transferencia","6","Tra_Cba_origem","int","4","10","0","True","False",""
"Transferencia","7","Tra_operacao_origem","varchar","8","0","0","True","False",""
"Transferencia","8","Tra_valor_origem","float","8","53","0","True","False",""
"Transferencia","9","Tra_data_origem","datetime","8","23","3","True","False",""
"Transferencia","10","Tra_historico_origem","varchar","255","0","0","True","False",""
"Transferencia","11","Tra_Pco_origem","int","4","10","0","True","False",""
"Transferencia","12","Tra_Cdc_origem","int","4","10","0","True","False",""
"Transferencia","13","Tra_realizado_origem","varchar","15","0","0","True","False",""
"Transferencia","14","Tra_Bcx_destino","int","4","10","0","True","False",""
"Transferencia","15","Tra_Cba_destino","int","4","10","0","True","False",""
"Transferencia","16","Tra_operacao_destino","varchar","8","0","0","True","False",""
"Transferencia","17","Tra_valor_destino","float","8","53","0","True","False",""
"Transferencia","18","Tra_data_destino","datetime","8","23","3","True","False",""
"Transferencia","19","Tra_historico_destino","varchar","255","0","0","True","False",""
"Transferencia","20","Tra_Pco_destino","int","4","10","0","True","False",""
"Transferencia","21","Tra_Cdc_destino","int","4","10","0","True","False",""
"Transferencia","22","Tra_realizado_destino","varchar","15","0","0","True","False",""
"Transferencia","23","Tra_nome_destino","nvarchar","100","0","0","True","False",""
"Transferencia","24","Tra_nome_origem","nvarchar","100","0","0","True","False",""
"Transferencia","25","usr_cod_criacao","int","4","10","0","True","False",""
"Transferencia","26","usr_dt_hr_criacao","datetime","8","23","3","True","False",""
"Transferencia","27","usr_cod_alteracao","int","4","10","0","True","False",""
"Transferencia","28","usr_dt_hr_alteracao","datetime","8","23","3","True","False",""
"Transferencia_filiais","1","Tfi_codigo","float","8","53","0","False","False",""
"Transferencia_filiais","2","Fil_codigo","int","4","10","0","True","False",""
"Transferencia_filiais","3","Tfi_data","datetime","8","23","3","True","False",""
"Transferencia_filiais","4","usr_cod_criacao","int","4","10","0","True","False",""
"Transferencia_filiais","5","usr_dt_hr_criacao","datetime","8","23","3","True","False",""
"Transferencia_filiais","6","usr_cod_alteracao","int","4","10","0","True","False",""
"Transferencia_filiais","7","usr_dt_hr_alteracao","datetime","8","23","3","True","False",""
"Transferencia_filiais_produtos","1","Tfp_codigo","float","8","53","0","False","False",""
"Transferencia_filiais_produtos","2","Tfi_codigo","float","8","53","0","False","False",""
"Transferencia_filiais_produtos","3","Tfp_itens","float","8","53","0","False","False",""
"Transferencia_filiais_produtos","4","Pro_codnosso","nvarchar","40","0","0","False","False",""
"Transferencia_filiais_produtos","5","Tfp_acabamento","nvarchar","10","0","0","True","False",""
"Transferencia_filiais_produtos","6","Tfp_quantidade","float","8","53","0","True","False",""
"Transferencia_filiais_produtos","7","Tfp_vl_unitario","money","8","19","4","True","False",""
"Transferencia_filiais_produtos","8","Tfp_vl_item","money","8","19","4","True","False",""
"Transferencia_filiais_produtos","9","Tfp_tipo","nvarchar","60","0","0","True","False",""
"Transferencia_filiais_produtos","10","usr_cod_criacao","int","4","10","0","True","False",""
"Transferencia_filiais_produtos","11","usr_dt_hr_criacao","datetime","8","23","3","True","False",""
"Transferencia_filiais_produtos","12","usr_cod_alteracao","int","4","10","0","True","False",""
"Transferencia_filiais_produtos","13","usr_dt_hr_alteracao","datetime","8","23","3","True","False",""
"Transferencia_filiais_produtos","14","Tfp_codindice","varchar","20","0","0","True","False",""
"TransferenciaEstoque","1","TransfEst_codigo","float","8","53","0","False","False",""
"TransferenciaEstoque","2","TransfEst_EstSaida","int","4","10","0","True","False",""
"TransferenciaEstoque","3","TransfEst_EstEntrada","int","4","10","0","True","False",""
"TransferenciaEstoque","4","TransfEst_Data","datetime","8","23","3","True","False",""
"TransferenciaEstoque","5","Mod_codigo","int","4","10","0","True","False",""
"TransferenciaEstoque","6","TransfEst_Obs","ntext","16","0","0","True","False",""
"TransferenciaEstoque","7","For_codigo","int","4","10","0","True","False",""
"TransferenciaEstoque","8","TransfEst_situacao","char","1","0","0","True","False",""
"TransferenciaEstoque","9","usr_cod_criacao","int","4","10","0","True","False",""
"TransferenciaEstoque","10","usr_dt_hr_criacao","datetime","8","23","3","True","False",""
"TransferenciaEstoque","11","usr_cod_alteracao","int","4","10","0","True","False",""
"TransferenciaEstoque","12","usr_dt_hr_alteracao","datetime","8","23","3","True","False",""
"TransferenciaEstoque","13","Ven_CodigoPre","float","8","53","0","True","False",""
"TransferenciaEstoque","14","emp_codigo","int","4","10","0","True","False",""
"TransferenciaEstoqueProduto","1","TransfEst_codigo","float","8","53","0","False","False",""
"TransferenciaEstoqueProduto","2","Pro_codnosso","nvarchar","40","0","0","False","False",""
"TransferenciaEstoqueProduto","3","CodAcabamento","nvarchar","20","0","0","False","False",""
"TransferenciaEstoqueProduto","4","TransfEstProd_Quant","float","8","53","0","True","False",""
"TransferenciaEstoqueProduto","5","usr_cod_criacao","int","4","10","0","True","False",""
"TransferenciaEstoqueProduto","6","usr_dt_hr_criacao","datetime","8","23","3","True","False",""
"TransferenciaEstoqueProduto","7","usr_cod_alteracao","int","4","10","0","True","False",""
"TransferenciaEstoqueProduto","8","usr_dt_hr_alteracao","datetime","8","23","3","True","False",""
"TransferenciaEstoqueProduto","9","tam_codigo","float","8","53","0","False","False",""
"TransfIndicacao","1","TransfInd_codigo","float","8","53","0","False","False",""
"TransfIndicacao","2","TransfInd_DaIndicacao","int","4","10","0","True","False",""
"TransfIndicacao","3","TransfInd_ParaIndicacao","int","4","10","0","True","False",""
"TransfIndicacao","4","TransfInd_Data","datetime","8","23","3","True","False",""
"TransfIndicacao","5","TransfInd_Situacao","char","1","0","0","True","False",""
"TransfIndicacao","6","usr_cod_criacao","int","4","10","0","True","False",""
"TransfIndicacao","7","usr_dt_hr_criacao","datetime","8","23","3","True","False",""
"TransfIndicacao","8","usr_cod_alteracao","int","4","10","0","True","False",""
"TransfIndicacao","9","usr_dt_hr_alteracao","datetime","8","23","3","True","False",""
"TransfIndicacaoDet","1","TransfIndDet_codigo","float","8","53","0","False","False",""
"TransfIndicacaoDet","2","TransfInd_codigo","float","8","53","0","True","False",""
"TransfIndicacaoDet","3","TransfIndDet_CodDoc","float","8","53","0","True","False",""
"TransfIndicacaoDet","4","usr_cod_criacao","int","4","10","0","True","False",""
"TransfIndicacaoDet","5","usr_dt_hr_criacao","datetime","8","23","3","True","False",""
"TransfIndicacaoDet","6","usr_cod_alteracao","int","4","10","0","True","False",""
"TransfIndicacaoDet","7","usr_dt_hr_alteracao","datetime","8","23","3","True","False",""
"Transportadora","1","Tra_codigo","int","4","10","0","False","False",""
"Transportadora","2","Tra_cnpj_cpf","nvarchar","28","0","0","True","False",""
"Transportadora","3","Tra_IE","nvarchar","60","0","0","True","False",""
"Transportadora","4","Tra_Nome","nvarchar","80","0","0","True","False",""
"Transportadora","5","Tra_Endereco","nvarchar","100","0","0","True","False",""
"Transportadora","6","Tra_numero","nvarchar","20","0","0","True","False",""
"Transportadora","7","Tra_complemento","nvarchar","40","0","0","True","False",""
"Transportadora","8","Tra_Bairro","nvarchar","50","0","0","True","False",""
"Transportadora","9","Tra_codcidade","int","4","10","0","True","False",""
"Transportadora","10","Tra_Cidade","nvarchar","50","0","0","True","False",""
"Transportadora","11","Tra_UF","nvarchar","4","0","0","True","False",""
"Transportadora","12","Tra_CEP","nvarchar","28","0","0","True","False",""
"Transportadora","13","Tra_fone","nvarchar","44","0","0","True","False",""
"Transportadora","14","Tra_fax","nvarchar","44","0","0","True","False",""
"Transportadora","15","usr_cod_criacao","int","4","10","0","True","False",""
"Transportadora","16","usr_dt_hr_criacao","smalldatetime","4","16","0","True","False",""
"Transportadora","17","usr_cod_alteracao","int","4","10","0","True","False",""
"Transportadora","18","usr_dt_hr_alteracao","smalldatetime","4","16","0","True","False",""
"Transportadora","19","tra_situacao","char","1","0","0","True","False",""
"Transportadora","20","emp_codigo","int","4","10","0","True","False",""
"Tributacao","1","Trib_Codigo","int","4","10","0","False","False",""
"Tributacao","2","Trib_Tipo","varchar","10","0","0","True","False",""
"Tributacao","3","Trib_Descricao","varchar","35","0","0","True","False",""
"Tributacao","4","Trib_CupomFiscal","varchar","3","0","0","True","False",""
"Tributacao","5","SysPaises_codigo","int","4","10","0","True","False",""
"Tributacao","6","Trib_Porcentagem","int","4","10","0","True","False",""
"TributacaoServico","1","TribServ_codigo","float","8","53","0","False","False",""
"TributacaoServico","2","TribServ_descricao","varchar","100","0","0","True","False",""
"TributacaoServico","3","TribServ_Aliquota","float","8","53","0","True","False",""
"TributacaoServico","4","TribServ_Situacao","bit","1","1","0","True","False",""
"TributacaoServico","5","usr_cod_criacao","int","4","10","0","True","False",""
"TributacaoServico","6","usr_dt_hr_criacao","datetime","8","23","3","True","False",""
"TributacaoServico","7","usr_cod_alteracao","int","4","10","0","True","False",""
"TributacaoServico","8","usr_dt_hr_alteracao","datetime","8","23","3","True","False",""
"unidades","1","uni_codigo","nvarchar","10","0","0","False","False",""
"unidades","2","uni_descricao","nvarchar","50","0","0","True","False",""
"unidades","3","uni_situacao","char","1","0","0","True","False",""
"unidades","4","uni_comprimento","bit","1","1","0","True","False",""
"unidades","5","uni_CodigoSped","nvarchar","4","0","0","True","False",""
"unidades","6","Emp_codigo","int","4","10","0","True","False",""
"unidades","7","usr_cod_criacao","int","4","10","0","True","False",""
"unidades","8","usr_dt_hr_criacao","datetime","8","23","3","True","False",""
"unidades","9","usr_dt_hr_alteracao","datetime","8","23","3","True","False",""
"unidades","10","usr_cod_alteracao","int","4","10","0","True","False",""
"Venda","1","Ven_codigo","float","8","53","0","True","False",""
"Venda","2","Ven_Situacao","char","1","0","0","True","False",""
"Venda","3","ParSV_serie","char","3","0","0","True","False",""
"Venda","4","Ven_CodigoPre","float","8","53","0","False","False",""
"Venda","5","Pasta_codigo","float","8","53","0","True","False",""
"Venda","6","Ven_Tipo","char","1","0","0","True","False",""
"Venda","7","Ven_TpVinculo","char","1","0","0","True","False",""
"Venda","8","Ven_CodVinculo","int","4","10","0","True","False",""
"Venda","9","Ven_Orcamento","float","8","53","0","True","False",""
"Venda","10","Ven_DataEmissao","datetime","8","23","3","True","False",""
"Venda","11","Ven_DataValidade","datetime","8","23","3","True","False",""
"Venda","12","Ven_DataFechaVenda","datetime","8","23","3","True","False",""
"Venda","13","Ven_DataConclusao","datetime","8","23","3","True","False",""
"Venda","14","Emp_codigo","int","4","10","0","True","False",""
"Venda","15","Ven_Eletricista","int","4","10","0","True","False",""
"Venda","16","Ven_SubTotal","float","8","53","0","True","False",""
"Venda","17","Ven_AcrescimoPorc","float","8","53","0","True","False",""
"Venda","18","Ven_Acrescimo","float","8","53","0","True","False",""
"Venda","19","Ven_DescontoPorc","float","8","53","0","True","False",""
"Venda","20","Ven_Desconto","float","8","53","0","True","False",""
"Venda","21","Ven_Total","float","8","53","0","True","False",""
"Venda","22","Ven_formaPag","int","4","10","0","True","False",""
"Venda","23","Obr_codigo","float","8","53","0","True","False",""
"Venda","24","Ven_PagReduzido","bit","1","1","0","True","False",""
"Venda","25","Ven_SubTotalProd","float","8","53","0","True","False",""
"Venda","26","Ven_AcrescimoPorcProd","float","8","53","0","True","False",""
"Venda","27","Ven_AcrescimoProd","float","8","53","0","True","False",""
"Venda","28","Ven_DescontoPorcProd","float","8","53","0","True","False",""
"Venda","29","Ven_DescontoProd","float","8","53","0","True","False",""
"Venda","30","Ven_TotalProd","float","8","53","0","True","False",""
"Venda","31","Ven_SubTotalServ","float","8","53","0","True","False",""
"Venda","32","Ven_AcrescimoPorcServ","float","8","53","0","True","False",""
"Venda","33","Ven_AcrescimoServ","float","8","53","0","True","False",""
"Venda","34","Ven_DescontoPorcServ","float","8","53","0","True","False",""
"Venda","35","Ven_DescontoServ","float","8","53","0","True","False",""
"Venda","36","Ven_TotalServ","float","8","53","0","True","False",""
"Venda","37","CatVen_Codigo","int","4","10","0","True","False",""
"Venda","38","Ven_DescGanhoVenda","float","8","53","0","True","False",""
"Venda","39","Ven_AcrescGanhoVenda","float","8","53","0","True","False",""
"Venda","40","Ven_RtAutomatico","bit","1","1","0","True","False",""
"Venda","41","Ven_RtCalcular","bit","1","1","0","True","False",""
"Venda","42","Ven_LimiteDesconto","float","8","53","0","True","False",""
"Venda","43","Ven_Requisicao","bit","1","1","0","True","False",""
"Venda","44","Ven_TipoDesc","char","1","0","0","True","False",""
"Venda","45","par_ParcelarVlAcima","float","8","53","0","True","False",""
"Venda","46","par_VlMinParcela","float","8","53","0","True","False",""
"Venda","47","par_QuantMaxParcela","int","4","10","0","True","False",""
"Venda","48","Ven_TemFinanceiro","bit","1","1","0","True","False",""
"Venda","49","Ven_TemCompra","bit","1","1","0","True","False",""
"Venda","50","Ven_TemEstoque","bit","1","1","0","True","False",""
"Venda","51","cen_codigo","int","4","10","0","True","False",""
"Venda","52","Fun_codigo","int","4","10","0","True","False",""
"Venda","53","Ind_codigo","int","4","10","0","True","False",""
"Venda","54","Ven_FormaPagExtra","varchar","100","0","0","True","False",""
"Venda","55","Ven_Exportacao","bit","1","1","0","True","False",""
"Venda","56","Ven_ValorCredito","float","8","53","0","True","False",""
"Venda","57","Ven_Migrado","bit","1","1","0","True","False",""
"Venda","58","Par_ComissaoVincParc","char","1","0","0","True","False",""
"Venda","59","usr_dt_hr_criacao","datetime","8","23","3","True","False",""
"Venda","60","usr_cod_alteracao","int","4","10","0","True","False",""
"Venda","61","usr_dt_hr_alteracao","datetime","8","23","3","True","False",""
"Venda","62","usr_cod_criacao","int","4","10","0","True","False",""
"Venda","63","Mod_codigo","int","4","10","0","True","False",""
"Venda","64","Ven_formaPagHist","int","4","10","0","True","False",""
"Venda","65","Ven_LimiteDescontoFixo","bit","1","1","0","True","False",""
"Venda","66","Ven_LimiteDescontoFixoFormaPag","bit","1","1","0","True","False",""
"Venda","67","Ven_LimiteDescFixoFormaPagVl","float","8","53","0","True","False",""
"Venda","68","Ven_CupomFiscalDAV","float","8","53","0","True","False",""
"Venda","69","Ven_FixaDescontoComissao","bit","1","1","0","True","False",""
"Venda","70","Ven_ComAmbiente","bit","1","1","0","True","False",""
"Venda","71","Ven_DescricaoVenda","varchar","100","0","0","True","False",""
"Venda","72","Ven_ICMSBase","float","8","53","0","True","False",""
"Venda","73","Ven_ICMSValor","float","8","53","0","True","False",""
"Venda","74","Ven_ICMSSTBase","float","8","53","0","True","False",""
"Venda","75","Ven_ImpostoRetido","float","8","53","0","True","False",""
"Venda","76","Ven_ICMSSTValor","float","8","53","0","True","False",""
"Venda","77","Par_impostofixoRT","float","8","53","0","True","False",""
"Venda","78","Par_impostofixoComissao","float","8","53","0","True","False",""
"Venda","79","TEF_CodFormaPag_Venda","int","4","10","0","True","False",""
"Venda","80","Pco_codigo","int","4","10","0","True","False",""
"Venda","81","Ven_DataEnvioDesm","datetime","8","23","3","True","False",""
"Venda","82","Ven_ValorDIFAL","float","8","53","0","True","False",""
"Venda","83","Ven_ValorFrete","float","8","53","0","True","False",""
"Venda","84","Ven_HabilitarFrete","bit","1","1","0","True","False",""
"Venda","85","Ven_PorcentagemFrete","float","8","53","0","True","False",""
"Venda","86","Ven_LiberaSeparacao","bit","1","1","0","True","False",""
"Venda","87","Ven_LiberaEntrega","bit","1","1","0","True","False",""
"Venda","88","Ven_EnviarEmailEstoque","bit","1","1","0","True","False",""
"Venda","89","Ven_DataPrevEntrega","datetime","8","23","3","True","False",""
"Venda","90","Ven_TipoEntrega","varchar","15","0","0","True","False",""
"Venda_TEF","1","TEF_Cod_Venda","float","8","53","0","False","False",""
"Venda_TEF","2","Cli_codigo","int","4","10","0","True","False",""
"Venda_TEF","3","TEF_FormaPag_Venda","varchar","30","0","0","True","False",""
"Venda_TEF","4","TEF_Total_Venda","money","8","19","4","True","False",""
"Venda_TEF","5","TEF_SITUACAO","varchar","1","0","0","True","False",""
"Venda_TEF","6","TEF_Num_cupom_venda","float","8","53","0","False","False",""
"Venda_TEF","7","Usu_cod","numeric","9","18","0","False","False",""
"Venda_TEF","8","Usu_nome","varchar","40","0","0","False","False",""
"Venda_TEF","9","TEF_Data_Venda","datetime","8","23","3","False","False",""
"Venda_TEF","10","TEF_CodFormaPag_Venda","int","4","10","0","False","False",""
"VendaAmbiente","1","VenAmb_TpDoc","char","3","0","0","False","False",""
"VendaAmbiente","2","VenAmb_NDocPre","float","8","53","0","False","False",""
"VendaAmbiente","3","CodAmbiente","int","4","10","0","False","False",""
"VendaAmbiente","4","Emp_Codigo","int","4","10","0","False","False",""
"VendaAmbiente","5","VenAmb_Descricao","varchar","200","0","0","True","False",""
"VendaAmbiente","6","usr_cod_criacao","int","4","10","0","True","False",""
"VendaAmbiente","7","usr_dt_hr_criacao","datetime","8","23","3","True","False",""
"VendaAmbiente","8","usr_cod_alteracao","int","4","10","0","True","False",""
"VendaAmbiente","9","usr_dt_hr_alteracao","datetime","8","23","3","True","False",""
"VendaAtendente","1","VenAten_TpDoc","char","3","0","0","False","False",""
"VendaAtendente","2","VenAten_NDocPre","float","8","53","0","False","False",""
"VendaAtendente","3","Fun_Codigo","float","8","53","0","False","False",""
"VendaAtendente","4","Emp_Codigo","int","4","10","0","False","False",""
"VendaAtendente","5","VenAten_Porcentagem","float","8","53","0","True","False",""
"VendaAtendente","6","VenAten_Principal","bit","1","1","0","True","False",""
"VendaAtendente","7","usr_cod_criacao","int","4","10","0","True","False",""
"VendaAtendente","8","usr_dt_hr_criacao","datetime","8","23","3","True","False",""
"VendaAtendente","9","usr_cod_alteracao","int","4","10","0","True","False",""
"VendaAtendente","10","usr_dt_hr_alteracao","datetime","8","23","3","True","False",""
"VendaAtendente","11","VenAten_DtVigencia","datetime","8","23","3","True","False",""
"VendaDataEntrega","1","VenDtEnt_codigo","float","8","53","0","False","False",""
"VendaDataEntrega","2","Ven_CodigoPre","float","8","53","0","True","False",""
"VendaDataEntrega","3","Pro_codnosso","nvarchar","40","0","0","True","False",""
"VendaDataEntrega","4","CodAcabamento","nvarchar","20","0","0","True","False",""
"VendaDataEntrega","5","Tam_codigo","float","8","53","0","True","False",""
"VendaDataEntrega","6","CodAmbiente","int","4","10","0","True","False",""
"VendaDataEntrega","7","VenPro_Seq","int","4","10","0","True","False",""
"VendaDataEntrega","8","VenPro_SeqItem","int","4","10","0","True","False",""
"VendaDataEntrega","9","VenDtEnt_data","datetime","8","23","3","True","False",""
"VendaDataEntrega","10","VenDtEnt_quantidade","float","8","53","0","True","False",""
"VendaDataEntrega","11","Emp_codigo","int","4","10","0","True","False",""
"VendaDataEntrega","12","usr_dt_hr_criacao","datetime","8","23","3","True","False",""
"VendaDataEntrega","13","usr_cod_alteracao","int","4","10","0","True","False",""
"VendaDataEntrega","14","usr_dt_hr_alteracao","datetime","8","23","3","True","False",""
"VendaDataEntrega","15","usr_cod_criacao","int","4","10","0","True","False",""
"VendaDataEntrega","16","VenDtEnt_observacao","nvarchar","-1","0","0","True","False",""
"VendaDataEntrega","17","VenDtEnt_EntrEstoque_usuario","int","4","10","0","True","False",""
"VendaDataEntrega","18","VenDtEnt_EntrEstoque_data","datetime","8","23","3","True","False",""
"VendaDataEntrega","19","VenDtEnt_DataPrevEntrega","datetime","8","23","3","True","False",""
"VendaDataEntrega","20","VenDtEnt_HoraChegada","time","5","16","7","True","False",""
"VendaDataEntrega","21","VenDtEnt_HoraSaida","time","5","16","7","True","False",""
"VendaDataRetorno","1","VenDtRet_codigo","float","8","53","0","False","False",""
"VendaDataRetorno","2","Ven_CodigoPre","float","8","53","0","True","False",""
"VendaDataRetorno","3","Pro_codnosso","nvarchar","40","0","0","True","False",""
"VendaDataRetorno","4","CodAcabamento","nvarchar","20","0","0","True","False",""
"VendaDataRetorno","5","Tam_codigo","float","8","53","0","True","False",""
"VendaDataRetorno","6","CodAmbiente","int","4","10","0","True","False",""
"VendaDataRetorno","7","VenPro_Seq","int","4","10","0","True","False",""
"VendaDataRetorno","8","VenPro_SeqItem","int","4","10","0","True","False",""
"VendaDataRetorno","9","VenDtRet_data","datetime","8","23","3","True","False",""
"VendaDataRetorno","10","VenDtRet_quantidade","float","8","53","0","True","False",""
"VendaDataRetorno","11","Emp_codigo","int","4","10","0","True","False",""
"VendaDataRetorno","12","usr_dt_hr_criacao","datetime","8","23","3","True","False",""
"VendaDataRetorno","13","usr_cod_alteracao","int","4","10","0","True","False",""
"VendaDataRetorno","14","usr_dt_hr_alteracao","datetime","8","23","3","True","False",""
"VendaDataRetorno","15","usr_cod_criacao","int","4","10","0","True","False",""
"VendaDataRetorno","16","VenDtRet_observacao","nvarchar","-1","0","0","True","False",""
"VendaDataRetorno","17","VenDtRet_EntrEstoque_usuario","int","4","10","0","True","False",""
"VendaDataRetorno","18","VenDtRet_EntrEstoque_data","datetime","8","23","3","True","False",""
"VendaDataRetorno","19","VenDtRet_DataPrevEntrega","datetime","8","23","3","True","False",""
"VendaDataRetorno","20","VenDtRet_HoraChegada","time","5","16","7","True","False",""
"VendaDataRetorno","21","VenDtRet_HoraSaida","time","5","16","7","True","False",""
"VendaDesconto","1","Ven_CodigoPre","float","8","53","0","False","False",""
"VendaDesconto","2","GrupoProduto_Codigo","int","4","10","0","False","False",""
"VendaDesconto","3","VenDesc_DescontoPorc","float","8","53","0","True","False",""
"VendaDesconto","4","VenDesc_DescontoValor","float","8","53","0","True","False",""
"VendaDesconto","5","Emp_codigo","nchar","20","0","0","True","False",""
"VendaDesconto","6","usr_cod_criacao","int","4","10","0","True","False",""
"VendaDesconto","7","usr_dt_hr_criacao","datetime","8","23","3","True","False",""
"VendaDesconto","8","usr_cod_alteracao","int","4","10","0","True","False",""
"VendaDesconto","9","usr_dt_hr_alteracao","datetime","8","23","3","True","False",""
"VendaDesconto","10","VenDesc_ValorGrupo","float","8","53","0","True","False",""
"VendaDesconto","11","VenDesc_ValorGrupoDesc","float","8","53","0","True","False",""
"VendaDesconto","12","VenDesc_Quantidade","float","8","53","0","True","False",""
"VendaDesconto","13","VenDesc_DescPorcUsuario","float","8","53","0","True","False",""
"VendaEmail","1","VenEmail_Codigo","int","4","10","0","False","True",""
"VendaEmail","2","VenEmail_Usuario","int","4","10","0","True","False",""
"VendaEmail","3","VenEmail_data","datetime","8","23","3","True","False",""
"VendaEmail","4","VenEmail_Rotina","varchar","100","0","0","True","False",""
"VendaEmail","5","usr_cod_criacao","int","4","10","0","True","False",""
"VendaEmail","6","usr_dt_hr_criacao","datetime","8","23","3","True","False",""
"VendaEmail","7","usr_cod_alteracao","int","4","10","0","True","False",""
"VendaEmail","8","usr_dt_hr_alteracao","datetime","8","23","3","True","False",""
"VendaEmail","9","Emp_codigo","int","4","10","0","True","False",""
"VendaEmail","10","VenEmail_email","varchar","150","0","0","True","False",""
"VendaEmail","11","Ven_CodigoPre","float","8","53","0","True","False",""
"VendaEstoque","1","VenEst_Codigo","float","8","53","0","False","False",""
"VendaEstoque","2","Ven_CodigoPre","float","8","53","0","False","False",""
"VendaEstoque","3","CodAmbiente","int","4","10","0","False","False",""
"VendaEstoque","4","VenPro_Item","int","4","10","0","False","False",""
"VendaEstoque","5","Pro_codnosso","nvarchar","40","0","0","False","False",""
"VendaEstoque","6","CodAcabamento","nvarchar","20","0","0","False","False",""
"VendaEstoque","7","VenEst_Quantidade","float","8","53","0","True","False",""
"VendaEstoque","8","EstTp_Codigo","int","4","10","0","False","False",""
"VendaEstoque","9","Emp_codigo","int","4","10","0","False","False",""
"VendaEstoque","10","usr_cod_criacao","int","4","10","0","True","False",""
"VendaEstoque","11","usr_dt_hr_criacao","datetime","8","23","3","True","False",""
"VendaEstoque","12","usr_cod_alteracao","int","4","10","0","True","False",""
"VendaEstoque","13","usr_dt_hr_alteracao","datetime","8","23","3","True","False",""
"VendaEstoqueVendido","1","VenEstVend_Codigo","float","8","53","0","False","False",""
"VendaEstoqueVendido","2","Ven_CodigoPre","float","8","53","0","True","False",""
"VendaEstoqueVendido","3","CodAmbiente","int","4","10","0","True","False",""
"VendaEstoqueVendido","4","VenPro_Item","int","4","10","0","True","False",""
"VendaEstoqueVendido","5","Pro_codnosso","nvarchar","40","0","0","True","False",""
"VendaEstoqueVendido","6","CodAcabamento","nvarchar","20","0","0","True","False",""
"VendaEstoqueVendido","7","VenEstVend_Quantidade","float","8","53","0","True","False",""
"VendaEstoqueVendido","8","Emp_codigo","int","4","10","0","True","False",""
"VendaEstoqueVendido","9","EstTp_Codigo","int","4","10","0","True","False",""
"VendaEstoqueVendido","10","Tam_codigo","float","8","53","0","True","False",""
"VendaEstoqueVendido","11","usr_cod_criacao","int","4","10","0","True","False",""
"VendaEstoqueVendido","12","usr_dt_hr_criacao","datetime","8","23","3","True","False",""
"VendaEstoqueVendido","13","usr_cod_alteracao","int","4","10","0","True","False",""
"VendaEstoqueVendido","14","usr_dt_hr_alteracao","datetime","8","23","3","True","False",""
"VendaIndicacao","1","VenInd_TpDoc","char","3","0","0","False","False",""
"VendaIndicacao","2","VenInd_NDocPre","float","8","53","0","False","False",""
"VendaIndicacao","3","Ind_Codigo","int","4","10","0","False","False",""
"VendaIndicacao","4","Emp_Codigo","int","4","10","0","False","False",""
"VendaIndicacao","5","VenInd_DtVigencia","datetime","8","23","3","True","False",""
"VendaIndicacao","6","VenInd_Porcentagem","float","8","53","0","True","False",""
"VendaIndicacao","7","VenInd_Principal","bit","1","1","0","True","False",""
"VendaIndicacao","8","usr_cod_criacao","int","4","10","0","True","False",""
"VendaIndicacao","9","usr_dt_hr_criacao","datetime","8","23","3","True","False",""
"VendaIndicacao","10","usr_cod_alteracao","int","4","10","0","True","False",""
"VendaIndicacao","11","usr_dt_hr_alteracao","datetime","8","23","3","True","False",""
"VendaIndicacaoGrupProd","1","VenInd_TpDoc","char","3","0","0","False","False",""
"VendaIndicacaoGrupProd","2","VenInd_NDocPre","float","8","53","0","False","False",""
"VendaIndicacaoGrupProd","3","Ind_Codigo","int","4","10","0","False","False",""
"VendaIndicacaoGrupProd","4","Emp_Codigo","int","4","10","0","False","False",""
"VendaIndicacaoGrupProd","5","GrupoProduto_Codigo","int","4","10","0","False","False",""
"VendaIndicacaoGrupProd","6","VenIndGrup_Porc","float","8","53","0","False","False",""
"VendaIndicacaoGrupProd","7","VenIndGrup_DescPorc","float","8","53","0","True","False",""
"VendaIndicacaoGrupProd","8","VenIndGrup_Operador","varchar","10","0","0","True","False",""
"VendaProduto","1","Ven_Codigo","float","8","53","0","True","False",""
"VendaProduto","2","Ven_Tipo","char","1","0","0","True","False",""
"VendaProduto","3","VenPro_Item","int","4","10","0","False","False",""
"VendaProduto","4","Ven_CodigoPre","float","8","53","0","False","False",""
"VendaProduto","5","Pro_codnosso","nvarchar","40","0","0","False","False",""
"VendaProduto","6","CodAcabamento","nvarchar","20","0","0","True","False",""
"VendaProduto","7","CodAmbiente","int","4","10","0","True","False",""
"VendaProduto","8","VenPro_Seq","int","4","10","0","True","False",""
"VendaProduto","9","VenPro_SeqItem","int","4","10","0","True","False",""
"VendaProduto","10","VenPro_Quantidade","float","8","53","0","True","False",""
"VendaProduto","11","VenPro_QuantidadeOriginal","float","8","53","0","True","False",""
"VendaProduto","12","VenPro_VlUnitario","float","8","53","0","True","False",""
"VendaProduto","13","VenPro_VlItem","float","8","53","0","True","False",""
"VendaProduto","14","VenPro_Vldesconto","float","8","53","0","True","False",""
"VendaProduto","15","VenPro_VlDescontoProc","float","8","53","0","True","False",""
"VendaProduto","16","VenPro_Vlimposto","float","8","53","0","True","False",""
"VendaProduto","17","VenPro_ProdutoPai","nvarchar","40","0","0","True","False",""
"VendaProduto","18","VenPro_ProdutoSubPai","nvarchar","40","0","0","True","False",""
"VendaProduto","19","VenPro_ItemPai","int","4","10","0","True","False",""
"VendaProduto","20","VenPro_ItemSubPai","int","4","10","0","True","False",""
"VendaProduto","21","Ven_ValorCredito","float","8","53","0","True","False",""
"VendaProduto","22","pld_codindice","varchar","100","0","0","True","False",""
"VendaProduto","23","usr_dt_hr_criacao","datetime","8","23","3","True","False",""
"VendaProduto","24","usr_cod_alteracao","int","4","10","0","True","False",""
"VendaProduto","25","usr_dt_hr_alteracao","datetime","8","23","3","True","False",""
"VendaProduto","26","usr_cod_criacao","int","4","10","0","True","False",""
"VendaProduto","27","VenPro_PreProduto","varchar","100","0","0","True","False",""
"VendaProduto","28","VenPro_circuito","varchar","10","0","0","True","False",""
"VendaProduto","29","VenPro_DataEntrega","datetime","8","23","3","True","False",""
"VendaProduto","30","VenPro_PreProdFoto","varchar","100","0","0","True","False",""
"VendaProduto","31","VenPro_ICMSBase","float","8","53","0","True","False",""
"VendaProduto","32","VenPro_ICMSValor","float","8","53","0","True","False",""
"VendaProduto","33","VenPro_ICMSSTBase","float","8","53","0","True","False",""
"VendaProduto","34","VenPro_ImpostoRetido","float","8","53","0","True","False",""
"VendaProduto","35","VenPro_ICMSSTValor","float","8","53","0","True","False",""
"VendaProduto","36","TbImp_codigo","int","4","10","0","True","False",""
"VendaProduto","37","CFOP_codigo","varchar","5","0","0","True","False",""
"VendaProduto","38","VenPro_CodigoPre","int","4","10","0","True","False",""
"VendaProduto","39","Emp_codigo","int","4","10","0","True","False",""
"VendaProduto","40","prom_codigo","float","8","53","0","True","False",""
"VendaProduto","41","VenPro_VlPromocao","float","8","53","0","True","False",""
"VendaProduto","42","VenPro_ProcPromocao","float","8","53","0","True","False",""
"VendaProduto","43","VenPro_VlCadastroPromocao","float","8","53","0","True","False",""
"VendaProduto","44","VenPro_codigo","float","8","53","0","False","False",""
"VendaProduto","45","VenPro_tipoprod","char","1","0","0","True","False",""
"VendaProduto","46","tam_codigo","float","8","53","0","True","False",""
"VendaProduto","47","ProdCaract_codigo","float","8","53","0","True","False",""
"VendaProduto","48","VenPro_DataRetornoPrevDesm","datetime","8","23","3","True","False",""
"VendaProduto","49","VenPro_DataEntregaDesm","datetime","8","23","3","True","False",""
"VendaProduto","50","VenPro_ValorDIFAL","float","8","53","0","True","False",""
"VendaProduto","51","VenPro_simbolo","varchar","30","0","0","True","False",""
"VendaProduto","52","VenPro_aplicacao","varchar","200","0","0","True","False",""
"VendaProduto","53","VenPro_Obs","ntext","16","0","0","True","False",""
"VendaServico","1","Ven_codigopre","float","8","53","0","False","False","((0))"
"VendaServico","2","VenSer_item","int","4","10","0","False","False","((0))"
"VendaServico","3","Sev_cod","int","4","10","0","False","False","((0))"
"VendaServico","4","CodAmbiente","int","4","10","0","True","False","((0))"
"VendaServico","5","VenSer_quantidade","float","8","53","0","True","False","((0))"
"VendaServico","6","VenSer_vlunitario","money","8","19","4","True","False","((0))"
"VendaServico","7","VenSer_vlitem","money","8","19","4","True","False","((0))"
"VendaServico","8","VenSer_DescVl","float","8","53","0","True","False",""
"VendaServico","9","VenSer_DescPorc","float","8","53","0","True","False",""
"VendaServico","10","usr_cod_criacao","int","4","10","0","True","False",""
"VendaServico","11","usr_dt_hr_criacao","datetime","8","23","3","True","False",""
"VendaServico","12","usr_cod_alteracao","int","4","10","0","True","False",""
"VendaServico","13","usr_dt_hr_alteracao","datetime","8","23","3","True","False",""
"VendaServico","14","VenSer_VlEletricista","float","8","53","0","True","False",""
"VendaServico","15","ain_codigo","float","8","53","0","True","False",""
"VendaServico","16","Emp_codigo","int","4","10","0","True","False",""
"VendaServico","17","VenSer_Codigo","float","8","53","0","False","False",""
"Whatsapp_Enviado","1","WsEnv_codigo","float","8","53","0","False","False",""
"Whatsapp_Enviado","2","WsEnv_CelularOrigem","varchar","20","0","0","True","False",""
"Whatsapp_Enviado","3","WsEnv_CelularDestino","varchar","20","0","0","True","False",""
"Whatsapp_Enviado","4","WsEnv_CaminhoArquivo","varchar","250","0","0","True","False",""
"Whatsapp_Enviado","5","WsEnv_Tipo","varchar","100","0","0","True","False",""
"Whatsapp_Enviado","6","WsEnv_CodigoVenda","float","8","53","0","True","False",""
"Whatsapp_Enviado","7","WsEnv_PreCodigoVenda","float","8","53","0","True","False",""
"Whatsapp_Enviado","8","WsEnv_Enviado","bit","1","1","0","True","False",""
"Whatsapp_Enviado","9","WsEnv_dt_hr_enviado","datetime","8","23","3","True","False",""
"Whatsapp_Enviado","10","usr_cod_criacao","int","4","10","0","True","False",""
"Whatsapp_Enviado","11","usr_dt_hr_criacao","datetime","8","23","3","True","False",""
"Whatsapp_Enviado","12","Emp_codigo","int","4","10","0","True","False",""
